gene_id,baseline_significant,frac_significant,direction_stability,rank_stability,is_stable
FBgn0000003,False,0.0,0.8571428571428571,0.9473460160883096,True
FBgn0000008,False,0.0,0.7142857142857143,0.83363670170082,True
FBgn0000014,False,0.0,0.5714285714285714,0.8387205683753156,True
FBgn0000015,False,0.0,1.0,0.971801420938289,True
FBgn0000017,False,0.0,1.0,0.9740277533125868,True
FBgn0000018,False,0.0,0.7142857142857143,0.8608909243927739,True
FBgn0000022,False,0.0,0.8571428571428571,0.9650881725480985,True
FBgn0000024,False,0.0,1.0,0.9394731176482102,True
FBgn0000028,False,0.0,1.0,0.9586782925253948,True
FBgn0000032,False,0.0,0.5714285714285714,0.8231460278316012,True
FBgn0000036,False,0.0,0.5714285714285714,0.8768422288767541,True
FBgn0000037,False,0.0,1.0,0.9641731744074531,True
FBgn0000038,False,0.0,,0.9732742254320552,True
FBgn0000039,False,0.0,1.0,0.9586782925253948,True
FBgn0000042,False,0.0,1.0,0.9787250699704461,True
FBgn0000043,False,0.0,1.0,0.995977922611708,True
FBgn0000044,False,0.0,1.0,0.9527626093594034,True
FBgn0000045,False,0.0,0.8571428571428571,0.889397764860157,True
FBgn0000046,False,0.0,1.0,0.9659346681541503,True
FBgn0000047,False,0.0,1.0,0.9441312900005872,True
FBgn0000052,False,0.0,1.0,0.9251071575362574,True
FBgn0000053,False,0.0,1.0,0.9798406826766876,True
FBgn0000054,False,0.0,0.8571428571428571,0.933092595854618,True
FBgn0000055,False,0.0,0.8571428571428571,0.9801636231969154,True
FBgn0000056,False,0.0,,0.9732742254320552,True
FBgn0000057,False,0.0,1.0,0.9337189047423327,True
FBgn0000061,False,0.0,0.7142857142857143,0.8879151742900202,True
FBgn0000063,False,0.0,1.0,0.9796058168437947,True
FBgn0000064,False,0.0,1.0,0.9872291703364453,True
FBgn0000071,True,0.14285714285714285,1.0,0.9999510696181473,False
FBgn0000075,False,0.0,1.0,0.9644276123930872,True
FBgn0000077,False,0.0,0.7142857142857143,0.8692286614604741,True
FBgn0000078,False,0.0,1.0,0.9946861605307968,True
FBgn0000079,False,0.0,1.0,0.9958898479243732,True
FBgn0000083,False,0.0,0.7142857142857143,0.8565067621787721,True
FBgn0000084,False,0.0,0.8571428571428571,0.8725461413500871,True
FBgn0000092,False,0.0,1.0,0.9887851564793612,True
FBgn0000094,False,0.0,1.0,0.9536727144618636,True
FBgn0000097,False,0.0,0.8571428571428571,0.9001233045622689,True
FBgn0000099,False,0.0,0.7142857142857143,0.8877732761826473,True
FBgn0000100,False,0.0,1.0,0.9411758949366841,True
FBgn0000108,False,0.0,1.0,0.9240013309063864,True
FBgn0000109,False,0.0,0.8571428571428571,0.8745718591587889,True
FBgn0000114,False,0.0,0.5714285714285714,0.8004912610338011,True
FBgn0000115,False,0.0,1.0,0.9660423149942262,True
FBgn0000116,False,0.0,1.0,0.999403049341397,True
FBgn0000117,False,0.0,1.0,0.9641144579492298,True
FBgn0000119,False,0.0,1.0,0.9573131348717046,True
FBgn0000120,False,0.0,,0.9732742254320552,True
FBgn0000121,False,0.0,0.7142857142857143,0.8373554107216252,True
FBgn0000137,False,0.0,0.8571428571428571,0.9801636231969154,True
FBgn0000139,False,0.0,1.0,0.9921515667508269,True
FBgn0000140,False,0.0,1.0,0.9197933180670542,True
FBgn0000142,False,0.0,1.0,0.9500322940520228,True
FBgn0000146,False,0.0,1.0,0.9957136985497035,True
FBgn0000147,False,0.0,1.0,0.9924745072710548,True
FBgn0000150,False,0.0,1.0,0.9759751825103243,True
FBgn0000152,False,0.0,1.0,0.9591627033057366,True
FBgn0000153,False,0.0,0.8571428571428571,0.861018143385591,True
FBgn0000157,False,0.0,1.0,0.9728729963008631,True
FBgn0000158,False,0.0,1.0,0.9325543616542383,True
FBgn0000163,False,0.0,0.8571428571428571,0.8942516587399448,True
FBgn0000166,False,0.0,0.7142857142857143,0.7894917111933142,True
FBgn0000171,False,0.0,0.5714285714285714,0.807830818311706,True
FBgn0000173,False,0.0,1.0,0.9665511909654942,True
FBgn0000179,False,0.0,1.0,0.9355489010236235,True
FBgn0000180,False,0.0,1.0,0.9561290196308692,True
FBgn0000181,False,0.0,1.0,0.9703971189791165,True
FBgn0000182,False,0.0,0.7142857142857143,0.8522889632630692,True
FBgn0000183,False,0.0,0.8571428571428571,0.939541620182804,True
FBgn0000206,False,0.0,,0.9732742254320552,True
FBgn0000210,False,0.0,0.8571428571428571,0.8837218405652438,True
FBgn0000212,False,0.0,1.0,0.9643395377057522,True
FBgn0000216,False,0.0,0.8571428571428571,0.9465533439022958,True
FBgn0000221,False,0.0,1.0,0.9722271152604075,True
FBgn0000227,False,0.0,,0.9732742254320552,True
FBgn0000228,False,0.0,0.8571428571428571,0.90775644413129,True
FBgn0000229,False,0.0,0.7142857142857143,0.8301137142074256,True
FBgn0000233,False,0.0,1.0,0.9688607049889417,True
FBgn0000239,False,0.0,0.8571428571428571,0.9195780243869023,True
FBgn0000241,False,0.0,0.5714285714285714,0.7466874131485722,True
FBgn0000242,False,0.0,1.0,0.9616972970857065,True
FBgn0000244,False,0.0,1.0,0.9908402325171746,True
FBgn0000246,False,0.0,0.7142857142857143,0.7772982600356213,True
FBgn0000247,False,0.0,1.0,0.9551014816119625,True
FBgn0000250,False,0.0,0.8571428571428571,0.9293836729101834,True
FBgn0000251,False,0.0,1.0,0.9494940598516431,True
FBgn0000253,False,0.0,0.8571428571428571,0.874464212318713,True
FBgn0000256,False,0.0,1.0,0.9926115123402423,True
FBgn0000257,False,0.0,1.0,0.9248625056269939,True
FBgn0000258,False,0.0,0.5714285714285714,0.6894780106863955,True
FBgn0000259,False,0.0,0.5714285714285714,0.7718669876499716,True
FBgn0000261,False,0.0,1.0,0.95143170297301,True
FBgn0000273,False,0.0,0.7142857142857143,0.8556945178400173,True
FBgn0000274,False,0.0,,0.9732742254320552,True
FBgn0000276,False,0.0,1.0,0.8988511146340986,True
FBgn0000277,False,0.0,0.8571428571428571,0.8608517800872918,True
FBgn0000278,False,0.0,1.0,0.9946861605307968,True
FBgn0000279,False,0.0,1.0,0.9833930283991936,True
FBgn0000280,False,0.0,0.8571428571428571,0.9141271798485116,True
FBgn0000281,False,0.0,0.7142857142857143,0.9063227839430059,True
FBgn0000283,False,0.0,0.8571428571428571,0.9183449787642143,True
FBgn0000286,False,0.0,1.0,0.9950776035856184,True
FBgn0000287,False,0.0,0.5714285714285714,0.8456001800638052,True
FBgn0000289,False,0.0,1.0,0.9694674417239152,True
FBgn0000299,False,0.0,1.0,0.9969956745542442,True
FBgn0000303,False,0.0,1.0,0.9454426242342395,True
FBgn0000307,False,0.0,0.42857142857142855,0.7625114986397354,True
FBgn0000308,False,0.0,0.8571428571428571,0.8804141467520012,True
FBgn0000313,False,0.0,1.0,0.9743115495273325,True
FBgn0000316,False,0.0,0.7142857142857143,0.8536492278785743,True
FBgn0000317,False,0.0,0.7142857142857143,0.8647172802536551,True
FBgn0000318,False,0.0,1.0,0.9758577495938778,True
FBgn0000319,False,0.0,1.0,0.939453545495469,True
FBgn0000320,False,0.0,1.0,0.9123999373691112,True
FBgn0000326,False,0.0,1.0,0.9685279783923434,True
FBgn0000330,False,0.0,1.0,0.9459515002055076,True
FBgn0000337,False,0.0,0.5714285714285714,0.8184682833264831,True
FBgn0000338,False,0.0,1.0,0.9645841896150158,True
FBgn0000339,False,0.0,0.7142857142857143,0.8256121190769772,True
FBgn0000346,False,0.0,1.0,0.9953222554948818,True
FBgn0000351,False,0.0,1.0,0.9760045407394359,True
FBgn0000352,False,0.0,1.0,0.962196386980604,True
FBgn0000355,False,0.0,1.0,0.9810003327265966,True
FBgn0000356,False,0.0,,0.9732742254320552,True
FBgn0000357,False,0.0,1.0,0.9562464525473157,True
FBgn0000358,False,0.0,0.8571428571428571,0.9650881725480985,True
FBgn0000359,False,0.0,1.0,0.9780987610827315,True
FBgn0000360,False,0.0,0.42857142857142855,0.8273736128236745,True
FBgn0000363,False,0.0,0.5714285714285714,0.8426203198089758,True
FBgn0000370,False,0.0,0.5714285714285714,0.8484626074021882,True
FBgn0000376,False,0.0,1.0,0.9413226860822421,True
FBgn0000377,False,0.0,1.0,0.9623823224316442,True
FBgn0000382,False,0.0,0.8571428571428571,0.9105063315914117,True
FBgn0000384,False,0.0,0.8571428571428571,0.8907971737811442,True
FBgn0000392,False,0.0,1.0,0.9958115593134088,True
FBgn0000394,False,0.0,1.0,0.9625878300354256,True
FBgn0000395,False,0.0,1.0,0.9783140547628834,True
FBgn0000404,False,0.0,1.0,0.9595737185132993,True
FBgn0000405,False,0.0,1.0,0.9954201162585873,True
FBgn0000406,False,0.0,1.0,0.9997749202434776,True
FBgn0000409,False,0.0,1.0,0.9302057033253087,True
FBgn0000411,False,0.0,,0.9732742254320552,True
FBgn0000412,False,0.0,1.0,0.9802125535787681,True
FBgn0000413,False,0.0,0.8571428571428571,0.8794159669622061,True
FBgn0000414,False,0.0,1.0,0.9820621220128002,True
FBgn0000416,False,0.0,1.0,0.9939913491084884,True
FBgn0000422,False,0.0,1.0,0.9342179946372301,True
FBgn0000426,False,0.0,1.0,0.9622061730569745,True
FBgn0000427,False,0.0,0.8571428571428571,0.9465533439022958,True
FBgn0000439,False,0.0,,0.9732742254320552,True
FBgn0000442,False,0.0,0.8571428571428571,0.8785743643943398,True
FBgn0000447,False,0.0,1.0,0.99619321629186,True
FBgn0000448,False,0.0,1.0,0.9583406728906112,True
FBgn0000449,False,0.0,,0.9732742254320552,True
FBgn0000451,False,0.0,1.0,0.9623089268588652,True
FBgn0000454,False,0.0,0.7142857142857143,0.844019728729963,True
FBgn0000455,False,0.0,1.0,0.9263010588534633,True
FBgn0000459,False,0.0,1.0,0.9352259605033958,True
FBgn0000463,False,0.0,1.0,0.9322656724013074,True
FBgn0000464,False,0.0,0.5714285714285714,0.8637582447693422,True
FBgn0000472,False,0.0,0.5714285714285714,0.7767893840643532,True
FBgn0000473,False,0.0,0.8571428571428571,0.8479928757364023,True
FBgn0000477,False,0.0,0.8571428571428571,0.8831884994030493,True
FBgn0000479,False,0.0,1.0,0.9710136417904606,True
FBgn0000482,False,0.0,0.42857142857142855,0.8275595482747147,True
FBgn0000489,False,0.0,1.0,0.9604348932339069,True
FBgn0000490,False,0.0,1.0,0.9985027303153073,True
FBgn0000492,False,0.0,1.0,0.9723739064059655,True
FBgn0000497,False,0.0,1.0,0.9888340868612139,True
FBgn0000499,False,0.0,1.0,0.9334938249858101,True
FBgn0000500,False,0.0,1.0,0.9491221889495626,True
FBgn0000504,False,0.0,0.8571428571428571,0.8423952400524534,True
FBgn0000520,False,0.0,1.0,0.8906210244064745,True
FBgn0000524,False,0.0,1.0,0.9887753704029906,True
FBgn0000527,False,0.0,1.0,0.9922885718200145,True
FBgn0000529,False,0.0,0.5714285714285714,0.8705497817704969,True
FBgn0000533,False,0.0,1.0,0.9208697864678136,True
FBgn0000535,False,0.0,1.0,0.9958800618480027,True
FBgn0000536,False,0.0,0.8571428571428571,0.8720666236079306,True
FBgn0000541,False,0.0,0.7142857142857143,0.8106198500773101,True
FBgn0000542,False,0.0,0.8571428571428571,0.8816080480692071,True
FBgn0000543,False,0.0,1.0,0.9470768989881198,True
FBgn0000546,False,0.0,0.8571428571428571,0.9001526627913804,True
FBgn0000547,False,0.0,1.0,0.9934531149081087,True
FBgn0000551,False,0.0,0.5714285714285714,0.8187814377703404,True
FBgn0000552,False,0.0,,0.9732742254320552,True
FBgn0000556,False,0.0,1.0,0.9627541933337248,True
FBgn0000557,False,0.0,1.0,0.9652887871136946,True
FBgn0000559,False,0.0,1.0,0.9415966962206173,True
FBgn0000560,False,0.0,0.8571428571428571,0.9275977139725599,True
FBgn0000562,False,0.0,1.0,0.9551797702229268,True
FBgn0000564,False,0.0,,0.9732742254320552,True
FBgn0000565,False,0.0,1.0,0.9971522517761728,True
FBgn0000566,False,0.0,1.0,0.9580275184467539,True
FBgn0000567,False,0.0,1.0,0.9995694126396962,True
FBgn0000568,False,0.0,0.8571428571428571,0.8749437300608693,True
FBgn0000575,False,0.0,1.0,0.9594660716732234,True
FBgn0000576,False,0.0,,0.9732742254320552,True
FBgn0000577,False,0.0,1.0,0.964642906073239,True
FBgn0000578,False,0.0,1.0,0.9880903450570528,True
FBgn0000579,False,0.0,1.0,0.9926212984166128,True
FBgn0000581,False,0.0,1.0,0.9492494079423796,True
FBgn0000588,False,0.0,1.0,0.9439453545495469,True
FBgn0000591,False,0.0,0.8571428571428571,0.9585461804943926,True
FBgn0000592,False,0.0,0.7142857142857143,0.8380893664494158,True
FBgn0000594,False,0.0,1.0,0.962578043959055,True
FBgn0000606,False,0.0,0.42857142857142855,0.8308868142406984,True
FBgn0000611,False,0.0,1.0,0.9733720861957607,True
FBgn0000615,False,0.0,0.5714285714285714,0.7850684046738301,True
FBgn0000617,False,0.0,1.0,0.9157418824496506,True
FBgn0000618,False,0.0,1.0,0.9772865167439767,True
FBgn0000625,False,0.0,0.8571428571428571,0.9382645372164484,True
FBgn0000629,False,0.0,1.0,0.9369483099446108,True
FBgn0000630,False,0.0,0.42857142857142855,0.7924862505626994,True
FBgn0000633,False,0.0,1.0,0.9973969036854363,True
FBgn0000634,False,0.0,1.0,0.989597400818116,True
FBgn0000635,False,0.0,1.0,0.9778834674025796,True
FBgn0000636,False,0.0,1.0,0.976278550877811,True
FBgn0000639,False,0.0,1.0,0.9453545495469047,True
FBgn0000640,False,0.0,0.5714285714285714,0.8154003483843189,True
FBgn0000644,False,0.0,1.0,0.9815532460415322,True
FBgn0000658,False,0.0,1.0,0.9700154620006655,True
FBgn0000659,False,0.0,1.0,0.977961756013544,True
FBgn0000662,False,0.0,1.0,0.9699665316188127,True
FBgn0000667,False,0.0,0.7142857142857143,0.8341357915957176,True
FBgn0000709,False,0.0,1.0,0.9675689429080304,True
FBgn0000711,False,0.0,0.8571428571428571,0.8998297222711525,True
FBgn0000715,False,0.0,0.8571428571428571,0.9710283209050163,True
FBgn0000719,False,0.0,1.0,0.9379073454289237,True
FBgn0000721,False,0.0,1.0,0.9738613900142876,True
FBgn0000723,False,0.0,0.7142857142857143,0.8821071379641047,True
FBgn0000808,False,0.0,0.8571428571428571,0.8987043234885405,True
FBgn0000810,False,0.0,0.5714285714285714,0.7579316148983226,True
FBgn0000826,False,0.0,1.0,0.9938151997338187,True
FBgn0000927,False,0.0,1.0,0.9398254163975496,True
FBgn0000928,False,0.0,1.0,0.9946763744544262,True
FBgn0000964,False,0.0,0.5714285714285714,0.9041111306832639,True
FBgn0000986,False,0.0,1.0,0.9381715694909283,True
FBgn0000996,False,0.0,1.0,0.9859863386373867,True
FBgn0001075,False,0.0,0.7142857142857143,0.840212945021823,True
FBgn0001077,False,0.0,,0.9732742254320552,True
FBgn0001078,False,0.0,0.8571428571428571,0.885610553304758,True
FBgn0001079,False,0.0,1.0,0.9355293288708825,True
FBgn0001083,False,0.0,1.0,0.9156831659914274,True
FBgn0001084,False,0.0,1.0,0.9842542031198012,True
FBgn0001085,False,0.0,1.0,0.9587419020218033,True
FBgn0001086,False,0.0,1.0,0.9598183704225628,True
FBgn0001087,False,0.0,1.0,0.9598575147280449,True
FBgn0001089,False,0.0,1.0,0.9331121680073591,True
FBgn0001090,False,0.0,1.0,0.9935705478245552,True
FBgn0001091,False,0.0,1.0,0.9964280821247529,True
FBgn0001092,False,0.0,1.0,0.9832658094063766,True
FBgn0001098,False,0.0,1.0,0.9773354471258293,True
FBgn0001099,False,0.0,,0.9732742254320552,True
FBgn0001104,False,0.0,1.0,0.9769244319182667,True
FBgn0001105,False,0.0,1.0,0.9733818722721312,True
FBgn0001108,False,0.0,1.0,0.9605816843794649,True
FBgn0001112,False,0.0,0.8571428571428571,0.9052120642749496,True
FBgn0001114,False,0.0,1.0,0.9940304934139707,True
FBgn0001120,False,0.0,1.0,0.9612079932671794,True
FBgn0001122,False,0.0,1.0,0.9946861605307968,True
FBgn0001123,False,0.0,0.42857142857142855,0.7368230481670679,True
FBgn0001124,False,0.0,1.0,0.9985125163916779,True
FBgn0001125,False,0.0,1.0,0.9369091656391286,True
FBgn0001128,False,0.0,1.0,0.9880512007515707,True
FBgn0001133,False,0.0,0.5714285714285714,0.8119018260818507,True
FBgn0001134,False,0.0,0.8571428571428571,0.8494216428865011,True
FBgn0001137,False,0.0,1.0,0.9995987708688079,True
FBgn0001138,False,0.0,1.0,0.9728729963008631,True
FBgn0001139,False,0.0,1.0,0.9212710155990057,True
FBgn0001142,False,0.0,0.8571428571428571,0.8686806411837238,True
FBgn0001145,False,0.0,1.0,0.9268784373593252,True
FBgn0001147,False,0.0,0.8571428571428571,0.9585461804943926,True
FBgn0001148,False,0.0,,0.9732742254320552,True
FBgn0001149,False,0.0,0.5714285714285714,0.87386726166011,True
FBgn0001150,False,0.0,1.0,0.9630967060066937,True
FBgn0001168,False,0.0,0.8571428571428571,0.8864227976435128,True
FBgn0001169,False,0.0,0.7142857142857143,0.8883897989939914,True
FBgn0001170,False,0.0,0.8571428571428571,0.9081674593388527,True
FBgn0001174,False,0.0,0.8571428571428571,0.9352895699998043,True
FBgn0001179,False,0.0,1.0,0.9902726400876832,True
FBgn0001180,False,0.0,1.0,0.982003405554577,True
FBgn0001185,False,0.0,0.8571428571428571,0.8975104221713346,True
FBgn0001186,False,0.0,1.0,0.9645352592331631,True
FBgn0001187,False,0.0,0.8571428571428571,0.850018593545104,True
FBgn0001189,False,0.0,1.0,0.9833440980173409,True
FBgn0001197,False,0.0,1.0,0.9946078719198325,True
FBgn0001202,False,0.0,0.5714285714285714,0.8537373025659092,True
FBgn0001203,False,0.0,0.8571428571428571,0.8916974928072339,True
FBgn0001205,False,0.0,0.8571428571428571,0.8731333059323195,True
FBgn0001206,False,0.0,1.0,0.9972696846926193,True
FBgn0001208,False,0.0,1.0,0.958154737439571,True
FBgn0001215,False,0.0,1.0,0.9624703971189791,True
FBgn0001216,False,0.0,1.0,0.9580666627522362,True
FBgn0001217,False,0.0,0.7142857142857143,0.8457812224766602,True
FBgn0001218,False,0.0,0.8571428571428571,0.9101148885365902,True
FBgn0001219,False,0.0,1.0,0.9482022977707318,True
FBgn0001220,False,0.0,1.0,0.9654649364883643,True
FBgn0001222,False,0.0,0.8571428571428571,0.9409899594856438,True
FBgn0001223,False,0.0,,0.9732742254320552,True
FBgn0001224,True,0.0,1.0,0.9997553480907365,False
FBgn0001225,True,0.0,1.0,0.9997064177088838,False
FBgn0001226,False,0.0,1.0,0.9999314974654062,True
FBgn0001227,False,0.0,1.0,0.977257158514865,True
FBgn0001228,False,0.0,,0.9732742254320552,True
FBgn0001229,False,0.0,1.0,0.9195682383105318,True
FBgn0001230,False,0.0,1.0,0.9396590530992504,True
FBgn0001233,False,0.0,1.0,0.9776779597987982,True
FBgn0001234,False,0.0,1.0,0.935519542794512,True
FBgn0001235,False,0.0,0.8571428571428571,0.9141271798485116,True
FBgn0001247,False,0.0,1.0,0.9834126005519347,True
FBgn0001248,False,0.0,1.0,0.9636349402070734,True
FBgn0001250,False,0.0,0.7142857142857143,0.8524357544086274,True
FBgn0001253,False,0.0,0.7142857142857143,0.8423658818233417,True
FBgn0001254,False,0.0,0.8571428571428571,0.9017526862779637,True
FBgn0001255,False,0.0,0.7142857142857143,0.8020178889476053,True
FBgn0001256,False,0.0,1.0,0.9708717436830877,True
FBgn0001257,False,0.0,1.0,0.9975828391364766,True
FBgn0001258,False,0.0,1.0,0.9992268999667273,True
FBgn0001259,False,0.0,1.0,0.9185015559861429,True
FBgn0001263,False,0.0,1.0,0.9483588749926605,True
FBgn0001269,False,0.0,0.8571428571428571,0.9801636231969154,True
FBgn0001276,False,0.0,0.2857142857142857,0.7828078210322353,True
FBgn0001280,False,0.0,1.0,0.9692325758910223,True
FBgn0001281,False,0.0,0.5714285714285714,0.9076732624821404,True
FBgn0001285,False,0.0,,0.9732742254320552,True
FBgn0001291,False,0.0,0.8571428571428571,0.9292466678409959,True
FBgn0001296,False,0.0,0.7142857142857143,0.7980741001702778,True
FBgn0001297,False,0.0,1.0,0.991681835085041,True
FBgn0001301,False,0.0,1.0,0.9692032176619106,True
FBgn0001308,False,0.0,1.0,0.9336601882841093,True
FBgn0001311,False,0.0,1.0,0.9851349499931498,True
FBgn0001313,False,0.0,,0.9732742254320552,True
FBgn0001314,False,0.0,,0.9732742254320552,True
FBgn0001315,False,0.0,,0.9732742254320552,True
FBgn0001316,False,0.0,1.0,0.9711995772415007,True
FBgn0001319,False,0.0,0.7142857142857143,0.893331767561114,True
FBgn0001320,False,0.0,,0.9732742254320552,True
FBgn0001321,False,0.0,1.0,0.9399917796958487,True
FBgn0001323,False,0.0,0.42857142857142855,0.8972755563384417,True
FBgn0001324,False,0.0,0.5714285714285714,0.866292838549312,True
FBgn0001325,False,0.0,1.0,0.9354950776035856,True
FBgn0001330,False,0.0,1.0,0.9581743095923121,True
FBgn0001332,False,0.0,1.0,0.9973969036854363,True
FBgn0001337,False,0.0,1.0,0.9799972598986163,True
FBgn0001341,False,0.0,0.42857142857142855,0.7947370481279236,True
FBgn0001404,False,0.0,1.0,0.9715420899144697,True
FBgn0001491,False,0.0,0.5714285714285714,0.8063139764742724,True
FBgn0001560,False,0.0,,0.9732742254320552,True
FBgn0001565,False,0.0,1.0,0.9469007496134499,True
FBgn0001612,False,0.0,1.0,0.9649952048225784,True
FBgn0001624,False,0.0,1.0,0.9810150118411524,True
FBgn0001941,False,0.0,1.0,0.9694870138766563,True
FBgn0001942,False,0.0,1.0,0.9562562386236862,True
FBgn0001961,False,0.0,0.5714285714285714,0.7895210694224257,True
FBgn0001965,False,0.0,0.7142857142857143,0.887949425557317,True
FBgn0001967,False,0.0,1.0,0.998023212573151,True
FBgn0001970,False,0.0,1.0,0.9515980662713092,True
FBgn0001974,False,0.0,0.5714285714285714,0.8618401738007163,True
FBgn0001977,False,0.0,1.0,0.9959094200771142,True
FBgn0001978,False,0.0,1.0,0.9257921828821952,True
FBgn0001981,False,0.0,1.0,0.9379758479635175,True
FBgn0001983,False,0.0,,0.9732742254320552,True
FBgn0001986,False,0.0,1.0,0.963302213610475,True
FBgn0001987,False,0.0,1.0,0.9829624410388899,True
FBgn0001989,False,0.0,1.0,0.9668643454093516,True
FBgn0001990,False,0.0,1.0,0.9670209226312803,True
FBgn0001991,False,0.0,1.0,0.962685690799131,True
FBgn0001992,False,0.0,1.0,0.9227095688254752,True
FBgn0001994,False,0.0,0.8571428571428571,0.8953770575225569,True
FBgn0001995,False,0.0,0.42857142857142855,0.8361223650989372,True
FBgn0002021,False,0.0,1.0,0.9783825572974771,True
FBgn0002022,False,0.0,0.8571428571428571,0.9139803887029534,True
FBgn0002023,False,0.0,0.8571428571428571,0.8778991251247725,True
FBgn0002031,False,0.0,1.0,0.9665414048891238,True
FBgn0002036,False,0.0,0.8571428571428571,0.8778110504374376,True
FBgn0002044,False,0.0,0.8571428571428571,0.9299512653396748,True
FBgn0002069,False,0.0,1.0,0.9604838236157595,True
FBgn0002121,False,0.0,1.0,0.9486622433601472,True
FBgn0002174,False,0.0,0.5714285714285714,0.783708140058325,True
FBgn0002183,False,0.0,0.8571428571428571,0.9326424363415732,True
FBgn0002283,False,0.0,0.7142857142857143,0.8647466384827667,True
FBgn0002284,False,0.0,1.0,0.9794590256982365,True
FBgn0002306,False,0.0,0.7142857142857143,0.78089953613998,True
FBgn0002354,False,0.0,1.0,0.9192061534848218,True
FBgn0002413,False,0.0,0.7142857142857143,0.9104084708277064,True
FBgn0002431,False,0.0,0.8571428571428571,0.8813633961599436,True
FBgn0002440,False,0.0,1.0,0.9146458418961502,True
FBgn0002441,False,0.0,0.8571428571428571,0.9472921926682716,True
FBgn0002466,False,0.0,1.0,0.9574403538645215,True
FBgn0002521,False,0.0,0.5714285714285714,0.7005949934433288,True
FBgn0002522,False,0.0,1.0,0.9667028751492377,True
FBgn0002524,False,0.0,0.5714285714285714,0.8677901082340047,True
FBgn0002525,False,0.0,1.0,0.9618245160785235,True
FBgn0002526,False,0.0,1.0,0.941880492435363,True
FBgn0002527,False,0.0,1.0,0.9989431037519817,True
FBgn0002528,False,0.0,1.0,0.9334253224512165,True
FBgn0002531,False,0.0,0.8571428571428571,0.9036365059792927,True
FBgn0002533,False,0.0,0.8571428571428571,0.9801636231969154,True
FBgn0002534,False,0.0,0.5714285714285714,0.8505861859745953,True
FBgn0002535,False,0.0,0.5714285714285714,0.8690035817039516,True
FBgn0002542,False,0.0,1.0,0.9667566985692756,True
FBgn0002543,False,0.0,1.0,0.9972696846926193,True
FBgn0002552,False,0.0,0.5714285714285714,0.7938954455600571,True
FBgn0002561,False,0.0,,0.9732742254320552,True
FBgn0002562,False,0.0,,0.9732742254320552,True
FBgn0002563,False,0.0,1.0,0.9300197678742685,True
FBgn0002564,False,0.0,1.0,0.9438670659385826,True
FBgn0002565,False,0.0,1.0,0.9497876421427592,True
FBgn0002566,False,0.0,0.5714285714285714,0.7376450785821933,True
FBgn0002567,False,0.0,1.0,0.9985516606971601,True
FBgn0002569,False,0.0,0.8571428571428571,0.9178752470984284,True
FBgn0002570,False,0.0,0.8571428571428571,0.9335525414440334,True
FBgn0002571,False,0.0,1.0,0.9408725265691973,True
FBgn0002573,False,0.0,,0.9732742254320552,True
FBgn0002576,False,0.0,0.8571428571428571,0.8321100737870158,True
FBgn0002577,False,0.0,0.7142857142857143,0.8990664083142504,True
FBgn0002578,False,0.0,1.0,0.9955766934805159,True
FBgn0002579,False,0.0,1.0,0.9505901004051436,True
FBgn0002590,False,0.0,0.7142857142857143,0.818213845340849,True
FBgn0002592,False,0.0,0.8571428571428571,0.8261112089718748,True
FBgn0002593,False,0.0,1.0,0.9391012467461296,True
FBgn0002607,False,0.0,0.7142857142857143,0.8461726655314818,True
FBgn0002609,False,0.0,1.0,0.999256258195839,True
FBgn0002622,False,0.0,0.2857142857142857,0.7438298788483746,True
FBgn0002626,False,0.0,0.8571428571428571,0.8682891981289022,True
FBgn0002629,False,0.0,,0.9732742254320552,True
FBgn0002631,False,0.0,1.0,0.9657878770085921,True
FBgn0002632,False,0.0,,0.9732742254320552,True
FBgn0002633,False,0.0,0.8571428571428571,0.9650881725480985,True
FBgn0002638,False,0.0,1.0,0.9651811402736187,True
FBgn0002641,False,0.0,1.0,0.9800168320513574,True
FBgn0002643,False,0.0,1.0,0.9594367134441117,True
FBgn0002645,False,0.0,0.8571428571428571,0.8692188753841035,True
FBgn0002652,False,0.0,0.8571428571428571,0.8802575695300726,True
FBgn0002673,False,0.0,1.0,0.9727849216135283,True
FBgn0002707,False,0.0,1.0,0.9755250229972795,True
FBgn0002709,False,0.0,1.0,0.9380247783453702,True
FBgn0002715,False,0.0,1.0,0.9800266181277278,True
FBgn0002716,False,0.0,0.7142857142857143,0.8735834654453644,True
FBgn0002719,False,0.0,0.8571428571428571,0.8710782298945061,True
FBgn0002723,False,0.0,0.7142857142857143,0.8298005597635685,True
FBgn0002732,False,0.0,1.0,0.9717182392891394,True
FBgn0002733,False,0.0,1.0,0.9737831014033234,True
FBgn0002734,False,0.0,1.0,0.9252050182999628,True
FBgn0002735,False,0.0,1.0,0.9530855498796312,True
FBgn0002736,False,0.0,0.5714285714285714,0.8302605053529838,True
FBgn0002772,False,0.0,0.8571428571428571,0.8822343569569217,True
FBgn0002773,False,0.0,1.0,0.9976024112892177,True
FBgn0002774,False,0.0,0.8571428571428571,0.904693402227311,True
FBgn0002775,False,0.0,1.0,0.9725011253987826,True
FBgn0002778,False,0.0,1.0,0.9973088289981015,True
FBgn0002780,False,0.0,1.0,0.9772865167439767,True
FBgn0002781,False,0.0,0.8571428571428571,0.8955434208208561,True
FBgn0002783,False,0.0,0.7142857142857143,0.89797036776075,True
FBgn0002787,False,0.0,1.0,0.9679995302683342,True
FBgn0002789,False,0.0,0.8571428571428571,0.9458878907090991,True
FBgn0002791,False,0.0,1.0,0.9669426340203159,True
FBgn0002838,False,0.0,1.0,0.9361703168731529,True
FBgn0002842,False,0.0,1.0,0.9744974849783727,True
FBgn0002855,False,0.0,,0.9732742254320552,True
FBgn0002856,False,0.0,,0.9732742254320552,True
FBgn0002862,False,0.0,0.8571428571428571,0.9801636231969154,True
FBgn0002863,False,0.0,0.5714285714285714,0.8063726929324957,True
FBgn0002865,False,0.0,0.5714285714285714,0.8680347601432682,True
FBgn0002868,False,0.0,1.0,0.9998140645489597,True
FBgn0002869,False,0.0,,0.9732742254320552,True
FBgn0002872,False,0.0,1.0,0.9749378584150471,True
FBgn0002873,False,0.0,1.0,0.9704069050554871,True
FBgn0002878,False,0.0,1.0,0.9516176384240502,True
FBgn0002887,False,0.0,,0.9732742254320552,True
FBgn0002891,False,0.0,1.0,0.9932671794570684,True
FBgn0002899,False,0.0,0.7142857142857143,0.8557825925273521,True
FBgn0002901,False,0.0,0.8571428571428571,0.8799835593916975,True
FBgn0002905,False,0.0,1.0,0.9627933376392069,True
FBgn0002906,False,0.0,1.0,0.9774822382713875,True
FBgn0002909,False,0.0,,0.9732742254320552,True
FBgn0002914,False,0.0,0.7142857142857143,0.893057757422739,True
FBgn0002917,False,0.0,0.8571428571428571,0.8622414029319085,True
FBgn0002921,False,0.0,1.0,0.9768657154600434,True
FBgn0002922,False,0.0,1.0,0.9808192903137416,True
FBgn0002924,False,0.0,1.0,0.9542794511968371,True
FBgn0002926,False,0.0,1.0,0.9136672342590961,True
FBgn0002930,False,0.0,1.0,0.9275341044761514,True
FBgn0002931,False,0.0,1.0,0.9668447732566104,True
FBgn0002932,False,0.0,0.8571428571428571,0.9261836259370169,True
FBgn0002933,False,0.0,,0.9732742254320552,True
FBgn0002936,False,0.0,0.8571428571428571,0.9125907658583368,True
FBgn0002937,False,0.0,0.42857142857142855,0.8972755563384417,True
FBgn0002938,False,0.0,0.7142857142857143,0.8712837374982875,True
FBgn0002939,False,0.0,1.0,0.9911044565791791,True
FBgn0002940,False,0.0,0.5714285714285714,0.8966981778325798,True
FBgn0002941,False,0.0,0.7142857142857143,0.8551318184487111,True
FBgn0002945,False,0.0,1.0,0.9978177049693696,True
FBgn0002948,False,0.0,1.0,0.9664337580490477,True
FBgn0002962,False,0.0,1.0,0.9405397999725991,True
FBgn0002968,False,0.0,1.0,0.976493844557963,True
FBgn0002973,False,0.0,0.42857142857142855,0.8319241383359756,True
FBgn0002985,False,0.0,0.7142857142857143,0.821981484743507,True
FBgn0002989,False,0.0,0.7142857142857143,0.8735051768344,True
FBgn0003002,False,0.0,0.7142857142857143,0.8745425009296772,True
FBgn0003008,False,0.0,0.8571428571428571,0.8994969956745542,True
FBgn0003009,False,0.0,0.7142857142857143,0.8790979194801637,True
FBgn0003011,False,0.0,0.7142857142857143,0.8186346466247822,True
FBgn0003013,False,0.0,0.5714285714285714,0.8172743820092772,True
FBgn0003015,False,0.0,0.8571428571428571,0.8515647936116493,True
FBgn0003016,False,0.0,1.0,0.9540347992875736,True
FBgn0003022,False,0.0,1.0,0.9711212886305365,True
FBgn0003023,False,0.0,0.5714285714285714,0.76694459123559,True
FBgn0003028,False,0.0,1.0,0.9205762041766974,True
FBgn0003031,False,0.0,0.5714285714285714,0.8238408392539096,True
FBgn0003034,False,0.0,0.8571428571428571,0.9650881725480985,True
FBgn0003041,False,0.0,1.0,0.994001135184859,True
FBgn0003042,False,0.0,0.7142857142857143,0.8425420311980114,True
FBgn0003044,False,0.0,0.7142857142857143,0.8806783708140058,True
FBgn0003046,False,0.0,1.0,0.9738222457088055,True
FBgn0003048,False,0.0,1.0,0.9665414048891238,True
FBgn0003053,False,0.0,1.0,0.9978470631984813,True
FBgn0003057,False,0.0,0.8571428571428571,0.9650881725480985,True
FBgn0003060,False,0.0,,0.9732742254320552,True
FBgn0003062,False,0.0,0.7142857142857143,0.765838764605719,True
FBgn0003065,False,0.0,0.42857142857142855,0.830319221811207,True
FBgn0003067,False,0.0,0.5714285714285714,0.7551230109799776,True
FBgn0003068,False,0.0,0.5714285714285714,0.7732174661891061,True
FBgn0003071,False,0.0,0.7142857142857143,0.8225882214784804,True
FBgn0003074,False,0.0,1.0,0.9972109682343961,True
FBgn0003076,False,0.0,1.0,0.9988746012173879,True
FBgn0003079,False,0.0,1.0,0.9718846025874386,True
FBgn0003082,False,0.0,1.0,0.906523398508602,True
FBgn0003086,False,0.0,,0.9732742254320552,True
FBgn0003087,False,0.0,0.8571428571428571,0.8251228152584503,True
FBgn0003089,False,0.0,0.8571428571428571,0.910202963223925,True
FBgn0003090,False,0.0,0.5714285714285714,0.7842855185641868,True
FBgn0003091,False,0.0,1.0,0.9616581527802243,True
FBgn0003093,False,0.0,1.0,0.9585266083416515,True
FBgn0003114,False,0.0,0.8571428571428571,0.9138482766719511,True
FBgn0003116,False,0.0,0.8571428571428571,0.8951911220715166,True
FBgn0003117,False,0.0,1.0,0.9820816941655413,True
FBgn0003118,False,0.0,1.0,0.9366645137298651,True
FBgn0003124,False,0.0,1.0,0.9861233437065743,True
FBgn0003129,False,0.0,0.5714285714285714,0.8456784686747696,True
FBgn0003130,False,0.0,0.5714285714285714,0.9076732624821404,True
FBgn0003132,False,0.0,1.0,0.9729317127590864,True
FBgn0003134,False,0.0,0.5714285714285714,0.8844068659111816,True
FBgn0003137,False,0.0,1.0,0.9993149746540622,True
FBgn0003138,False,0.0,0.8571428571428571,0.9029808388624665,True
FBgn0003139,False,0.0,1.0,0.9733916583485017,True
FBgn0003140,False,0.0,,0.9732742254320552,True
FBgn0003141,False,0.0,0.42857142857142855,0.7816824222496233,True
FBgn0003145,False,0.0,0.8571428571428571,0.9271377683831444,True
FBgn0003149,False,0.0,1.0,0.9809367232301881,True
FBgn0003159,False,0.0,1.0,0.9380443504981113,True
FBgn0003162,False,0.0,1.0,0.982385062533028,True
FBgn0003165,False,0.0,1.0,0.9601510970191611,True
FBgn0003169,False,0.0,1.0,0.9860548411719805,True
FBgn0003174,False,0.0,1.0,0.972833851995381,True
FBgn0003175,False,0.0,1.0,0.9298729767287104,True
FBgn0003177,False,0.0,1.0,0.9774137357367937,True
FBgn0003178,False,0.0,1.0,0.9274949601706692,True
FBgn0003187,False,0.0,1.0,0.9910359540445853,True
FBgn0003189,False,0.0,1.0,0.922689996672734,True
FBgn0003200,False,0.0,1.0,0.9782064079228074,True
FBgn0003204,False,0.0,1.0,0.9457557786780968,True
FBgn0003205,False,0.0,0.5714285714285714,0.8776936175209912,True
FBgn0003206,False,0.0,0.8571428571428571,0.877165169396982,True
FBgn0003209,False,0.0,1.0,0.9853110993678195,True
FBgn0003210,False,0.0,1.0,0.9828156498933318,True
FBgn0003218,False,0.0,0.5714285714285714,0.8550290646468206,True
FBgn0003227,False,0.0,1.0,0.9856242538116767,True
FBgn0003231,False,0.0,1.0,0.9708081341866792,True
FBgn0003248,False,0.0,1.0,0.9226508523672519,True
FBgn0003249,False,0.0,1.0,0.9561877360890925,True
FBgn0003250,False,0.0,1.0,0.9586733994872096,True
FBgn0003254,False,0.0,0.7142857142857143,0.8499403049341396,True
FBgn0003255,False,0.0,1.0,0.9381519973381872,True
FBgn0003257,False,0.0,1.0,0.9749965748732703,True
FBgn0003261,False,0.0,1.0,0.970152467069853,True
FBgn0003267,False,0.0,1.0,0.9124733329418903,True
FBgn0003268,False,0.0,1.0,0.9434266925019082,True
FBgn0003270,False,0.0,0.8571428571428571,0.9650881725480985,True
FBgn0003274,False,0.0,1.0,0.9361654238349676,True
FBgn0003275,False,0.0,1.0,0.9551993423756678,True
FBgn0003276,False,0.0,1.0,0.9416945569843227,True
FBgn0003277,False,0.0,0.7142857142857143,0.892460806764136,True
FBgn0003278,False,0.0,0.5714285714285714,0.836807390444875,True
FBgn0003279,False,0.0,0.8571428571428571,0.8919421447164974,True
FBgn0003285,False,0.0,1.0,0.9630282034720999,True
FBgn0003292,False,0.0,0.8571428571428571,0.8965513866870217,True
FBgn0003295,False,0.0,1.0,0.9659542403068914,True
FBgn0003300,False,0.0,1.0,0.9763910907560722,True
FBgn0003301,False,0.0,0.7142857142857143,0.8076155246315542,True
FBgn0003302,False,0.0,1.0,0.9634685769087742,True
FBgn0003308,False,0.0,1.0,0.9837942575303857,True
FBgn0003310,False,0.0,1.0,0.9457264204489851,True
FBgn0003312,False,0.0,0.42857142857142855,0.8069451784001722,True
FBgn0003313,False,0.0,,0.9732742254320552,True
FBgn0003317,False,0.0,1.0,0.9969467441723915,True
FBgn0003319,False,0.0,0.8571428571428571,0.8719394046151137,True
FBgn0003321,False,0.0,1.0,0.9802810561133619,True
FBgn0003326,False,0.0,0.7142857142857143,0.8717534691640734,True
FBgn0003328,False,0.0,1.0,0.9908500185935452,True
FBgn0003330,False,0.0,1.0,0.9280919108292721,True
FBgn0003334,False,0.0,1.0,0.9722466874131486,True
FBgn0003339,False,0.0,,0.9732742254320552,True
FBgn0003345,False,0.0,0.7142857142857143,0.8630438611942928,True
FBgn0003346,False,0.0,1.0,0.9542011625858728,True
FBgn0003353,False,0.0,1.0,0.975769674906543,True
FBgn0003356,False,0.0,,0.9732742254320552,True
FBgn0003357,False,0.0,0.8571428571428571,0.9473460160883096,True
FBgn0003358,False,0.0,0.8571428571428571,0.8868925293092987,True
FBgn0003360,True,0.0,1.0,0.9999804278472589,False
FBgn0003366,False,0.0,1.0,0.9984440138570841,True
FBgn0003371,False,0.0,0.8571428571428571,0.9085393302409333,True
FBgn0003372,False,0.0,1.0,0.9357446225510344,True
FBgn0003373,False,0.0,1.0,0.969173859432799,True
FBgn0003374,False,0.0,0.8571428571428571,0.9650881725480985,True
FBgn0003375,False,0.0,,0.9732742254320552,True
FBgn0003377,False,0.0,0.7142857142857143,0.8986015696866498,True
FBgn0003378,False,0.0,1.0,0.9383770770947096,True
FBgn0003380,False,0.0,0.8571428571428571,0.9177186698764997,True
FBgn0003382,False,0.0,1.0,0.9656704440921458,True
FBgn0003383,False,0.0,1.0,0.9321042021411935,True
FBgn0003386,False,0.0,0.5714285714285714,0.8412600551934708,True
FBgn0003388,False,0.0,0.5714285714285714,0.8042491143600885,True
FBgn0003390,False,0.0,1.0,0.9972794707689899,True
FBgn0003391,False,0.0,1.0,0.9462352964202533,True
FBgn0003392,False,0.0,1.0,0.9706319848120095,True
FBgn0003396,False,0.0,1.0,0.97589689389936,True
FBgn0003401,False,0.0,1.0,0.9915741882449651,True
FBgn0003410,False,0.0,0.7142857142857143,0.8642377625114986,True
FBgn0003411,False,0.0,1.0,0.934741549723054,True
FBgn0003415,False,0.0,0.5714285714285714,0.8395768500577379,True
FBgn0003416,False,0.0,1.0,0.9249407942379583,True
FBgn0003423,False,0.0,0.8571428571428571,0.9222496232360597,True
FBgn0003425,False,0.0,0.42857142857142855,0.8159043313174016,True
FBgn0003429,False,0.0,1.0,0.9634636838705889,True
FBgn0003430,False,0.0,1.0,0.9669377409821306,True
FBgn0003435,False,0.0,0.7142857142857143,0.8243497152251776,True
FBgn0003444,False,0.0,0.8571428571428571,0.8849451001115612,True
FBgn0003447,True,0.0,1.0,0.9998140645489597,False
FBgn0003448,False,0.0,1.0,0.9586782925253948,True
FBgn0003449,False,0.0,1.0,0.9373593251521735,True
FBgn0003450,False,0.0,0.7142857142857143,0.8690427260094338,True
FBgn0003459,False,0.0,0.5714285714285714,0.8399682931125595,True
FBgn0003460,False,0.0,1.0,0.966673516920126,True
FBgn0003462,False,0.0,0.8571428571428571,0.8692873779186973,True
FBgn0003463,False,0.0,0.7142857142857143,0.8594034407844519,True
FBgn0003464,False,0.0,1.0,0.8874014052805668,True
FBgn0003475,False,0.0,1.0,0.9508934687726303,True
FBgn0003479,False,0.0,1.0,0.9698099543968841,True
FBgn0003480,False,0.0,0.7142857142857143,0.8518094455209129,True
FBgn0003482,False,0.0,1.0,0.9242264106629088,True
FBgn0003483,False,0.0,1.0,0.9460689331219541,True
FBgn0003486,False,0.0,0.8571428571428571,0.9458878907090991,True
FBgn0003495,False,0.0,0.8571428571428571,0.882439864560703,True
FBgn0003499,False,0.0,0.8571428571428571,0.8968743272072496,True
FBgn0003501,True,0.0,1.0,0.9999217113890356,False
FBgn0003502,False,0.0,1.0,0.9993149746540623,True
FBgn0003507,False,0.0,1.0,0.9903705008513887,True
FBgn0003510,False,0.0,1.0,0.9473802673556064,True
FBgn0003511,False,0.0,0.7142857142857143,0.8490106276789384,True
FBgn0003512,False,0.0,0.5714285714285714,0.8180768402716615,True
FBgn0003513,False,0.0,0.8571428571428571,0.8870539995694127,True
FBgn0003514,False,0.0,1.0,0.9760338989685475,True
FBgn0003515,False,0.0,0.7142857142857143,0.8696396766680368,True
FBgn0003517,False,0.0,0.5714285714285714,0.7831894780106864,True
FBgn0003520,False,0.0,0.8571428571428571,0.883183606364864,True
FBgn0003525,False,0.0,1.0,0.9981797897950796,True
FBgn0003527,False,0.0,1.0,0.9890298083886246,True
FBgn0003545,False,0.0,0.5714285714285714,0.8390386158573582,True
FBgn0003557,False,0.0,1.0,0.9930910300823987,True
FBgn0003567,False,0.0,1.0,0.9378975593525531,True
FBgn0003575,False,0.0,1.0,0.985428532284266,True
FBgn0003598,False,0.0,1.0,0.963918736421819,True
FBgn0003600,False,0.0,1.0,0.9548470436263284,True
FBgn0003607,False,0.0,0.42857142857142855,0.8099641829604838,True
FBgn0003612,False,0.0,1.0,0.9782064079228074,True
FBgn0003638,False,0.0,1.0,0.9694870138766563,True
FBgn0003651,False,0.0,1.0,0.9695799816021764,True
FBgn0003654,False,0.0,1.0,0.9488188205820758,True
FBgn0003655,False,0.0,1.0,0.9829624410388899,True
FBgn0003656,False,0.0,1.0,0.9654845086411055,True
FBgn0003659,False,0.0,0.7142857142857143,0.725353766660795,True
FBgn0003660,False,0.0,1.0,0.9512751257510814,True
FBgn0003676,False,0.0,1.0,0.9754369483099447,True
FBgn0003683,False,0.0,0.8571428571428571,0.9585461804943926,True
FBgn0003687,False,0.0,1.0,0.968087604955669,True
FBgn0003701,False,0.0,0.7142857142857143,0.8610083573092204,True
FBgn0003710,False,0.0,0.8571428571428571,0.901033409664729,True
FBgn0003714,False,0.0,1.0,0.9810835143757461,True
FBgn0003715,False,0.0,,0.9732742254320552,True
FBgn0003716,False,0.0,0.8571428571428571,0.9263402031589455,True
FBgn0003717,False,0.0,0.7142857142857143,0.8707063589924255,True
FBgn0003719,False,0.0,0.8571428571428571,0.8950394378877733,True
FBgn0003720,False,0.0,0.42857142857142855,0.8524602195995538,True
FBgn0003721,False,0.0,0.7142857142857143,0.8300941420546846,True
FBgn0003731,False,0.0,0.5714285714285714,0.7743135067426066,True
FBgn0003732,False,0.0,1.0,0.9734308026539839,True
FBgn0003733,False,0.0,1.0,0.9598868729571566,True
FBgn0003741,False,0.0,1.0,0.9662967529798603,True
FBgn0003742,False,0.0,1.0,0.9481533673888791,True
FBgn0003744,False,0.0,1.0,0.9822969878456932,True
FBgn0003747,False,0.0,0.7142857142857143,0.8036423776251149,True
FBgn0003748,True,0.0,1.0,0.9993541189595444,False
FBgn0003749,False,0.0,0.8571428571428571,0.9058775174681463,True
FBgn0003751,False,0.0,1.0,0.9524592409919167,True
FBgn0003861,False,0.0,0.8571428571428571,0.9445863425518173,True
FBgn0003862,False,0.0,1.0,0.9902628540113128,True
FBgn0003863,False,0.0,0.8571428571428571,0.9473460160883096,True
FBgn0003865,False,0.0,1.0,0.9542696651204666,True
FBgn0003866,False,0.0,1.0,0.9338559098115201,True
FBgn0003867,False,0.0,1.0,0.9666294795764586,True
FBgn0003870,False,0.0,1.0,0.9832266651008944,True
FBgn0003882,False,0.0,0.5714285714285714,0.8842992190711056,True
FBgn0003884,False,0.0,1.0,0.99021392362946,True
FBgn0003885,False,0.0,1.0,0.9722956177950013,True
FBgn0003886,False,0.0,1.0,0.9954103301822167,True
FBgn0003887,False,0.0,1.0,0.9835398195447517,True
FBgn0003888,False,0.0,1.0,0.9901552071712368,True
FBgn0003889,False,0.0,1.0,0.968664983461531,True
FBgn0003890,False,0.0,1.0,0.9832853815591177,True
FBgn0003891,False,0.0,1.0,0.9930518857769166,True
FBgn0003892,False,0.0,1.0,0.9755250229972795,True
FBgn0003896,False,0.0,1.0,0.9657878770085921,True
FBgn0003900,False,0.0,0.8571428571428571,0.9650881725480985,True
FBgn0003916,False,0.0,,0.9732742254320552,True
FBgn0003920,False,0.0,,0.9732742254320552,True
FBgn0003922,False,0.0,0.8571428571428571,0.8918100326854951,True
FBgn0003923,False,0.0,0.8571428571428571,0.9325935059597206,True
FBgn0003926,False,0.0,0.5714285714285714,0.7601139099289531,True
FBgn0003930,False,0.0,0.8571428571428571,0.8141232654179633,True
FBgn0003931,False,0.0,0.8571428571428571,0.91156322783943,True
FBgn0003933,False,0.0,0.8571428571428571,0.9480310414342473,True
FBgn0003934,False,0.0,0.8571428571428571,0.9801636231969154,True
FBgn0003935,False,0.0,0.5714285714285714,0.7941841348129881,True
FBgn0003936,False,0.0,,0.9732742254320552,True
FBgn0003938,False,0.0,0.8571428571428571,0.833744348540896,True
FBgn0003941,False,0.0,0.8571428571428571,0.8961305854030885,True
FBgn0003942,False,0.0,0.5714285714285714,0.8353296929129235,True
FBgn0003943,False,0.0,1.0,0.9112794316246844,True
FBgn0003944,False,0.0,1.0,0.9747861742313038,True
FBgn0003950,False,0.0,1.0,0.9809954396884113,True
FBgn0003961,False,0.0,1.0,0.9547981132444757,True
FBgn0003963,False,0.0,1.0,0.9666784099583113,True
FBgn0003964,False,0.0,1.0,0.927837472843638,True
FBgn0003965,False,0.0,0.8571428571428571,0.9465533439022958,True
FBgn0003969,False,0.0,0.8571428571428571,0.9047325465327931,True
FBgn0003970,False,0.0,1.0,0.9720803241148493,True
FBgn0003975,False,0.0,1.0,0.9707592038048265,True
FBgn0003977,False,0.0,0.7142857142857143,0.8419352944630379,True
FBgn0003978,False,0.0,0.8571428571428571,0.8901610788170591,True
FBgn0003979,False,0.0,0.8571428571428571,0.8874748008533458,True
FBgn0003980,False,0.0,1.0,0.958154737439571,True
FBgn0003983,False,0.0,0.8571428571428571,0.9070616327089817,True
FBgn0003984,False,0.0,1.0,0.9692227898146517,True
FBgn0003986,False,0.0,0.8571428571428571,0.9222643023506155,True
FBgn0003996,False,0.0,1.0,0.997426261914548,True
FBgn0003997,False,0.0,0.7142857142857143,0.8258665570626114,True
FBgn0004003,False,0.0,0.5714285714285714,0.8592419705243379,True
FBgn0004009,False,0.0,0.8571428571428571,0.8980878006771965,True
FBgn0004028,False,0.0,1.0,0.9484175914508837,True
FBgn0004034,False,0.0,1.0,0.9897637641164152,True
FBgn0004045,False,0.0,0.8571428571428571,0.9017086489342963,True
FBgn0004047,False,0.0,0.5714285714285714,0.7518153171667352,True
FBgn0004049,False,0.0,0.7142857142857143,0.8662634803202004,True
FBgn0004050,False,0.0,1.0,0.9499931497465406,True
FBgn0004052,False,0.0,0.8571428571428571,0.8751198794355391,True
FBgn0004053,False,0.0,0.8571428571428571,0.9650881725480985,True
FBgn0004054,False,0.0,,0.9732742254320552,True
FBgn0004055,False,0.0,0.5714285714285714,0.8524748987141095,True
FBgn0004057,False,0.0,1.0,0.9143033292231812,True
FBgn0004066,False,0.0,1.0,0.9894897539780401,True
FBgn0004087,False,0.0,1.0,0.9103399682931126,True
FBgn0004101,False,0.0,1.0,0.9268392930538429,True
FBgn0004102,False,0.0,0.8571428571428571,0.923595208737009,True
FBgn0004103,False,0.0,1.0,0.9470671129117492,True
FBgn0004106,False,0.0,0.7142857142857143,0.8123128412894134,True
FBgn0004107,False,0.0,1.0,0.9401875012232596,True
FBgn0004108,False,0.0,1.0,0.9985027303153075,True
FBgn0004110,False,0.0,1.0,0.9535454954690467,True
FBgn0004117,False,0.0,1.0,0.9416847709079521,True
FBgn0004118,False,0.0,0.7142857142857143,0.8644236979625389,True
FBgn0004132,False,0.0,1.0,0.9489949699567456,True
FBgn0004133,False,0.0,1.0,0.9832951676354882,True
FBgn0004143,False,0.0,,0.9732742254320552,True
FBgn0004145,False,0.0,0.7142857142857143,0.8243986456070304,True
FBgn0004167,False,0.0,0.8571428571428571,0.899076194390621,True
FBgn0004168,False,0.0,1.0,0.9418951715499188,True
FBgn0004169,False,0.0,1.0,0.9818272561799072,True
FBgn0004170,False,0.0,,0.9732742254320552,True
FBgn0004171,False,0.0,0.5714285714285714,0.8892509737145989,True
FBgn0004172,False,0.0,,0.9732742254320552,True
FBgn0004173,False,0.0,,0.9732742254320552,True
FBgn0004174,False,0.0,,0.9732742254320552,True
FBgn0004175,False,0.0,,0.9732742254320552,True
FBgn0004177,False,0.0,0.8571428571428571,0.8997122893547062,True
FBgn0004179,False,0.0,0.5714285714285714,0.8115299551797702,True
FBgn0004181,False,0.0,,0.9732742254320552,True
FBgn0004183,False,0.0,1.0,0.9870187696944788,True
FBgn0004185,False,0.0,,0.9732742254320552,True
FBgn0004186,False,0.0,,0.9732742254320552,True
FBgn0004187,False,0.0,0.8571428571428571,0.9446695242009668,True
FBgn0004188,False,0.0,0.42857142857142855,0.5919010431957411,True
FBgn0004189,False,0.0,,0.9732742254320552,True
FBgn0004190,False,0.0,1.0,0.9576703266592292,True
FBgn0004191,False,0.0,0.8571428571428571,0.8179006908969918,True
FBgn0004192,False,0.0,0.8571428571428571,0.9801636231969154,True
FBgn0004197,False,0.0,1.0,0.9908206603644335,True
FBgn0004198,False,0.0,1.0,0.9668937036384632,True
FBgn0004227,False,0.0,1.0,0.9822186992347288,True
FBgn0004228,False,0.0,1.0,0.9762834439159963,True
FBgn0004237,False,0.0,0.42857142857142855,0.7995322255494881,True
FBgn0004240,False,0.0,1.0,0.9675591568316599,True
FBgn0004242,False,0.0,1.0,0.93149746540622,True
FBgn0004244,False,0.0,0.42857142857142855,0.8431291957802438,True
FBgn0004359,False,0.0,1.0,0.9942066427886403,True
FBgn0004360,False,0.0,0.7142857142857143,0.8183704225627777,True
FBgn0004362,False,0.0,1.0,0.9299219071105631,True
FBgn0004363,False,0.0,1.0,0.9560115867144227,True
FBgn0004364,False,0.0,1.0,0.9914078249466659,True
FBgn0004366,False,0.0,0.8571428571428571,0.9577094709647114,True
FBgn0004367,False,0.0,1.0,0.9799581155931341,True
FBgn0004368,False,0.0,1.0,0.9685084062396023,True
FBgn0004369,False,0.0,1.0,0.999148611355763,True
FBgn0004370,False,0.0,1.0,0.954367525884172,True
FBgn0004372,False,0.0,1.0,0.9759409312430274,True
FBgn0004373,False,0.0,1.0,0.9394241872663575,True
FBgn0004374,False,0.0,0.5714285714285714,0.8251228152584502,True
FBgn0004377,False,0.0,1.0,0.9037735110484802,True
FBgn0004378,False,0.0,1.0,0.9762687648014405,True
FBgn0004379,False,0.0,1.0,0.9852719550623373,True
FBgn0004380,False,0.0,0.5714285714285714,0.885483334311941,True
FBgn0004381,False,0.0,1.0,0.9772473724384945,True
FBgn0004387,False,0.0,1.0,0.9887949425557317,True
FBgn0004389,False,0.0,0.8571428571428571,0.9585461804943926,True
FBgn0004390,False,0.0,1.0,0.9881197032861644,True
FBgn0004391,False,0.0,1.0,0.9406278746599339,True
FBgn0004394,False,0.0,1.0,0.9337384768950737,True
FBgn0004395,False,0.0,1.0,0.9652104985027303,True
FBgn0004396,False,0.0,1.0,0.9987767404536825,True
FBgn0004397,False,0.0,1.0,0.966707768187423,True
FBgn0004399,False,0.0,0.7142857142857143,0.8699821893410056,True
FBgn0004400,False,0.0,1.0,0.9450316090266768,True
FBgn0004401,False,0.0,1.0,0.9575088563991153,True
FBgn0004403,False,0.0,0.42857142857142855,0.7364511772649873,True
FBgn0004404,False,0.0,1.0,0.9540152271348326,True
FBgn0004406,False,0.0,1.0,0.9562562386236862,True
FBgn0004407,False,0.0,,0.9732742254320552,True
FBgn0004413,False,0.0,0.8571428571428571,0.8518290176736539,True
FBgn0004414,False,0.0,0.5714285714285714,0.8680347601432682,True
FBgn0004419,False,0.0,0.7142857142857143,0.7962147456598752,True
FBgn0004425,False,0.0,1.0,0.9642025326365646,True
FBgn0004426,False,0.0,,0.9732742254320552,True
FBgn0004427,False,0.0,,0.9732742254320552,True
FBgn0004428,False,0.0,1.0,0.9657878770085921,True
FBgn0004429,False,0.0,,0.9732742254320552,True
FBgn0004430,False,0.0,,0.9732742254320552,True
FBgn0004431,False,0.0,1.0,0.9493276965533439,True
FBgn0004432,False,0.0,1.0,0.979194801636232,True
FBgn0004435,False,0.0,0.8571428571428571,0.8686610690309827,True
FBgn0004436,False,0.0,1.0,0.9382792163310043,True
FBgn0004449,False,0.0,1.0,0.9539956549820915,True
FBgn0004456,False,0.0,1.0,0.9873759614820034,True
FBgn0004462,False,0.0,1.0,0.9560800892490166,True
FBgn0004463,False,0.0,1.0,0.9602195995537549,True
FBgn0004465,False,0.0,1.0,0.8964143816178342,True
FBgn0004507,False,0.0,1.0,0.99891374552287,True
FBgn0004509,False,0.0,0.8571428571428571,0.8933415536374846,True
FBgn0004510,False,0.0,1.0,0.9451098976376412,True
FBgn0004511,False,0.0,1.0,0.9562464525473157,True
FBgn0004512,False,0.0,1.0,0.9898126944982678,True
FBgn0004513,False,0.0,0.7142857142857143,0.9263157379680191,True
FBgn0004514,False,0.0,0.7142857142857143,0.8416123539428102,True
FBgn0004516,False,0.0,0.7142857142857143,0.8777963713228818,True
FBgn0004551,False,0.0,1.0,0.9727262051553051,True
FBgn0004552,False,0.0,1.0,0.9677842365881824,True
FBgn0004554,False,0.0,0.8571428571428571,0.9465533439022958,True
FBgn0004556,False,0.0,1.0,0.9627346211809837,True
FBgn0004567,False,0.0,0.8571428571428571,0.8998395083475231,True
FBgn0004569,False,0.0,1.0,0.9348834478304269,True
FBgn0004572,False,0.0,,0.9732742254320552,True
FBgn0004573,False,0.0,1.0,0.9558745816452352,True
FBgn0004574,False,0.0,0.8571428571428571,0.8794746834204294,True
FBgn0004575,False,0.0,0.5714285714285714,0.8614389446695242,True
FBgn0004577,False,0.0,1.0,0.960963341357916,True
FBgn0004579,False,0.0,0.5714285714285714,0.8518926271700624,True
FBgn0004580,False,0.0,1.0,0.9343158554009355,True
FBgn0004581,False,0.0,0.7142857142857143,0.7842170160295932,True
FBgn0004583,False,0.0,0.7142857142857143,0.8761082731489637,True
FBgn0004584,False,0.0,1.0,0.9935020452899614,True
FBgn0004587,False,0.0,0.8571428571428571,0.886608733094553,True
FBgn0004588,False,0.0,0.8571428571428571,0.9480310414342473,True
FBgn0004589,False,0.0,,0.9732742254320552,True
FBgn0004590,False,0.0,,0.9732742254320552,True
FBgn0004591,False,0.0,,0.9732742254320552,True
FBgn0004592,False,0.0,,0.9732742254320552,True
FBgn0004593,False,0.0,,0.9732742254320552,True
FBgn0004594,False,0.0,,0.9732742254320552,True
FBgn0004595,False,0.0,1.0,0.9924940794237957,True
FBgn0004597,False,0.0,1.0,0.9942457870941225,True
FBgn0004598,False,0.0,1.0,0.9408431683400857,True
FBgn0004603,False,0.0,1.0,0.9335721135967745,True
FBgn0004606,False,0.0,1.0,0.9699078151605895,True
FBgn0004607,False,0.0,1.0,0.9705830544301568,True
FBgn0004611,False,0.0,0.7142857142857143,0.8516430822226136,True
FBgn0004618,False,0.0,1.0,0.9608899457851369,True
FBgn0004619,False,0.0,1.0,0.9688607049889417,True
FBgn0004620,False,0.0,0.8571428571428571,0.9650881725480985,True
FBgn0004622,False,0.0,0.8571428571428571,0.9352895699998043,True
FBgn0004623,False,0.0,1.0,0.9780009003190261,True
FBgn0004624,False,0.0,0.42857142857142855,0.6785665355332433,True
FBgn0004625,False,0.0,0.8571428571428571,0.8933219814847435,True
FBgn0004629,False,0.0,1.0,0.9488775370402991,True
FBgn0004635,False,0.0,1.0,0.9849196563129978,True
FBgn0004636,False,0.0,1.0,0.9539662967529798,True
FBgn0004638,False,0.0,0.5714285714285714,0.7184937271250464,True
FBgn0004643,False,0.0,1.0,0.9728240659190105,True
FBgn0004644,False,0.0,1.0,0.9710527860959427,True
FBgn0004646,False,0.0,1.0,0.9933356819916622,True
FBgn0004647,False,0.0,1.0,0.9422915076429257,True
FBgn0004648,False,0.0,0.8571428571428571,0.9125516215528546,True
FBgn0004649,False,0.0,1.0,0.9316491495899634,True
FBgn0004650,False,0.0,1.0,0.9975926252128472,True
FBgn0004652,False,0.0,1.0,0.9967216644158691,True
FBgn0004654,False,0.0,0.5714285714285714,0.7726988041414675,True
FBgn0004655,False,0.0,1.0,0.9424089405593722,True
FBgn0004656,False,0.0,0.5714285714285714,0.8273540406709334,True
FBgn0004657,False,0.0,1.0,0.9731274342864972,True
FBgn0004666,False,0.0,0.8571428571428571,0.9346436889593487,True
FBgn0004687,False,0.0,1.0,0.9846065018691406,True
FBgn0004698,False,0.0,0.8571428571428571,0.9247842170160295,True
FBgn0004777,False,0.0,,0.9732742254320552,True
FBgn0004778,False,0.0,,0.9732742254320552,True
FBgn0004779,False,0.0,,0.9732742254320552,True
FBgn0004780,False,0.0,,0.9732742254320552,True
FBgn0004781,False,0.0,,0.9732742254320552,True
FBgn0004782,False,0.0,,0.9732742254320552,True
FBgn0004783,False,0.0,,0.9732742254320552,True
FBgn0004784,False,0.0,0.8571428571428571,0.9689585657526472,True
FBgn0004795,False,0.0,1.0,0.9183547648405848,True
FBgn0004797,False,0.0,1.0,0.9936684085882607,True
FBgn0004811,False,0.0,1.0,0.9655432250993287,True
FBgn0004828,False,0.0,1.0,0.9495136320043842,True
FBgn0004832,False,0.0,1.0,0.953007261268667,True
FBgn0004834,False,0.0,1.0,0.9341397060262658,True
FBgn0004837,False,0.0,1.0,0.9695848746403617,True
FBgn0004838,False,0.0,0.5714285714285714,0.8424343843579355,True
FBgn0004839,False,0.0,1.0,0.9877282602313429,True
FBgn0004841,False,0.0,0.8571428571428571,0.9473460160883096,True
FBgn0004842,False,0.0,0.8571428571428571,0.9801636231969154,True
FBgn0004852,False,0.0,1.0,0.9542109486622433,True
FBgn0004854,False,0.0,1.0,0.9762540856868847,True
FBgn0004855,False,0.0,1.0,0.9208404282387019,True
FBgn0004856,False,0.0,1.0,0.9432113988217564,True
FBgn0004858,False,0.0,1.0,0.9942751453232341,True
FBgn0004859,False,0.0,1.0,0.9171902217524905,True
FBgn0004860,False,0.0,1.0,0.8972853424148122,True
FBgn0004861,False,0.0,1.0,0.9626269743409077,True
FBgn0004862,False,0.0,,0.9732742254320552,True
FBgn0004863,False,0.0,1.0,0.9558060791106414,True
FBgn0004864,False,0.0,1.0,0.9574697120936332,True
FBgn0004865,False,0.0,1.0,0.9968978137905388,True
FBgn0004867,False,0.0,0.5714285714285714,0.7324584581058071,True
FBgn0004868,False,0.0,1.0,0.9682833264830799,True
FBgn0004870,False,0.0,1.0,0.9966140175757932,True
FBgn0004872,False,0.0,1.0,0.9838236157594974,True
FBgn0004873,False,0.0,0.7142857142857143,0.9041258097978196,True
FBgn0004875,False,0.0,0.42857142857142855,0.8079091069226704,True
FBgn0004876,False,0.0,1.0,0.9582036678214236,True
FBgn0004878,False,0.0,0.5714285714285714,0.8528565556925607,True
FBgn0004880,False,0.0,1.0,0.9558060791106414,True
FBgn0004882,False,0.0,1.0,0.9874248918638561,True
FBgn0004885,False,0.0,1.0,0.9381226391090756,True
FBgn0004888,False,0.0,1.0,0.945560057150686,True
FBgn0004889,False,0.0,0.8571428571428571,0.9068071947233476,True
FBgn0004892,False,0.0,,0.9732742254320552,True
FBgn0004893,False,0.0,1.0,0.9994128354177676,True
FBgn0004895,False,0.0,1.0,0.9718943886638092,True
FBgn0004896,False,0.0,1.0,0.976151331884994,True
FBgn0004897,False,0.0,,0.9732742254320552,True
FBgn0004898,False,0.0,,0.9732742254320552,True
FBgn0004901,False,0.0,0.7142857142857143,0.8918638561055331,True
FBgn0004903,False,0.0,0.7142857142857143,0.8772238858552052,True
FBgn0004907,False,0.0,0.42857142857142855,0.7873583465445364,True
FBgn0004908,False,0.0,0.8571428571428571,0.8411817665825064,True
FBgn0004910,False,0.0,0.8571428571428571,0.917434873661754,True
FBgn0004911,False,0.0,0.8571428571428571,0.9585461804943926,True
FBgn0004913,False,0.0,1.0,0.955835437339753,True
FBgn0004914,False,0.0,1.0,0.9580568766758656,True
FBgn0004915,False,0.0,1.0,0.9658955238486681,True
FBgn0004919,False,0.0,1.0,0.9808095042373711,True
FBgn0004921,False,0.0,1.0,0.926369561388057,True
FBgn0004922,False,0.0,0.8571428571428571,0.8799052707807332,True
FBgn0004924,False,0.0,0.5714285714285714,0.8899849294423894,True
FBgn0004925,False,0.0,1.0,0.9184526256042902,True
FBgn0004926,False,0.0,1.0,0.9671187833949856,True
FBgn0004956,False,0.0,1.0,0.9641291370637857,True
FBgn0004957,False,0.0,1.0,0.9509130409253714,True
FBgn0004959,False,0.0,1.0,0.9601168457518642,True
FBgn0005198,False,0.0,1.0,0.9337189047423327,True
FBgn0005278,False,0.0,0.8571428571428571,0.9024132464329752,True
FBgn0005322,False,0.0,1.0,0.9724424089405593,True
FBgn0005355,False,0.0,1.0,0.9762100483432172,True
FBgn0005386,False,0.0,1.0,0.973939678625252,True
FBgn0005390,False,0.0,1.0,0.958154737439571,True
FBgn0005391,False,0.0,0.8571428571428571,0.869155265887695,True
FBgn0005410,False,0.0,0.8571428571428571,0.9078053745131427,True
FBgn0005411,False,0.0,1.0,0.9572348462607402,True
FBgn0005427,False,0.0,1.0,0.9790773687197855,True
FBgn0005511,False,0.0,0.8571428571428571,0.9480310414342473,True
FBgn0005533,False,0.0,0.7142857142857143,0.8360245043352319,True
FBgn0005536,False,0.0,0.8571428571428571,0.9238349676080873,True
FBgn0005558,False,0.0,1.0,0.9234043802477835,True
FBgn0005561,False,0.0,1.0,0.9506586029397374,True
FBgn0005563,False,0.0,0.8571428571428571,0.8542070342316952,True
FBgn0005564,False,0.0,0.7142857142857143,0.862486054841172,True
FBgn0005585,False,0.0,1.0,0.9835593916974928,True
FBgn0005586,False,0.0,1.0,0.9892646742215176,True
FBgn0005590,False,0.0,1.0,0.9642025326365646,True
FBgn0005592,False,0.0,0.8571428571428571,0.8754819642612491,True
FBgn0005593,False,0.0,1.0,0.9934139706026266,True
FBgn0005596,False,0.0,0.5714285714285714,0.850165384690662,True
FBgn0005612,False,0.0,1.0,0.9612275654199206,True
FBgn0005613,False,0.0,0.7142857142857143,0.8189575871450101,True
FBgn0005614,False,0.0,0.42857142857142855,0.7558471806313977,True
FBgn0005616,False,0.0,0.7142857142857143,0.8950834752314407,True
FBgn0005617,False,0.0,1.0,0.9764449141761102,True
FBgn0005619,False,0.0,1.0,0.9413520443113538,True
FBgn0005624,False,0.0,1.0,0.9258019689585657,True
FBgn0005626,False,0.0,1.0,0.9816706789579785,True
FBgn0005629,False,0.0,0.8571428571428571,0.8845438709803691,True
FBgn0005630,False,0.0,1.0,0.9464212318712935,True
FBgn0005631,False,0.0,1.0,0.9554929246667841,True
FBgn0005632,False,0.0,0.7142857142857143,0.9004853893879787,True
FBgn0005633,False,0.0,1.0,0.9577975456520462,True
FBgn0005634,False,0.0,1.0,0.9786565674358523,True
FBgn0005636,False,0.0,1.0,0.991789481925117,True
FBgn0005638,False,0.0,1.0,0.9610318438925097,True
FBgn0005640,False,0.0,1.0,0.9983950834752314,True
FBgn0005642,False,0.0,0.5714285714285714,0.852230246804846,True
FBgn0005648,False,0.0,0.8571428571428571,0.8706574286105728,True
FBgn0005649,False,0.0,1.0,0.9780596167772494,True
FBgn0005654,False,0.0,,0.9732742254320552,True
FBgn0005655,False,0.0,1.0,0.9649560605170963,True
FBgn0005658,False,0.0,0.8571428571428571,0.9306999001820211,True
FBgn0005659,False,0.0,1.0,0.9887509052120643,True
FBgn0005660,False,0.0,1.0,0.998894173370129,True
FBgn0005664,False,0.0,1.0,0.9669377409821306,True
FBgn0005666,False,0.0,0.8571428571428571,0.8397334272796665,True
FBgn0005670,False,0.0,1.0,0.9136378760299846,True
FBgn0005671,False,0.0,0.8571428571428571,0.8929207523535514,True
FBgn0005672,False,0.0,0.5714285714285714,0.8802575695300726,True
FBgn0005674,False,0.0,0.7142857142857143,0.902119664141859,True
FBgn0005677,False,0.0,1.0,0.9228367878182921,True
FBgn0005683,False,0.0,1.0,0.9605523261503532,True
FBgn0005694,False,0.0,1.0,0.9905172919969467,True
FBgn0005695,False,0.0,1.0,0.9768559293836729,True
FBgn0005696,False,0.0,1.0,0.9603761767756835,True
FBgn0005771,False,0.0,1.0,0.9884622159591333,True
FBgn0005775,False,0.0,1.0,0.9554488873231166,True
FBgn0005777,False,0.0,0.42857142857142855,0.8071360068893978,True
FBgn0005778,False,0.0,1.0,0.9728729963008631,True
FBgn0005779,False,0.0,0.8571428571428571,0.9650881725480985,True
FBgn0008635,False,0.0,0.5714285714285714,0.7964789697218797,True
FBgn0008636,False,0.0,,0.9732742254320552,True
FBgn0008646,False,0.0,1.0,0.9773256610494588,True
FBgn0008649,False,0.0,1.0,0.995977922611708,True
FBgn0008651,False,0.0,,0.9732742254320552,True
FBgn0008654,False,0.0,1.0,0.9648973440588731,True
FBgn0010014,False,0.0,0.5714285714285714,0.8304170825749124,True
FBgn0010015,False,0.0,0.5714285714285714,0.764390425302879,True
FBgn0010019,False,0.0,0.8571428571428571,0.9236930695007144,True
FBgn0010038,False,0.0,1.0,0.9139706026265829,True
FBgn0010039,False,0.0,1.0,0.9352259605033958,True
FBgn0010040,False,0.0,1.0,0.9850958056876676,True
FBgn0010041,False,0.0,1.0,0.9861037715538332,True
FBgn0010042,False,0.0,1.0,0.9304601413109428,True
FBgn0010043,False,0.0,1.0,0.9699078151605895,True
FBgn0010044,False,0.0,1.0,0.9698099543968841,True
FBgn0010051,False,0.0,0.8571428571428571,0.9122482531853678,True
FBgn0010052,False,0.0,0.8571428571428571,0.9181884015422856,True
FBgn0010053,False,0.0,1.0,0.9912316755719962,True
FBgn0010078,False,0.0,0.7142857142857143,0.8345076624977981,True
FBgn0010083,False,0.0,1.0,0.9416651987552112,True
FBgn0010097,False,0.0,1.0,0.9985418746207896,True
FBgn0010100,False,0.0,1.0,0.9538292916837923,True
FBgn0010105,False,0.0,0.8571428571428571,0.8741412717984851,True
FBgn0010109,False,0.0,0.5714285714285714,0.8370031119722858,True
FBgn0010110,False,0.0,0.5714285714285714,0.8520051670483236,True
FBgn0010113,False,0.0,0.8571428571428571,0.8796508327950991,True
FBgn0010114,False,0.0,0.8571428571428571,0.9106335505842288,True
FBgn0010173,False,0.0,1.0,0.9751727242479401,True
FBgn0010194,False,0.0,1.0,0.9894995400544105,True
FBgn0010197,False,0.0,0.8571428571428571,0.9458878907090991,True
FBgn0010198,False,0.0,0.7142857142857143,0.8179006908969918,True
FBgn0010213,False,0.0,1.0,0.9671677137768383,True
FBgn0010215,False,0.0,0.5714285714285714,0.7276437085315014,True
FBgn0010217,False,0.0,0.5714285714285714,0.8096706006693677,True
FBgn0010218,False,0.0,0.7142857142857143,0.892822891589846,True
FBgn0010220,False,0.0,1.0,0.9437594190985067,True
FBgn0010222,False,0.0,1.0,0.991212103419255,True
FBgn0010223,True,0.0,1.0,0.9996477012506606,False
FBgn0010225,False,0.0,1.0,0.9970739631652086,True
FBgn0010226,False,0.0,1.0,0.97589689389936,True
FBgn0010228,False,0.0,1.0,0.9895093261307811,True
FBgn0010235,False,0.0,1.0,0.9823067739220637,True
FBgn0010238,False,0.0,1.0,0.9869258019689585,True
FBgn0010240,False,0.0,0.8571428571428571,0.9024230325093456,True
FBgn0010241,False,0.0,0.5714285714285714,0.7960288102088349,True
FBgn0010246,False,0.0,1.0,0.9815532460415322,True
FBgn0010256,False,0.0,1.0,0.9399624214667371,True
FBgn0010258,False,0.0,1.0,0.97517272424794,True
FBgn0010263,False,0.0,0.7142857142857143,0.8421114438377078,True
FBgn0010265,False,0.0,0.7142857142857143,0.8454582819564324,True
FBgn0010269,False,0.0,1.0,0.9510011156127063,True
FBgn0010278,False,0.0,1.0,0.9712093633178713,True
FBgn0010280,False,0.0,1.0,0.9531442663378545,True
FBgn0010282,False,0.0,1.0,0.9862016323175387,True
FBgn0010287,False,0.0,0.5714285714285714,0.8037891687706731,True
FBgn0010288,False,0.0,1.0,0.9473802673556064,True
FBgn0010292,False,0.0,1.0,0.9709157810267551,True
FBgn0010294,False,0.0,,0.9732742254320552,True
FBgn0010295,False,0.0,0.8571428571428571,0.9801636231969154,True
FBgn0010296,False,0.0,,0.9732742254320552,True
FBgn0010300,False,0.0,1.0,0.9906445109897638,True
FBgn0010303,False,0.0,0.8571428571428571,0.9134030101970916,True
FBgn0010309,False,0.0,1.0,0.9621866009042335,True
FBgn0010313,False,0.0,1.0,0.9428786722251581,True
FBgn0010314,False,0.0,1.0,0.9920928502926036,True
FBgn0010315,False,0.0,0.8571428571428571,0.9171902217524905,True
FBgn0010316,False,0.0,1.0,0.9967510226449807,True
FBgn0010317,False,0.0,0.5714285714285714,0.7964887557982503,True
FBgn0010323,False,0.0,1.0,0.9723739064059655,True
FBgn0010328,False,0.0,1.0,0.9645939756913863,True
FBgn0010329,False,0.0,1.0,0.9774333078895348,True
FBgn0010333,False,0.0,0.5714285714285714,0.857123284990116,True
FBgn0010339,False,0.0,1.0,0.972109682343961,True
FBgn0010340,False,0.0,1.0,0.9407844518818624,True
FBgn0010341,False,0.0,0.5714285714285714,0.8896913471512732,True
FBgn0010342,False,0.0,1.0,0.9704166911318576,True
FBgn0010348,False,0.0,0.8571428571428571,0.8642866928933512,True
FBgn0010349,False,0.0,1.0,0.929285812146478,True
FBgn0010350,False,0.0,0.8571428571428571,0.9040377351104848,True
FBgn0010352,False,0.0,1.0,0.9181786154659151,True
FBgn0010355,False,0.0,0.8571428571428571,0.935392323801695,True
FBgn0010356,False,0.0,0.5714285714285714,0.8583563306128041,True
FBgn0010357,False,0.0,,0.9732742254320552,True
FBgn0010358,False,0.0,0.8571428571428571,0.9465533439022958,True
FBgn0010359,False,0.0,,0.9732742254320552,True
FBgn0010379,False,0.0,1.0,0.98078993208463,True
FBgn0010380,False,0.0,0.5714285714285714,0.8070968625839157,True
FBgn0010381,False,0.0,1.0,0.9417434873661754,True
FBgn0010382,False,0.0,1.0,0.9964182960483824,True
FBgn0010383,False,0.0,1.0,0.986299493081244,True
FBgn0010385,False,0.0,1.0,0.9369923472882782,True
FBgn0010387,False,0.0,1.0,0.9958898479243732,True
FBgn0010388,False,0.0,0.8571428571428571,0.8551367114868964,True
FBgn0010389,False,0.0,1.0,0.9270741588867359,True
FBgn0010391,False,0.0,1.0,0.9178654610220578,True
FBgn0010395,False,0.0,1.0,0.9975241226782534,True
FBgn0010397,False,0.0,1.0,0.935881627620222,True
FBgn0010398,False,0.0,1.0,0.9238936840663104,True
FBgn0010399,False,0.0,1.0,0.9715714481435813,True
FBgn0010401,False,0.0,0.8571428571428571,0.9470426477208228,True
FBgn0010403,False,0.0,1.0,0.9497338187227213,True
FBgn0010406,False,0.0,1.0,0.9586048969526159,True
FBgn0010407,False,0.0,1.0,0.9628814123265418,True
FBgn0010408,False,0.0,0.5714285714285714,0.7427436243712445,True
FBgn0010409,False,0.0,0.7142857142857143,0.8238995557121328,True
FBgn0010410,False,0.0,1.0,0.9012584894212514,True
FBgn0010411,False,0.0,0.7142857142857143,0.8132131603155031,True
FBgn0010412,False,0.0,0.7142857142857143,0.8168144364198618,True
FBgn0010414,False,0.0,0.7142857142857143,0.8860753919323586,True
FBgn0010415,False,0.0,1.0,0.9572739905662224,True
FBgn0010416,False,0.0,1.0,0.9801146928150628,True
FBgn0010417,False,0.0,1.0,0.9612862818781438,True
FBgn0010421,False,0.0,0.7142857142857143,0.8294580470905996,True
FBgn0010422,False,0.0,1.0,0.9575675728573385,True
FBgn0010423,False,0.0,1.0,0.9695799816021764,True
FBgn0010424,False,0.0,1.0,0.9676912688626622,True
FBgn0010425,False,0.0,,0.9732742254320552,True
FBgn0010426,False,0.0,1.0,0.9401092126122952,True
FBgn0010431,False,0.0,0.8571428571428571,0.8909146066975907,True
FBgn0010433,False,0.0,,0.9732742254320552,True
FBgn0010434,False,0.0,1.0,0.9648092693715382,True
FBgn0010435,False,0.0,1.0,0.9654453643356232,True
FBgn0010438,False,0.0,0.5714285714285714,0.8211398821756405,True
FBgn0010441,False,0.0,1.0,0.9747812811931185,True
FBgn0010452,False,0.0,0.42857142857142855,0.8493237821227957,True
FBgn0010453,False,0.0,1.0,0.9705585892392304,True
FBgn0010470,False,0.0,1.0,0.9973969036854364,True
FBgn0010473,False,0.0,1.0,0.9942555731704931,True
FBgn0010482,False,0.0,1.0,0.993854344039301,True
FBgn0010488,False,0.0,1.0,0.9552972031393733,True
FBgn0010497,False,0.0,1.0,0.9804474194116611,True
FBgn0010501,False,0.0,1.0,0.9892157438396649,True
FBgn0010504,False,0.0,1.0,0.9622159591333451,True
FBgn0010516,False,0.0,1.0,0.9684203315522675,True
FBgn0010520,False,0.0,1.0,0.9856927563462705,True
FBgn0010531,False,0.0,1.0,0.9751335799424579,True
FBgn0010548,False,0.0,1.0,0.9569706221987356,True
FBgn0010549,False,0.0,1.0,0.9962910770555653,True
FBgn0010551,False,0.0,1.0,0.989597400818116,True
FBgn0010575,False,0.0,0.5714285714285714,0.8401640146399703,True
FBgn0010583,False,0.0,1.0,0.9789599358033391,True
FBgn0010590,False,0.0,1.0,0.9044976806999002,True
FBgn0010591,False,0.0,1.0,0.9977394163584052,True
FBgn0010602,False,0.0,0.7142857142857143,0.9017477932397785,True
FBgn0010607,False,0.0,0.8571428571428571,0.9118470240541757,True
FBgn0010609,False,0.0,0.5714285714285714,0.8368269625976161,True
FBgn0010611,False,0.0,1.0,0.9521363004716888,True
FBgn0010612,False,0.0,1.0,0.9504041649541033,True
FBgn0010620,False,0.0,1.0,0.9847532930146987,True
FBgn0010621,False,0.0,1.0,0.9098115201691034,True
FBgn0010622,False,0.0,1.0,0.9732252950502026,True
FBgn0010638,False,0.0,1.0,0.965132209891766,True
FBgn0010651,False,0.0,1.0,0.9605131818448711,True
FBgn0010660,False,0.0,0.7142857142857143,0.8734171021470651,True
FBgn0010704,False,0.0,0.8571428571428571,0.9038028692775918,True
FBgn0010709,False,0.0,1.0,0.9627248351046132,True
FBgn0010741,False,0.0,1.0,0.9798211105239465,True
FBgn0010747,False,0.0,0.8571428571428571,0.92207347386139,True
FBgn0010750,False,0.0,0.5714285714285714,0.8244084316834008,True
FBgn0010762,False,0.0,0.8571428571428571,0.8638561055330476,True
FBgn0010768,False,0.0,1.0,0.9933943984498855,True
FBgn0010770,False,0.0,1.0,0.9766014913980389,True
FBgn0010772,False,0.0,1.0,0.9803104143424736,True
FBgn0010774,False,0.0,0.8571428571428571,0.9143620456814044,True
FBgn0010786,False,0.0,1.0,0.9932671794570685,True
FBgn0010803,False,0.0,1.0,0.974174544458145,True
FBgn0010808,False,0.0,1.0,0.967216644158691,True
FBgn0010812,False,0.0,1.0,0.9853796019024132,True
FBgn0010825,False,0.0,1.0,0.9602098134773844,True
FBgn0010830,False,0.0,0.5714285714285714,0.8614780889750063,True
FBgn0010877,False,0.0,1.0,0.9707885620339382,True
FBgn0010894,False,0.0,1.0,0.9957136985497035,True
FBgn0010905,False,0.0,1.0,0.9627248351046132,True
FBgn0010909,False,0.0,1.0,0.976151331884994,True
FBgn0010926,False,0.0,1.0,0.9719531051220324,True
FBgn0011016,False,0.0,1.0,0.9942164288650108,True
FBgn0011020,False,0.0,1.0,0.9687236999197542,True
FBgn0011202,False,0.0,1.0,0.9509913295363357,True
FBgn0011204,False,0.0,1.0,0.9666686238819407,True
FBgn0011205,False,0.0,1.0,0.9792828763235668,True
FBgn0011206,False,0.0,1.0,0.9975241226782534,True
FBgn0011207,False,0.0,1.0,0.9660814592997083,True
FBgn0011211,False,0.0,0.42857142857142855,0.741843305345155,True
FBgn0011217,False,0.0,0.5714285714285714,0.7959407355215,True
FBgn0011219,False,0.0,0.8571428571428571,0.8658035347307851,True
FBgn0011224,False,0.0,1.0,0.9608948388233222,True
FBgn0011225,False,0.0,1.0,0.9798308966003171,True
FBgn0011227,False,0.0,0.8571428571428571,0.8418961501575558,True
FBgn0011230,False,0.0,1.0,0.9541033018221674,True
FBgn0011232,False,0.0,1.0,0.9848022233965513,True
FBgn0011236,False,0.0,1.0,0.9710919304014248,True
FBgn0011239,False,0.0,0.8571428571428571,0.9801636231969154,True
FBgn0011241,False,0.0,1.0,0.9610416299688803,True
FBgn0011244,False,0.0,0.8571428571428571,0.9650881725480985,True
FBgn0011259,False,0.0,1.0,0.9974947644491418,True
FBgn0011260,False,0.0,1.0,0.9997944923962186,True
FBgn0011270,False,0.0,,0.9732742254320552,True
FBgn0011272,False,0.0,1.0,0.9397666999393264,True
FBgn0011273,False,0.0,0.8571428571428571,0.9650881725480985,True
FBgn0011274,False,0.0,1.0,0.9979155657330749,True
FBgn0011276,False,0.0,0.7142857142857143,0.7613665277043822,True
FBgn0011277,False,0.0,0.7142857142857143,0.87422934648582,True
FBgn0011278,False,0.0,,0.9732742254320552,True
FBgn0011279,False,0.0,0.42857142857142855,0.8972755563384417,True
FBgn0011280,False,0.0,1.0,0.9508836826962598,True
FBgn0011281,False,0.0,0.8571428571428571,0.9445863425518173,True
FBgn0011282,False,0.0,0.8571428571428571,0.9801636231969154,True
FBgn0011283,False,0.0,0.8571428571428571,0.8592468635625232,True
FBgn0011284,False,0.0,0.7142857142857143,0.8114320944160648,True
FBgn0011285,False,0.0,1.0,0.9365960111952714,True
FBgn0011286,False,0.0,1.0,0.9385238682402678,True
FBgn0011288,False,0.0,1.0,0.9652007124263599,True
FBgn0011289,False,0.0,1.0,0.9777171041042805,True
FBgn0011290,False,0.0,1.0,0.9660423149942262,True
FBgn0011291,False,0.0,0.5714285714285714,0.8197698314837649,True
FBgn0011293,False,0.0,1.0,0.9691053568982052,True
FBgn0011294,False,0.0,,0.9732742254320552,True
FBgn0011296,False,0.0,1.0,0.9324418217759771,True
FBgn0011297,False,0.0,1.0,0.9197933180670542,True
FBgn0011300,False,0.0,1.0,0.9717867418237331,True
FBgn0011305,False,0.0,1.0,0.9885600767228387,True
FBgn0011327,False,0.0,0.8571428571428571,0.9193235864012683,True
FBgn0011335,False,0.0,1.0,0.9745757735893371,True
FBgn0011336,False,0.0,1.0,0.9412443974712779,True
FBgn0011361,False,0.0,1.0,0.9065821149668252,True
FBgn0011455,False,0.0,0.42857142857142855,0.8412894134225823,True
FBgn0011474,False,0.0,0.42857142857142855,0.816364276906817,True
FBgn0011476,False,0.0,0.8571428571428571,0.8838197013289492,True
FBgn0011481,False,0.0,0.8571428571428571,0.8762257060654102,True
FBgn0011509,False,0.0,0.7142857142857143,0.8353296929129235,True
FBgn0011554,False,0.0,,0.9732742254320552,True
FBgn0011555,False,0.0,,0.9732742254320552,True
FBgn0011556,False,0.0,,0.9732742254320552,True
FBgn0011559,False,0.0,1.0,0.9519307928679075,True
FBgn0011566,False,0.0,1.0,0.9412639696240189,True
FBgn0011569,False,0.0,,0.9732742254320552,True
FBgn0011570,False,0.0,1.0,0.9749378584150471,True
FBgn0011571,False,0.0,1.0,0.9272698804141467,True
FBgn0011573,False,0.0,1.0,0.9696044467931028,True
FBgn0011576,False,0.0,1.0,0.9212416573698942,True
FBgn0011577,False,0.0,1.0,0.9656998023212573,True
FBgn0011581,False,0.0,0.5714285714285714,0.8768422288767541,True
FBgn0011582,False,0.0,0.8571428571428571,0.9302057033253087,True
FBgn0011584,False,0.0,0.8571428571428571,0.9208502143150725,True
FBgn0011586,False,0.0,0.5714285714285714,0.8347327422543206,True
FBgn0011589,False,0.0,1.0,0.9946274440725735,True
FBgn0011591,False,0.0,1.0,0.9924842933474253,True
FBgn0011592,False,0.0,1.0,0.9919069148415633,True
FBgn0011596,False,0.0,0.8571428571428571,0.8980192981426027,True
FBgn0011603,False,0.0,0.8571428571428571,0.8495586479556887,True
FBgn0011604,False,0.0,0.8571428571428571,0.9115827999921712,True
FBgn0011606,False,0.0,1.0,0.9957528428551856,True
FBgn0011638,False,0.0,1.0,0.9623921085080148,True
FBgn0011640,False,0.0,0.8571428571428571,0.8931360460337032,True
FBgn0011642,False,0.0,0.42857142857142855,0.6489049380541365,True
FBgn0011648,False,0.0,0.7142857142857143,0.8391854070029162,True
FBgn0011653,False,0.0,1.0,0.912522263323743,True
FBgn0011655,False,0.0,0.8571428571428571,0.8709412248253185,True
FBgn0011656,False,0.0,1.0,0.9747617090403774,True
FBgn0011659,False,0.0,1.0,0.9874346779402267,True
FBgn0011660,False,0.0,0.7142857142857143,0.8533556455874581,True
FBgn0011661,False,0.0,1.0,0.9434071203491672,True
FBgn0011666,False,0.0,1.0,0.8997514336601883,True
FBgn0011668,False,0.0,1.0,0.972887675415419,True
FBgn0011669,False,0.0,0.8571428571428571,0.9160697160080638,True
FBgn0011670,False,0.0,0.8571428571428571,0.9007153621826864,True
FBgn0011672,False,0.0,1.0,0.9676080872135127,True
FBgn0011674,False,0.0,1.0,0.99927583034858,True
FBgn0011676,False,0.0,1.0,0.9940500655667117,True
FBgn0011692,False,0.0,1.0,0.9849979449239622,True
FBgn0011693,False,0.0,0.7142857142857143,0.8637680308457127,True
FBgn0011694,False,0.0,,0.9732742254320552,True
FBgn0011695,False,0.0,1.0,0.9204881294893625,True
FBgn0011701,False,0.0,0.8571428571428571,0.8951568708042198,True
FBgn0011703,False,0.0,1.0,0.963899164269078,True
FBgn0011704,False,0.0,1.0,0.9631847806940285,True
FBgn0011705,False,0.0,0.8571428571428571,0.8559881001311334,True
FBgn0011706,False,0.0,1.0,0.9898224805746384,True
FBgn0011708,False,0.0,0.8571428571428571,0.9168868533850039,True
FBgn0011710,False,0.0,1.0,0.9968097391032039,True
FBgn0011715,False,0.0,1.0,0.9627639794100953,True
FBgn0011722,False,0.0,1.0,0.9952831111893997,True
FBgn0011723,False,0.0,0.8571428571428571,0.9650881725480985,True
FBgn0011725,False,0.0,0.7142857142857143,0.8825964417826316,True
FBgn0011726,False,0.0,0.8571428571428571,0.8514962910770556,True
FBgn0011737,False,0.0,1.0,0.9768950736891551,True
FBgn0011739,False,0.0,1.0,0.9743604799091852,True
FBgn0011740,False,0.0,1.0,0.9643688959348639,True
FBgn0011741,False,0.0,1.0,0.9705634822774157,True
FBgn0011742,False,0.0,1.0,0.9735873798759126,True
FBgn0011743,False,0.0,1.0,0.9695261581821385,True
FBgn0011744,False,0.0,1.0,0.9867887968997711,True
FBgn0011745,False,0.0,1.0,0.973215508973832,True
FBgn0011746,False,0.0,0.7142857142857143,0.8428160413363865,True
FBgn0011747,False,0.0,0.5714285714285714,0.7317538606071281,True
FBgn0011754,False,0.0,1.0,0.9927974477912825,True
FBgn0011758,False,0.0,0.8571428571428571,0.9650881725480985,True
FBgn0011760,False,0.0,0.5714285714285714,0.8228915898459672,True
FBgn0011761,False,0.0,1.0,0.9574892842463743,True
FBgn0011762,False,0.0,1.0,0.953751003072828,True
FBgn0011763,False,0.0,0.42857142857142855,0.8768422288767541,True
FBgn0011764,False,0.0,0.8571428571428571,0.8958957195701955,True
FBgn0011766,False,0.0,1.0,0.98042784725892,True
FBgn0011768,False,0.0,1.0,0.9445031609026677,True
FBgn0011769,False,0.0,1.0,0.9875325387039321,True
FBgn0011770,False,0.0,1.0,0.989597400818116,True
FBgn0011771,False,0.0,0.8571428571428571,0.8821658544223279,True
FBgn0011774,False,0.0,1.0,0.9730002152936802,True
FBgn0011785,False,0.0,1.0,0.938837022684125,True
FBgn0011787,False,0.0,1.0,0.9653768618010296,True
FBgn0011802,False,0.0,0.8571428571428571,0.863846319456677,True
FBgn0011812,False,0.0,0.8571428571428571,0.9445863425518173,True
FBgn0011817,False,0.0,1.0,0.986553931066878,True
FBgn0011818,False,0.0,0.7142857142857143,0.907776016284031,True
FBgn0011822,False,0.0,,0.9732742254320552,True
FBgn0011823,False,0.0,1.0,0.9953613998003641,True
FBgn0011824,False,0.0,1.0,0.9248037891687707,True
FBgn0011826,False,0.0,0.7142857142857143,0.8789364492200498,True
FBgn0011828,False,0.0,0.7142857142857143,0.8431976983148377,True
FBgn0011829,False,0.0,1.0,0.9887655843266201,True
FBgn0011832,False,0.0,,0.9732742254320552,True
FBgn0011834,False,0.0,,0.9732742254320552,True
FBgn0011836,False,0.0,0.7142857142857143,0.9235120270878594,True
FBgn0011837,False,0.0,0.42857142857142855,0.8053060106081067,True
FBgn0011840,False,0.0,,0.9732742254320552,True
FBgn0011844,False,0.0,,0.9732742254320552,True
FBgn0011845,False,0.0,0.8571428571428571,0.9445863425518173,True
FBgn0011848,False,0.0,,0.9732742254320552,True
FBgn0011849,False,0.0,,0.9732742254320552,True
FBgn0011850,False,0.0,,0.9732742254320552,True
FBgn0011851,False,0.0,,0.9732742254320552,True
FBgn0011852,False,0.0,,0.9732742254320552,True
FBgn0011853,False,0.0,,0.9732742254320552,True
FBgn0011854,False,0.0,,0.9732742254320552,True
FBgn0011855,False,0.0,,0.9732742254320552,True
FBgn0011858,False,0.0,1.0,0.9718943886638092,True
FBgn0011859,False,0.0,1.0,0.9734405887303544,True
FBgn0011860,False,0.0,0.8571428571428571,0.9801636231969154,True
FBgn0011861,False,0.0,,0.9732742254320552,True
FBgn0011862,False,0.0,,0.9732742254320552,True
FBgn0011863,False,0.0,,0.9732742254320552,True
FBgn0011864,False,0.0,,0.9732742254320552,True
FBgn0011865,False,0.0,,0.9732742254320552,True
FBgn0011866,False,0.0,,0.9732742254320552,True
FBgn0011867,False,0.0,,0.9732742254320552,True
FBgn0011868,False,0.0,,0.9732742254320552,True
FBgn0011869,False,0.0,,0.9732742254320552,True
FBgn0011870,False,0.0,,0.9732742254320552,True
FBgn0011871,False,0.0,,0.9732742254320552,True
FBgn0011872,False,0.0,,0.9732742254320552,True
FBgn0011877,False,0.0,0.42857142857142855,0.8972755563384417,True
FBgn0011878,False,0.0,0.8571428571428571,0.9473460160883096,True
FBgn0011879,False,0.0,,0.9732742254320552,True
FBgn0011880,False,0.0,,0.9732742254320552,True
FBgn0011881,False,0.0,,0.9732742254320552,True
FBgn0011882,False,0.0,0.8571428571428571,0.9390523163642769,True
FBgn0011883,False,0.0,1.0,0.9669377409821306,True
FBgn0011884,False,0.0,1.0,0.9676912688626622,True
FBgn0011885,False,0.0,0.8571428571428571,0.9650881725480985,True
FBgn0011887,False,0.0,,0.9732742254320552,True
FBgn0011888,False,0.0,,0.9732742254320552,True
FBgn0011889,False,0.0,,0.9732742254320552,True
FBgn0011890,False,0.0,,0.9732742254320552,True
FBgn0011891,False,0.0,,0.9732742254320552,True
FBgn0011892,False,0.0,,0.9732742254320552,True
FBgn0011893,False,0.0,,0.9732742254320552,True
FBgn0011894,False,0.0,0.8571428571428571,0.9473460160883096,True
FBgn0011895,False,0.0,,0.9732742254320552,True
FBgn0011896,False,0.0,,0.9732742254320552,True
FBgn0011897,False,0.0,0.8571428571428571,0.9585461804943926,True
FBgn0011902,False,0.0,,0.9732742254320552,True
FBgn0011904,False,0.0,,0.9732742254320552,True
FBgn0011905,False,0.0,,0.9732742254320552,True
FBgn0011906,False,0.0,,0.9732742254320552,True
FBgn0011909,False,0.0,0.8571428571428571,0.9801636231969154,True
FBgn0011910,False,0.0,0.8571428571428571,0.9689585657526472,True
FBgn0011915,False,0.0,,0.9732742254320552,True
FBgn0011916,False,0.0,,0.9732742254320552,True
FBgn0011919,False,0.0,,0.9732742254320552,True
FBgn0011921,False,0.0,,0.9732742254320552,True
FBgn0011927,False,0.0,,0.9732742254320552,True
FBgn0011928,False,0.0,,0.9732742254320552,True
FBgn0011931,False,0.0,0.8571428571428571,0.9598428356134892,True
FBgn0011932,False,0.0,,0.9732742254320552,True
FBgn0011933,False,0.0,,0.9732742254320552,True
FBgn0011934,False,0.0,,0.9732742254320552,True
FBgn0011935,False,0.0,,0.9732742254320552,True
FBgn0011936,False,0.0,0.8571428571428571,0.9801636231969154,True
FBgn0011937,False,0.0,,0.9732742254320552,True
FBgn0011938,False,0.0,,0.9732742254320552,True
FBgn0011944,False,0.0,,0.9732742254320552,True
FBgn0011945,False,0.0,,0.9732742254320552,True
FBgn0011948,False,0.0,,0.9732742254320552,True
FBgn0011949,False,0.0,,0.9732742254320552,True
FBgn0011950,False,0.0,,0.9732742254320552,True
FBgn0011951,False,0.0,,0.9732742254320552,True
FBgn0011952,False,0.0,,0.9732742254320552,True
FBgn0011953,False,0.0,,0.9732742254320552,True
FBgn0011954,False,0.0,0.8571428571428571,0.9480310414342473,True
FBgn0011955,False,0.0,,0.9732742254320552,True
FBgn0011956,False,0.0,,0.9732742254320552,True
FBgn0011957,False,0.0,,0.9732742254320552,True
FBgn0011958,False,0.0,,0.9732742254320552,True
FBgn0011959,False,0.0,,0.9732742254320552,True
FBgn0011960,False,0.0,,0.9732742254320552,True
FBgn0011961,False,0.0,,0.9732742254320552,True
FBgn0011962,False,0.0,,0.9732742254320552,True
FBgn0011963,False,0.0,0.8571428571428571,0.9650881725480985,True
FBgn0011965,False,0.0,,0.9732742254320552,True
FBgn0011966,False,0.0,0.8571428571428571,0.9480310414342473,True
FBgn0011970,False,0.0,,0.9732742254320552,True
FBgn0011971,False,0.0,0.8571428571428571,0.9585461804943926,True
FBgn0011974,False,0.0,,0.9732742254320552,True
FBgn0011975,False,0.0,,0.9732742254320552,True
FBgn0011976,False,0.0,,0.9732742254320552,True
FBgn0011977,False,0.0,,0.9732742254320552,True
FBgn0011980,False,0.0,,0.9732742254320552,True
FBgn0011981,False,0.0,0.8571428571428571,0.9650881725480985,True
FBgn0011982,False,0.0,,0.9732742254320552,True
FBgn0011983,False,0.0,,0.9732742254320552,True
FBgn0011984,False,0.0,0.8571428571428571,0.9801636231969154,True
FBgn0011985,False,0.0,,0.9732742254320552,True
FBgn0011986,False,0.0,,0.9732742254320552,True
FBgn0011987,False,0.0,0.8571428571428571,0.8714403147202161,True
FBgn0011993,False,0.0,,0.9732742254320552,True
FBgn0011994,False,0.0,,0.9732742254320552,True
FBgn0011998,False,0.0,,0.9732742254320552,True
FBgn0011999,False,0.0,,0.9732742254320552,True
FBgn0012000,False,0.0,0.8571428571428571,0.9801636231969154,True
FBgn0012001,False,0.0,,0.9732742254320552,True
FBgn0012002,False,0.0,,0.9732742254320552,True
FBgn0012003,False,0.0,0.8571428571428571,0.9446695242009668,True
FBgn0012004,False,0.0,,0.9732742254320552,True
FBgn0012009,False,0.0,,0.9732742254320552,True
FBgn0012010,False,0.0,,0.9732742254320552,True
FBgn0012011,False,0.0,0.8571428571428571,0.9345017908519758,True
FBgn0012016,False,0.0,,0.9732742254320552,True
FBgn0012017,False,0.0,0.8571428571428571,0.9480310414342473,True
FBgn0012018,False,0.0,,0.9732742254320552,True
FBgn0012024,False,0.0,,0.9732742254320552,True
FBgn0012025,False,0.0,,0.9732742254320552,True
FBgn0012026,False,0.0,,0.9732742254320552,True
FBgn0012027,False,0.0,,0.9732742254320552,True
FBgn0012028,False,0.0,,0.9732742254320552,True
FBgn0012034,False,0.0,1.0,0.9852719550623373,True
FBgn0012036,False,0.0,1.0,0.9675689429080304,True
FBgn0012037,False,0.0,1.0,0.9635860098252207,True
FBgn0012042,False,0.0,1.0,0.9486622433601472,True
FBgn0012049,False,0.0,1.0,0.9308907286712466,True
FBgn0012051,False,0.0,0.8571428571428571,0.9196563129978667,True
FBgn0012058,False,0.0,0.7142857142857143,0.8810502417160864,True
FBgn0012066,False,0.0,1.0,0.9604055350047952,True
FBgn0012344,False,0.0,1.0,0.9492885522478618,True
FBgn0013263,False,0.0,0.42857142857142855,0.5680230168516235,True
FBgn0013269,False,0.0,1.0,0.9588789070909909,True
FBgn0013272,False,0.0,1.0,0.9957430567788151,True
FBgn0013275,False,0.0,,0.9732742254320552,True
FBgn0013276,False,0.0,0.8571428571428571,0.8877634901062768,True
FBgn0013277,False,0.0,0.7142857142857143,0.7844029514806333,True
FBgn0013278,False,0.0,1.0,0.964153602254712,True
FBgn0013279,False,0.0,0.5714285714285714,0.7061828430509072,True
FBgn0013300,False,0.0,,0.9732742254320552,True
FBgn0013301,False,0.0,,0.9732742254320552,True
FBgn0013303,False,0.0,0.5714285714285714,0.7007417845888869,True
FBgn0013305,False,0.0,1.0,0.974556201436596,True
FBgn0013307,False,0.0,,0.9732742254320552,True
FBgn0013308,False,0.0,0.8571428571428571,0.9650881725480985,True
FBgn0013323,False,0.0,0.8571428571428571,0.8942125144344626,True
FBgn0013325,False,0.0,0.8571428571428571,0.8617716712661225,True
FBgn0013334,False,0.0,1.0,0.9603761767756835,True
FBgn0013342,False,0.0,0.5714285714285714,0.790431174524886,True
FBgn0013343,False,0.0,1.0,0.9526941068248097,True
FBgn0013347,False,0.0,1.0,0.9855263930479714,True
FBgn0013348,False,0.0,0.8571428571428571,0.9161528976572133,True
FBgn0013432,False,0.0,1.0,0.9756326698373554,True
FBgn0013433,False,0.0,1.0,0.9657878770085921,True
FBgn0013435,False,0.0,1.0,0.9670992112422445,True
FBgn0013442,False,0.0,0.7142857142857143,0.8483745327148533,True
FBgn0013467,False,0.0,1.0,0.9657878770085921,True
FBgn0013469,False,0.0,1.0,0.9372516783120975,True
FBgn0013531,False,0.0,0.8571428571428571,0.9020805198363768,True
FBgn0013548,False,0.0,1.0,0.985555751277083,True
FBgn0013563,False,0.0,0.7142857142857143,0.9043606756307127,True
FBgn0013576,False,0.0,1.0,0.9965846593466815,True
FBgn0013591,False,0.0,1.0,0.962069167987787,True
FBgn0013717,False,0.0,0.8571428571428571,0.9365079365079365,True
FBgn0013718,False,0.0,1.0,0.9737831014033234,True
FBgn0013720,False,0.0,1.0,0.9930714579296577,True
FBgn0013725,False,0.0,,0.9732742254320552,True
FBgn0013726,False,0.0,1.0,0.974536629283855,True
FBgn0013732,False,0.0,1.0,0.9820914802419118,True
FBgn0013733,False,0.0,1.0,0.9742724052218503,True
FBgn0013745,False,0.0,1.0,0.9747861742313038,True
FBgn0013746,False,0.0,0.42857142857142855,0.7935235746579767,True
FBgn0013749,False,0.0,0.8571428571428571,0.8634353042491144,True
FBgn0013750,False,0.0,0.8571428571428571,0.8973244867202943,True
FBgn0013751,False,0.0,0.8571428571428571,0.9602832090501634,True
FBgn0013753,False,0.0,1.0,0.9370755289374278,True
FBgn0013755,False,0.0,0.7142857142857143,0.8681130487542325,True
FBgn0013756,False,0.0,0.7142857142857143,0.8754232478030258,True
FBgn0013759,False,0.0,0.7142857142857143,0.8595208737008984,True
FBgn0013762,False,0.0,1.0,0.9720216076566262,True
FBgn0013763,False,0.0,1.0,0.995615837785998,True
FBgn0013764,False,0.0,0.5714285714285714,0.8024386902315386,True
FBgn0013765,False,0.0,1.0,0.9957919871606677,True
FBgn0013767,False,0.0,1.0,0.970333509482708,True
FBgn0013770,False,0.0,1.0,0.9690564265163525,True
FBgn0013771,False,0.0,1.0,0.9937956275810776,True
FBgn0013772,False,0.0,1.0,0.9734014444248723,True
FBgn0013773,False,0.0,1.0,0.9884817881118744,True
FBgn0013799,False,0.0,0.8571428571428571,0.9119546708942516,True
FBgn0013809,False,0.0,1.0,0.9620495958350459,True
FBgn0013810,False,0.0,1.0,0.9845477854109174,True
FBgn0013811,False,0.0,1.0,0.9984244417043431,True
FBgn0013812,False,0.0,0.8571428571428571,0.8892607597909694,True
FBgn0013813,False,0.0,1.0,0.9802223396551387,True
FBgn0013948,False,0.0,1.0,0.9822284853110994,True
FBgn0013949,False,0.0,1.0,0.9320210204920439,True
FBgn0013953,False,0.0,1.0,0.977619243340575,True
FBgn0013954,False,0.0,1.0,0.9727751355371578,True
FBgn0013955,False,0.0,0.7142857142857143,0.895034544849588,True
FBgn0013972,False,0.0,1.0,0.9830798739553364,True
FBgn0013973,False,0.0,0.8571428571428571,0.9801636231969154,True
FBgn0013981,False,0.0,1.0,0.9322314211340106,True
FBgn0013983,False,0.0,1.0,0.9727555633844166,True
FBgn0013984,False,0.0,0.5714285714285714,0.7500342512672968,True
FBgn0013987,False,0.0,0.5714285714285714,0.886970817920263,True
FBgn0013988,False,0.0,1.0,0.9646331199968684,True
FBgn0013995,False,0.0,1.0,0.9344626465464937,True
FBgn0013997,False,0.0,1.0,0.9883252108899457,True
FBgn0013998,False,0.0,1.0,0.962450824966238,True
FBgn0014000,False,0.0,0.5714285714285714,0.8692286614604741,True
FBgn0014001,False,0.0,0.8571428571428571,0.9374669719922494,True
FBgn0014002,False,0.0,1.0,0.9807214295500362,True
FBgn0014006,False,0.0,1.0,0.9694967999530268,True
FBgn0014007,False,0.0,0.5714285714285714,0.7710253850821052,True
FBgn0014009,False,0.0,1.0,0.98078993208463,True
FBgn0014010,False,0.0,1.0,0.9595835045896698,True
FBgn0014011,False,0.0,1.0,0.9674025796097313,True
FBgn0014018,False,0.0,1.0,0.9832755954827471,True
FBgn0014019,False,0.0,1.0,0.9446890963537079,True
FBgn0014020,False,0.0,0.42857142857142855,0.7648210126631829,True
FBgn0014022,False,0.0,0.5714285714285714,0.787006047795197,True
FBgn0014023,False,0.0,1.0,0.9823067739220637,True
FBgn0014024,False,0.0,0.8571428571428571,0.8892901180200811,True
FBgn0014026,False,0.0,0.7142857142857143,0.8491672049008671,True
FBgn0014028,False,0.0,0.8571428571428571,0.8703540602430861,True
FBgn0014029,False,0.0,1.0,0.9902824261640538,True
FBgn0014031,False,0.0,1.0,0.9728240659190104,True
FBgn0014032,False,0.0,1.0,0.9700350341534065,True
FBgn0014033,False,0.0,1.0,0.990703227447987,True
FBgn0014037,False,0.0,1.0,0.9231988726440021,True
FBgn0014073,False,0.0,1.0,0.9838236157594974,True
FBgn0014075,False,0.0,0.42857142857142855,0.8173233123911299,True
FBgn0014076,False,0.0,,0.9732742254320552,True
FBgn0014092,False,0.0,0.8571428571428571,0.8847298064314094,True
FBgn0014127,False,0.0,1.0,0.9844205664181003,True
FBgn0014133,False,0.0,1.0,0.9487894623529642,True
FBgn0014135,False,0.0,1.0,0.9283952791967588,True
FBgn0014141,False,0.0,1.0,0.9732937975847964,True
FBgn0014143,False,0.0,,0.9732742254320552,True
FBgn0014163,False,0.0,1.0,0.9939130604975241,True
FBgn0014179,False,0.0,0.8571428571428571,0.8815591176873545,True
FBgn0014184,False,0.0,0.8571428571428571,0.8861292153523966,True
FBgn0014189,False,0.0,1.0,0.9356565478636996,True
FBgn0014269,False,0.0,0.8571428571428571,0.8911201143013721,True
FBgn0014340,False,0.0,0.8571428571428571,0.9222887675415419,True
FBgn0014342,False,0.0,1.0,0.9869845184271818,True
FBgn0014343,False,0.0,1.0,0.9967901669504629,True
FBgn0014362,False,0.0,0.7142857142857143,0.8222359227291409,True
FBgn0014366,False,0.0,1.0,0.9553069892157439,True
FBgn0014368,False,0.0,0.8571428571428571,0.9473460160883096,True
FBgn0014380,False,0.0,0.7142857142857143,0.8730941616268374,True
FBgn0014388,False,0.0,0.8571428571428571,0.8890943964926702,True
FBgn0014391,False,0.0,1.0,0.9737341710214706,True
FBgn0014395,False,0.0,0.8571428571428571,0.9029514806333548,True
FBgn0014396,False,0.0,1.0,0.9771103673693069,True
FBgn0014411,False,0.0,0.8571428571428571,0.9223279118470241,True
FBgn0014417,False,0.0,1.0,0.9897539780400446,True
FBgn0014427,False,0.0,0.7142857142857143,0.8816569784510598,True
FBgn0014454,False,0.0,,0.9732742254320552,True
FBgn0014455,False,0.0,0.7142857142857143,0.8281760710860587,True
FBgn0014462,False,0.0,0.8571428571428571,0.9710283209050163,True
FBgn0014464,False,0.0,0.7142857142857143,0.8650010764684007,True
FBgn0014465,False,0.0,0.42857142857142855,0.7764762296204959,True
FBgn0014466,False,0.0,1.0,0.9466756698569275,True
FBgn0014467,False,0.0,0.42857142857142855,0.748585911964457,True
FBgn0014469,False,0.0,1.0,0.9928365920967647,True
FBgn0014848,False,0.0,,0.9732742254320552,True
FBgn0014849,False,0.0,,0.9732742254320552,True
FBgn0014850,False,0.0,,0.9732742254320552,True
FBgn0014851,False,0.0,,0.9732742254320552,True
FBgn0014857,False,0.0,1.0,0.9564911044565791,True
FBgn0014859,False,0.0,1.0,0.9379562758107765,True
FBgn0014861,False,0.0,1.0,0.9652202845791008,True
FBgn0014863,False,0.0,1.0,0.9602685299356076,True
FBgn0014865,False,0.0,0.8571428571428571,0.8476405769870627,True
FBgn0014868,False,0.0,1.0,0.920585990253068,True
FBgn0014869,False,0.0,1.0,0.9956354099387391,True
FBgn0014870,False,0.0,0.5714285714285714,0.8186248605484117,True
FBgn0014877,False,0.0,1.0,0.9449924647211947,True
FBgn0014879,False,0.0,1.0,0.9725402697042648,True
FBgn0014903,False,0.0,,0.9732742254320552,True
FBgn0014906,False,0.0,1.0,0.9924451490419431,True
FBgn0014930,False,0.0,1.0,0.9616483667038538,True
FBgn0014931,False,0.0,1.0,0.9817978979507956,True
FBgn0014949,False,0.0,0.7142857142857143,0.7914978568492749,True
FBgn0014963,False,0.0,1.0,0.9343843579355293,True
FBgn0015000,False,0.0,0.8571428571428571,0.9288356526334332,True
FBgn0015001,False,0.0,0.8571428571428571,0.8969672949327696,True
FBgn0015008,False,0.0,,0.9732742254320552,True
FBgn0015010,False,0.0,1.0,0.9582721703560174,True
FBgn0015011,False,0.0,1.0,0.9458976767854697,True
FBgn0015014,False,0.0,1.0,0.9831581625663006,True
FBgn0015019,False,0.0,0.5714285714285714,0.7882586655706261,True
FBgn0015024,False,0.0,0.5714285714285714,0.8207777973499305,True
FBgn0015025,False,0.0,0.5714285714285714,0.7712700369913688,True
FBgn0015031,False,0.0,1.0,0.9514023447438984,True
FBgn0015032,False,0.0,1.0,0.9507271054743311,True
FBgn0015033,False,0.0,1.0,0.9807018573972951,True
FBgn0015034,False,0.0,1.0,0.9526158182138453,True
FBgn0015035,False,0.0,1.0,0.9745953457420782,True
FBgn0015036,False,0.0,1.0,0.9769635762237489,True
FBgn0015037,False,0.0,0.7142857142857143,0.8576125888086431,True
FBgn0015038,False,0.0,1.0,0.9755397021118353,True
FBgn0015039,False,0.0,0.8571428571428571,0.9650881725480985,True
FBgn0015040,False,0.0,1.0,0.9929344528604701,True
FBgn0015075,False,0.0,1.0,0.9381422112618167,True
FBgn0015129,False,0.0,,0.9732742254320552,True
FBgn0015218,False,0.0,0.8571428571428571,0.9182373319241384,True
FBgn0015221,False,0.0,1.0,0.9428395279196758,True
FBgn0015222,False,0.0,1.0,0.9383770770947096,True
FBgn0015229,False,0.0,0.8571428571428571,0.8791517429002016,True
FBgn0015230,False,0.0,,0.9732742254320552,True
FBgn0015239,False,0.0,0.7142857142857143,0.8713815982619928,True
FBgn0015240,False,0.0,1.0,0.985086019611297,True
FBgn0015245,False,0.0,1.0,0.9472921926682716,True
FBgn0015247,False,0.0,0.7142857142857143,0.8948975397804004,True
FBgn0015268,False,0.0,1.0,0.9646331199968685,True
FBgn0015269,False,0.0,0.7142857142857143,0.8545006165228113,True
FBgn0015270,False,0.0,1.0,0.9765427749398157,True
FBgn0015271,False,0.0,0.8571428571428571,0.9276808956217094,True
FBgn0015277,False,0.0,0.8571428571428571,0.8783101403323351,True
FBgn0015278,False,0.0,0.7142857142857143,0.9087546239210851,True
FBgn0015279,False,0.0,1.0,0.9752216546297927,True
FBgn0015282,False,0.0,1.0,0.9540739435930558,True
FBgn0015283,False,0.0,1.0,0.9518133599514611,True
FBgn0015286,False,0.0,1.0,0.9844988550290646,True
FBgn0015288,False,0.0,1.0,0.9807997181610005,True
FBgn0015295,False,0.0,1.0,0.9818761865617599,True
FBgn0015296,False,0.0,1.0,0.9715127316853581,True
FBgn0015298,False,0.0,1.0,0.9366155833480124,True
FBgn0015299,False,0.0,0.5714285714285714,0.7359129430646076,True
FBgn0015300,False,0.0,0.8571428571428571,0.9465533439022958,True
FBgn0015316,False,0.0,1.0,0.9428003836141937,True
FBgn0015320,False,0.0,1.0,0.9486818155128882,True
FBgn0015321,False,0.0,1.0,0.964280821247529,True
FBgn0015323,False,0.0,1.0,0.9750014679114556,True
FBgn0015324,False,0.0,0.7142857142857143,0.8561544634294326,True
FBgn0015331,False,0.0,1.0,0.9678625251991466,True
FBgn0015336,False,0.0,1.0,0.9033918540700292,True
FBgn0015338,False,0.0,0.7142857142857143,0.8674867398665179,True
FBgn0015350,False,0.0,,0.9732742254320552,True
FBgn0015351,False,0.0,,0.9732742254320552,True
FBgn0015359,False,0.0,0.7142857142857143,0.8799444150862153,True
FBgn0015360,False,0.0,1.0,0.9864267120740611,True
FBgn0015371,False,0.0,1.0,0.9990703227447987,True
FBgn0015372,False,0.0,1.0,0.9605033957685005,True
FBgn0015374,False,0.0,0.8571428571428571,0.8958467891883428,True
FBgn0015376,False,0.0,1.0,0.990703227447987,True
FBgn0015379,False,0.0,1.0,0.9688900632180534,True
FBgn0015380,False,0.0,1.0,0.988149061515276,True
FBgn0015381,False,0.0,0.7142857142857143,0.8641692599769049,True
FBgn0015391,False,0.0,0.8571428571428571,0.9254398841328557,True
FBgn0015393,False,0.0,0.8571428571428571,0.8896717749985321,True
FBgn0015396,False,0.0,1.0,0.9589669817783258,True
FBgn0015399,False,0.0,1.0,0.9689292075235355,True
FBgn0015400,False,0.0,0.8571428571428571,0.9689585657526472,True
FBgn0015402,False,0.0,1.0,0.9453447634705341,True
FBgn0015477,False,0.0,1.0,0.9801146928150627,True
FBgn0015509,False,0.0,1.0,0.9823752764566575,True
FBgn0015513,False,0.0,1.0,0.9420664278864033,True
FBgn0015519,False,0.0,1.0,0.9841269841269841,True
FBgn0015520,False,0.0,1.0,0.9871998121073337,True
FBgn0015521,False,0.0,1.0,0.9284735678077232,True
FBgn0015522,False,0.0,1.0,0.9985125163916779,True
FBgn0015524,False,0.0,0.8571428571428571,0.9689585657526472,True
FBgn0015527,False,0.0,0.8571428571428571,0.9017380071634079,True
FBgn0015541,False,0.0,1.0,0.9977981328166284,True
FBgn0015542,False,0.0,1.0,0.9696729493276965,True
FBgn0015543,False,0.0,0.42857142857142855,0.7124263597753117,True
FBgn0015544,False,0.0,1.0,0.9623333920497915,True
FBgn0015546,False,0.0,1.0,0.9665414048891238,True
FBgn0015550,False,0.0,1.0,0.9669377409821306,True
FBgn0015553,False,0.0,0.7142857142857143,0.8639441802203824,True
FBgn0015558,False,0.0,1.0,0.9813085941322686,True
FBgn0015561,False,0.0,1.0,0.9223376979233946,True
FBgn0015562,False,0.0,1.0,0.9885600767228387,True
FBgn0015565,False,0.0,0.8571428571428571,0.8848374532714853,True
FBgn0015567,False,0.0,0.8571428571428571,0.8931849764155559,True
FBgn0015568,False,0.0,1.0,0.9994226214941382,True
FBgn0015569,False,0.0,1.0,0.9828939385042961,True
FBgn0015570,False,0.0,1.0,0.9075802947566203,True
FBgn0015571,False,0.0,0.5714285714285714,0.8317969193431586,True
FBgn0015572,False,0.0,1.0,0.9697120936331787,True
FBgn0015574,False,0.0,1.0,0.9416847709079521,True
FBgn0015575,False,0.0,1.0,0.9897441919636741,True
FBgn0015576,False,0.0,1.0,0.9983657252461198,True
FBgn0015577,False,0.0,1.0,0.9760143268158065,True
FBgn0015582,False,0.0,1.0,0.9870628070381461,True
FBgn0015583,False,0.0,1.0,0.9696827354040671,True
FBgn0015584,False,0.0,1.0,0.9747861742313038,True
FBgn0015585,False,0.0,0.8571428571428571,0.9627150490282426,True
FBgn0015586,False,0.0,0.8571428571428571,0.9488481788111874,True
FBgn0015589,False,0.0,0.5714285714285714,0.8680445462196387,True
FBgn0015591,False,0.0,0.5714285714285714,0.8383535905114203,True
FBgn0015600,False,0.0,1.0,0.9825024954494745,True
FBgn0015602,False,0.0,1.0,0.9461667938856595,True
FBgn0015609,False,0.0,1.0,0.9883545691190574,True
FBgn0015610,False,0.0,1.0,0.9624899692717201,True
FBgn0015614,False,0.0,0.42857142857142855,0.8101109741060419,True
FBgn0015615,False,0.0,1.0,0.9726674886970818,True
FBgn0015617,False,0.0,1.0,0.9901258489421252,True
FBgn0015618,False,0.0,0.8571428571428571,0.9052903528859139,True
FBgn0015621,False,0.0,1.0,0.9384260074765624,True
FBgn0015622,False,0.0,1.0,0.9755152369209089,True
FBgn0015623,False,0.0,0.8571428571428571,0.9194214471649736,True
FBgn0015624,False,0.0,1.0,0.9533497739416359,True
FBgn0015625,False,0.0,1.0,0.9874836083220794,True
FBgn0015657,False,0.0,1.0,0.9800951206623216,True
FBgn0015663,False,0.0,1.0,0.9706809151938621,True
FBgn0015664,False,0.0,1.0,0.954259879044096,True
FBgn0015714,False,0.0,1.0,0.9733035836611669,True
FBgn0015721,False,0.0,0.8571428571428571,0.9465239856731842,True
FBgn0015737,False,0.0,1.0,0.9695065860293974,True
FBgn0015754,False,0.0,0.8571428571428571,0.9271230892685887,True
FBgn0015756,False,0.0,0.5714285714285714,0.7728455952870257,True
FBgn0015765,False,0.0,0.8571428571428571,0.8809523809523809,True
FBgn0015766,False,0.0,1.0,0.9838627600649795,True
FBgn0015770,False,0.0,0.8571428571428571,0.9801636231969154,True
FBgn0015772,False,0.0,1.0,0.9712974380052062,True
FBgn0015773,False,0.0,0.8571428571428571,0.8987043234885405,True
FBgn0015774,False,0.0,1.0,0.9889123754721781,True
FBgn0015776,False,0.0,1.0,0.9331415262364707,True
FBgn0015777,False,0.0,1.0,0.9957724150079267,True
FBgn0015778,False,0.0,1.0,0.9832560233300061,True
FBgn0015781,False,0.0,1.0,0.9052120642749496,True
FBgn0015789,False,0.0,0.8571428571428571,0.8974223474839997,True
FBgn0015790,False,0.0,1.0,0.9687922024543479,True
FBgn0015791,False,0.0,0.7142857142857143,0.8776349010627679,True
FBgn0015793,False,0.0,1.0,0.9759458242812127,True
FBgn0015794,False,0.0,0.42857142857142855,0.8096020981347738,True
FBgn0015795,False,0.0,1.0,0.9942653592468635,True
FBgn0015796,False,0.0,0.5714285714285714,0.7775429119448849,True
FBgn0015797,False,0.0,1.0,0.9742332609163682,True
FBgn0015799,False,0.0,0.8571428571428571,0.925860685416789,True
FBgn0015801,False,0.0,1.0,0.9940989959485644,True
FBgn0015803,False,0.0,1.0,0.9734405887303544,True
FBgn0015805,False,0.0,1.0,0.9647309807605738,True
FBgn0015806,False,0.0,1.0,0.9763470534124048,True
FBgn0015808,False,0.0,1.0,0.9329360186326894,True
FBgn0015816,False,0.0,1.0,0.9644373984694576,True
FBgn0015818,False,0.0,1.0,0.9615211477110367,True
FBgn0015828,False,0.0,0.8571428571428571,0.8822343569569217,True
FBgn0015829,False,0.0,1.0,0.9360871352240033,True
FBgn0015831,False,0.0,0.8571428571428571,0.9801636231969154,True
FBgn0015834,False,0.0,1.0,0.9272894525668879,True
FBgn0015838,False,0.0,0.42857142857142855,0.8248781633491868,True
FBgn0015844,False,0.0,1.0,0.9489656117276339,True
FBgn0015872,False,0.0,1.0,0.9838725461413501,True
FBgn0015903,False,0.0,1.0,0.992406004736461,True
FBgn0015904,False,0.0,0.8571428571428571,0.9094151840760966,True
FBgn0015905,False,0.0,0.8571428571428571,0.9271328753449591,True
FBgn0015907,False,0.0,1.0,0.9425655177813008,True
FBgn0015919,False,0.0,,0.9732742254320552,True
FBgn0015924,False,0.0,1.0,0.9347660149139804,True
FBgn0015925,False,0.0,1.0,0.9721586127258137,True
FBgn0015926,False,0.0,1.0,0.9859276221791635,True
FBgn0015929,False,0.0,1.0,0.9696435910985849,True
FBgn0015946,False,0.0,,0.9732742254320552,True
FBgn0015949,False,0.0,1.0,0.9732546532793142,True
FBgn0016013,False,0.0,0.7142857142857143,0.8858454191376509,True
FBgn0016031,False,0.0,0.8571428571428571,0.9066016871195662,True
FBgn0016032,False,0.0,1.0,0.9933748262971445,True
FBgn0016034,False,0.0,0.42857142857142855,0.8335975573953379,True
FBgn0016036,False,0.0,0.7142857142857143,0.90322549077173,True
FBgn0016038,False,0.0,0.7142857142857143,0.8565654786369953,True
FBgn0016041,False,0.0,1.0,0.992043919910751,True
FBgn0016047,False,0.0,0.5714285714285714,0.8702023760593428,True
FBgn0016053,False,0.0,0.8571428571428571,0.9598428356134892,True
FBgn0016054,False,0.0,1.0,0.9622746755915683,True
FBgn0016059,False,0.0,0.8571428571428571,0.8920204333274617,True
FBgn0016061,False,0.0,0.8571428571428571,0.923286947331337,True
FBgn0016070,False,0.0,1.0,0.9801342649678038,True
FBgn0016075,False,0.0,1.0,0.9933063237625507,True
FBgn0016076,False,0.0,1.0,0.9535357093926761,True
FBgn0016078,False,0.0,0.8571428571428571,0.8918540700291625,True
FBgn0016080,False,0.0,1.0,0.9949112402873191,True
FBgn0016081,False,0.0,1.0,0.9634587908324037,True
FBgn0016119,False,0.0,1.0,0.9517742156459789,True
FBgn0016120,False,0.0,0.7142857142857143,0.8741999882567084,True
FBgn0016122,False,0.0,0.2857142857142857,0.8491574188244966,True
FBgn0016123,False,0.0,1.0,0.9872976728710391,True
FBgn0016126,False,0.0,0.42857142857142855,0.6772062709177382,True
FBgn0016131,False,0.0,0.7142857142857143,0.8898772826023135,True
FBgn0016641,False,0.0,1.0,0.948603526901924,True
FBgn0016650,False,0.0,0.7142857142857143,0.832638521911025,True
FBgn0016660,False,0.0,,0.9732742254320552,True
FBgn0016672,False,0.0,1.0,0.9766699939326327,True
FBgn0016675,False,0.0,1.0,0.9758871078229895,True
FBgn0016684,False,0.0,0.5714285714285714,0.827725911573014,True
FBgn0016685,False,0.0,1.0,0.9716888810600278,True
FBgn0016687,False,0.0,1.0,0.9204685573366215,True
FBgn0016691,False,0.0,1.0,0.973068717828274,True
FBgn0016693,False,0.0,1.0,0.9620006654531932,True
FBgn0016694,False,0.0,1.0,0.990341142622277,True
FBgn0016696,False,0.0,1.0,0.9332002426946939,True
FBgn0016697,False,0.0,1.0,0.9804767776407727,True
FBgn0016698,False,0.0,1.0,0.9840486955160198,True
FBgn0016700,False,0.0,1.0,0.9554831385904136,True
FBgn0016701,False,0.0,1.0,0.9496114927680895,True
FBgn0016715,True,0.0,1.0,0.999872781007183,False
FBgn0016726,False,0.0,1.0,0.9281408412111248,True
FBgn0016754,False,0.0,1.0,0.9835398195447518,True
FBgn0016756,False,0.0,1.0,0.9351770301215431,True
FBgn0016762,False,0.0,1.0,0.9503552345722506,True
FBgn0016792,False,0.0,1.0,0.9829722271152604,True
FBgn0016794,False,0.0,1.0,0.9371929618538744,True
FBgn0016797,False,0.0,1.0,0.9758675356702483,True
FBgn0016917,False,0.0,1.0,0.9633707161450688,True
FBgn0016919,False,0.0,1.0,0.9675591568316599,True
FBgn0016920,False,0.0,1.0,0.9840095512105377,True
FBgn0016926,False,0.0,1.0,0.9923766465073494,True
FBgn0016930,False,0.0,1.0,0.9412052531657957,True
FBgn0016940,False,0.0,0.5714285714285714,0.8066369169945002,True
FBgn0016970,False,0.0,1.0,0.9730295735227917,True
FBgn0016974,False,0.0,0.8571428571428571,0.8946626739475075,True
FBgn0016975,False,0.0,,0.9732742254320552,True
FBgn0016976,False,0.0,,0.9732742254320552,True
FBgn0016977,False,0.0,0.7142857142857143,0.8204744289824437,True
FBgn0016978,False,0.0,1.0,0.9388957391423483,True
FBgn0016983,False,0.0,1.0,0.9742919773745915,True
FBgn0016984,False,0.0,1.0,0.9767189243144854,True
FBgn0017397,False,0.0,1.0,0.9334057502984754,True
FBgn0017414,False,0.0,1.0,0.9882469222789815,True
FBgn0017418,False,0.0,1.0,0.9726087722388586,True
FBgn0017429,False,0.0,1.0,0.9508249662380365,True
FBgn0017430,False,0.0,0.5714285714285714,0.8417200007828861,True
FBgn0017448,False,0.0,1.0,0.9285029260368348,True
FBgn0017453,False,0.0,1.0,0.9363415732096373,True
FBgn0017456,False,0.0,1.0,0.9882371362026109,True
FBgn0017457,False,0.0,1.0,0.9659346681541503,True
FBgn0017482,False,0.0,1.0,0.9773256610494588,True
FBgn0017545,False,0.0,0.5714285714285714,0.7346309670600669,True
FBgn0017549,False,0.0,1.0,0.9625878300354256,True
FBgn0017550,False,0.0,1.0,0.9656900162448868,True
FBgn0017551,False,0.0,1.0,0.9950580314328773,True
FBgn0017556,False,0.0,0.5714285714285714,0.9041111306832639,True
FBgn0017557,False,0.0,0.8571428571428571,0.9585461804943926,True
FBgn0017558,False,0.0,1.0,0.9250680132307753,True
FBgn0017561,False,0.0,1.0,0.9446695242009668,True
FBgn0017566,False,0.0,0.8571428571428571,0.862760064979547,True
FBgn0017567,False,0.0,0.5714285714285714,0.8187716516939698,True
FBgn0017572,False,0.0,1.0,0.9614037147945903,True
FBgn0017577,False,0.0,1.0,0.986553931066878,True
FBgn0017578,False,0.0,1.0,0.9393458986553931,True
FBgn0017579,False,0.0,0.7142857142857143,0.8258176266807586,True
FBgn0017581,False,0.0,0.5714285714285714,0.8463879592116337,True
FBgn0017590,False,0.0,0.8571428571428571,0.9801636231969154,True
FBgn0019624,False,0.0,1.0,0.9105063315914117,True
FBgn0019637,False,0.0,1.0,0.949112402873192,True
FBgn0019643,False,0.0,1.0,0.9687922024543479,True
FBgn0019644,False,0.0,1.0,0.926946939893919,True
FBgn0019650,False,0.0,0.5714285714285714,0.8326776662165072,True
FBgn0019660,False,0.0,0.8571428571428571,0.7742156459789011,True
FBgn0019661,False,0.0,0.7142857142857143,0.7622766328068424,True
FBgn0019662,False,0.0,1.0,0.9539662967529798,True
FBgn0019686,False,0.0,1.0,0.9734308026539839,True
FBgn0019809,False,0.0,0.8571428571428571,0.9014639970250328,True
FBgn0019828,False,0.0,,0.9732742254320552,True
FBgn0019830,False,0.0,0.8571428571428571,0.8982639500518662,True
FBgn0019886,False,0.0,1.0,0.9802516978842503,True
FBgn0019890,False,0.0,0.5714285714285714,0.8991349108488442,True
FBgn0019925,False,0.0,1.0,0.9631260642358053,True
FBgn0019928,False,0.0,1.0,0.9677548783590707,True
FBgn0019929,False,0.0,0.8571428571428571,0.9445863425518173,True
FBgn0019932,False,0.0,0.8571428571428571,0.8781829213395181,True
FBgn0019936,False,0.0,1.0,0.959280136222183,True
FBgn0019938,False,0.0,1.0,0.9639774528800423,True
FBgn0019940,False,0.0,1.0,0.9473411230501243,True
FBgn0019947,False,0.0,0.8571428571428571,0.8910809699958898,True
FBgn0019948,False,0.0,1.0,0.9760534711212886,True
FBgn0019949,False,0.0,1.0,0.9677646644354413,True
FBgn0019952,False,0.0,1.0,0.9677940226645528,True
FBgn0019957,False,0.0,1.0,0.982385062533028,True
FBgn0019960,False,0.0,0.5714285714285714,0.8554596520071243,True
FBgn0019968,False,0.0,1.0,0.9461178635038068,True
FBgn0019972,False,0.0,1.0,0.9624801831953497,True
FBgn0019982,False,0.0,0.8571428571428571,0.8827334468518192,True
FBgn0019985,False,0.0,1.0,0.9011116982756934,True
FBgn0019990,False,0.0,1.0,0.9624214667371265,True
FBgn0020018,False,0.0,1.0,0.9840486955160198,True
FBgn0020224,False,0.0,1.0,0.9696729493276965,True
FBgn0020235,False,0.0,0.5714285714285714,0.8164229933650402,True
FBgn0020236,False,0.0,1.0,0.9477227800285754,True
FBgn0020238,False,0.0,1.0,0.9603370324702014,True
FBgn0020240,False,0.0,1.0,0.9969467441723915,True
FBgn0020245,False,0.0,0.42857142857142855,0.8265809406376607,True
FBgn0020248,True,0.0,1.0,0.9998629949308124,False
FBgn0020249,False,0.0,1.0,0.9919852034525277,True
FBgn0020251,False,0.0,1.0,0.9333372477638815,True
FBgn0020255,False,0.0,1.0,0.9870725931145167,True
FBgn0020257,False,0.0,1.0,0.9988843872937584,True
FBgn0020258,False,0.0,1.0,0.9623627502789032,True
FBgn0020261,False,0.0,1.0,0.9327207249525375,True
FBgn0020269,False,0.0,0.8571428571428571,0.9178654610220578,True
FBgn0020270,False,0.0,1.0,0.9914078249466659,True
FBgn0020272,False,0.0,1.0,0.9318791223846711,True
FBgn0020277,False,0.0,0.8571428571428571,0.9173370128980487,True
FBgn0020278,False,0.0,1.0,0.9538586499129039,True
FBgn0020279,False,0.0,0.7142857142857143,0.826874522928777,True
FBgn0020280,False,0.0,,0.9732742254320552,True
FBgn0020294,False,0.0,1.0,0.9793807370872722,True
FBgn0020299,False,0.0,1.0,0.9827960777405906,True
FBgn0020300,False,0.0,0.8571428571428571,0.9598428356134892,True
FBgn0020303,False,0.0,1.0,0.9867496525942888,True
FBgn0020304,False,0.0,0.8571428571428571,0.9025796097312744,True
FBgn0020305,False,0.0,0.8571428571428571,0.9307047932202063,True
FBgn0020306,False,0.0,1.0,0.9451196837140117,True
FBgn0020307,False,0.0,1.0,0.9803593447243262,True
FBgn0020309,False,0.0,1.0,0.9833538840937115,True
FBgn0020312,False,0.0,0.7142857142857143,0.8796410467187286,True
FBgn0020367,False,0.0,1.0,0.9552678449102616,True
FBgn0020368,False,0.0,0.8571428571428571,0.9154972305403871,True
FBgn0020369,False,0.0,1.0,0.966619693500088,True
FBgn0020370,False,0.0,1.0,0.9518133599514611,True
FBgn0020371,False,0.0,1.0,0.9734014444248723,True
FBgn0020372,False,0.0,1.0,0.9451001115612706,True
FBgn0020376,False,0.0,1.0,0.9991779695848746,True
FBgn0020377,False,0.0,1.0,0.9625584718063139,True
FBgn0020378,False,0.0,0.8571428571428571,0.9350008807468734,True
FBgn0020379,False,0.0,0.7142857142857143,0.8602156851232067,True
FBgn0020381,False,0.0,1.0,0.9870334488090345,True
FBgn0020385,False,0.0,1.0,0.9837061828430509,True
FBgn0020386,False,0.0,1.0,0.9930323136241755,True
FBgn0020388,False,0.0,1.0,0.9592507779930715,True
FBgn0020389,False,0.0,0.42857142857142855,0.7771221106609516,True
FBgn0020391,False,0.0,1.0,0.9972011821580256,True
FBgn0020392,False,0.0,1.0,0.9593486387567769,True
FBgn0020399,False,0.0,0.8571428571428571,0.9265701759536531,True
FBgn0020407,False,0.0,0.8571428571428571,0.9349519503650207,True
FBgn0020412,False,0.0,0.8571428571428571,0.8797780517879161,True
FBgn0020414,False,0.0,1.0,0.9934433288317382,True
FBgn0020415,False,0.0,1.0,0.9594758577495939,True
FBgn0020416,False,0.0,1.0,0.9885502906464682,True
FBgn0020429,False,0.0,0.8571428571428571,0.9598428356134892,True
FBgn0020439,False,0.0,0.8571428571428571,0.888800814201554,True
FBgn0020440,False,0.0,0.42857142857142855,0.8022821130096099,True
FBgn0020443,False,0.0,0.7142857142857143,0.9202336915037285,True
FBgn0020445,False,0.0,1.0,0.9778051787916153,True
FBgn0020493,False,0.0,1.0,0.9978274910457401,True
FBgn0020496,False,0.0,1.0,0.9847532930146987,True
FBgn0020497,False,0.0,0.5714285714285714,0.850018593545104,True
FBgn0020503,False,0.0,1.0,0.9258704714931595,True
FBgn0020506,False,0.0,1.0,0.9622453173624567,True
FBgn0020508,False,0.0,0.7142857142857143,0.8843285773002172,True
FBgn0020509,False,0.0,0.7142857142857143,0.8943397334272797,True
FBgn0020510,False,0.0,0.8571428571428571,0.9177578141819819,True
FBgn0020513,False,0.0,1.0,0.9535650676217877,True
FBgn0020517,False,0.0,,0.9732742254320552,True
FBgn0020518,False,0.0,0.8571428571428571,0.9302057033253087,True
FBgn0020521,False,0.0,0.5714285714285714,0.8477286516743976,True
FBgn0020545,False,0.0,1.0,0.9411856810130547,True
FBgn0020546,False,0.0,,0.9732742254320552,True
FBgn0020556,False,0.0,,0.9732742254320552,True
FBgn0020611,False,0.0,0.7142857142857143,0.9036169338265516,True
FBgn0020616,False,0.0,1.0,0.9485741686728123,True
FBgn0020617,False,0.0,0.8571428571428571,0.9465533439022958,True
FBgn0020618,False,0.0,1.0,0.974663848276672,True
FBgn0020620,False,0.0,1.0,0.9763079091069227,True
FBgn0020621,False,0.0,1.0,0.9656117276339224,True
FBgn0020622,False,0.0,1.0,0.9561681639363514,True
FBgn0020623,False,0.0,0.8571428571428571,0.8643454093515746,True
FBgn0020626,False,0.0,0.5714285714285714,0.8084864854285323,True
FBgn0020633,False,0.0,1.0,0.9894897539780401,True
FBgn0020637,False,0.0,0.5714285714285714,0.84605033957685,True
FBgn0020638,False,0.0,0.8571428571428571,0.9473460160883096,True
FBgn0020639,False,0.0,1.0,0.9682099309103008,True
FBgn0020640,False,0.0,,0.9732742254320552,True
FBgn0020641,False,0.0,1.0,0.9503160902667684,True
FBgn0020642,False,0.0,0.8571428571428571,0.9501350478539135,True
FBgn0020643,False,0.0,,0.9732742254320552,True
FBgn0020644,False,0.0,,0.9732742254320552,True
FBgn0020645,False,0.0,,0.9732742254320552,True
FBgn0020646,False,0.0,,0.9732742254320552,True
FBgn0020647,False,0.0,0.8571428571428571,0.883780557023467,True
FBgn0020653,False,0.0,1.0,0.9725598418570058,True
FBgn0020655,False,0.0,0.8571428571428571,0.9327598692580197,True
FBgn0020756,False,0.0,1.0,0.9691151429745758,True
FBgn0020762,False,0.0,1.0,0.9888340868612139,True
FBgn0020764,False,0.0,1.0,0.982003405554577,True
FBgn0020765,False,0.0,0.8571428571428571,0.9480310414342473,True
FBgn0020766,False,0.0,1.0,0.9683909733231558,True
FBgn0020767,False,0.0,1.0,0.947517272424794,True
FBgn0020880,False,0.0,0.7142857142857143,0.8715381754839215,True
FBgn0020887,False,0.0,1.0,0.9878554792241598,True
FBgn0020906,False,0.0,0.5714285714285714,0.9041111306832639,True
FBgn0020907,False,0.0,,0.9732742254320552,True
FBgn0020909,False,0.0,1.0,0.967725520129959,True
FBgn0020910,False,0.0,0.42857142857142855,0.7102342786683107,True
FBgn0020912,False,0.0,0.8571428571428571,0.9446695242009668,True
FBgn0020930,False,0.0,0.8571428571428571,0.8889671774998532,True
FBgn0021738,False,0.0,1.0,0.8718023995459261,True
FBgn0021742,False,0.0,1.0,0.9655627972520697,True
FBgn0021750,False,0.0,1.0,0.9779323977844323,True
FBgn0021760,False,0.0,0.42857142857142855,0.853590511420351,True
FBgn0021761,False,0.0,0.5714285714285714,0.8370128980486564,True
FBgn0021764,False,0.0,0.8571428571428571,0.9109075607226038,True
FBgn0021765,False,0.0,0.7142857142857143,0.7840115084258117,True
FBgn0021767,False,0.0,0.8571428571428571,0.8860313545886912,True
FBgn0021768,False,0.0,0.8571428571428571,0.8975789247059284,True
FBgn0021776,False,0.0,0.7142857142857143,0.8604994813379524,True
FBgn0021795,False,0.0,1.0,0.9931399604642515,True
FBgn0021796,False,0.0,1.0,0.9803299864952146,True
FBgn0021800,False,0.0,0.7142857142857143,0.8498326580940638,True
FBgn0021814,False,0.0,1.0,0.939179535357094,True
FBgn0021818,False,0.0,1.0,0.9701916113753352,True
FBgn0021825,False,0.0,1.0,0.9500127218992817,True
FBgn0021847,False,0.0,0.7142857142857143,0.8787994441508622,True
FBgn0021856,False,0.0,1.0,0.9856340398880473,True
FBgn0021872,False,0.0,0.7142857142857143,0.8776153289100268,True
FBgn0021873,False,0.0,0.5714285714285714,0.8604505509560996,True
FBgn0021874,False,0.0,1.0,0.9747225647348952,True
FBgn0021875,False,0.0,1.0,0.9734895191122072,True
FBgn0021895,False,0.0,0.7142857142857143,0.8583759027655452,True
FBgn0021906,False,0.0,0.8571428571428571,0.8722427729826003,True
FBgn0021944,False,0.0,1.0,0.9599553754917504,True
FBgn0021953,False,0.0,1.0,0.962215959133345,True
FBgn0021967,False,0.0,0.7142857142857143,0.8169025111071967,True
FBgn0021979,False,0.0,1.0,0.9045661832344939,True
FBgn0021995,False,0.0,1.0,0.9787544281995577,True
FBgn0022023,False,0.0,0.8571428571428571,0.8967666803671736,True
FBgn0022027,False,0.0,1.0,0.958516822265281,True
FBgn0022029,False,0.0,1.0,0.9748889280331944,True
FBgn0022063,False,0.0,0.7142857142857143,0.9004266729297555,True
FBgn0022069,False,0.0,1.0,0.9579492298357897,True
FBgn0022070,False,0.0,0.7142857142857143,0.9022958135165287,True
FBgn0022085,False,0.0,1.0,0.9748399976513417,True
FBgn0022097,False,0.0,1.0,0.9848609398547746,True
FBgn0022131,False,0.0,1.0,0.9584483197306871,True
FBgn0022153,False,0.0,1.0,0.9658270213140744,True
FBgn0022160,False,0.0,1.0,0.9963497935137886,True
FBgn0022201,False,0.0,1.0,0.9693500088074687,True
FBgn0022213,False,0.0,1.0,0.9614135008709608,True
FBgn0022224,False,0.0,0.7142857142857143,0.7886403225490772,True
FBgn0022238,False,0.0,0.5714285714285714,0.7512281525845028,True
FBgn0022246,False,0.0,1.0,0.9598575147280449,True
FBgn0022268,False,0.0,1.0,0.9308613704421349,True
FBgn0022288,False,0.0,1.0,0.9441997925351809,True
FBgn0022338,False,0.0,1.0,0.9954788327168105,True
FBgn0022343,False,0.0,1.0,0.9622648895151977,True
FBgn0022344,False,0.0,1.0,0.9518427181805726,True
FBgn0022349,False,0.0,1.0,0.9737243849451002,True
FBgn0022355,False,0.0,1.0,0.9941772845595287,True
FBgn0022359,False,0.0,1.0,0.9760926154267708,True
FBgn0022361,False,0.0,0.7142857142857143,0.8360245043352319,True
FBgn0022382,False,0.0,1.0,0.9961344998336367,True
FBgn0022699,False,0.0,0.5714285714285714,0.7976337267336034,True
FBgn0022700,False,0.0,1.0,0.9716448437163604,True
FBgn0022702,False,0.0,1.0,0.9952146086548059,True
FBgn0022708,False,0.0,1.0,0.9744387685201495,True
FBgn0022709,False,0.0,1.0,0.9905955806079111,True
FBgn0022710,False,0.0,0.7142857142857143,0.8361321511753078,True
FBgn0022720,False,0.0,1.0,0.9695653024876206,True
FBgn0022724,False,0.0,1.0,0.9551014816119625,True
FBgn0022740,False,0.0,0.8571428571428571,0.9465533439022958,True
FBgn0022764,False,0.0,1.0,0.9705536962010451,True
FBgn0022768,False,0.0,1.0,0.9653475035719179,True
FBgn0022770,False,0.0,1.0,0.9704264772082282,True
FBgn0022772,False,0.0,1.0,0.9614820034055546,True
FBgn0022774,False,0.0,1.0,0.9766797800090032,True
FBgn0022786,False,0.0,1.0,0.9674025796097313,True
FBgn0022787,False,0.0,1.0,0.9783531990683655,True
FBgn0022800,False,0.0,0.7142857142857143,0.8718219716986672,True
FBgn0022893,False,0.0,1.0,0.9764253420233692,True
FBgn0022935,False,0.0,0.7142857142857143,0.867144227193549,True
FBgn0022936,False,0.0,1.0,0.9650441352044311,True
FBgn0022942,False,0.0,1.0,0.9767874268490792,True
FBgn0022943,False,0.0,1.0,0.9769146458418961,True
FBgn0022959,False,0.0,0.8571428571428571,0.8961110132503474,True
FBgn0022960,False,0.0,1.0,0.9850762335349265,True
FBgn0022981,False,0.0,1.0,0.9577094709647115,True
FBgn0022984,False,0.0,1.0,0.924157908128315,True
FBgn0022985,False,0.0,1.0,0.9860939854774626,True
FBgn0022986,False,0.0,0.5714285714285714,0.8701191944101931,True
FBgn0022987,False,0.0,0.7142857142857143,0.8713326678801401,True
FBgn0023000,False,0.0,0.8571428571428571,0.8464271035171158,True
FBgn0023001,False,0.0,1.0,0.933092595854618,True
FBgn0023023,False,0.0,1.0,0.9425850899340419,True
FBgn0023076,False,0.0,0.7142857142857143,0.8931409390718885,True
FBgn0023081,False,0.0,1.0,0.9723347621004834,True
FBgn0023083,False,0.0,0.7142857142857143,0.8821364961932163,True
FBgn0023090,False,0.0,0.8571428571428571,0.8943886638091324,True
FBgn0023091,False,0.0,1.0,0.9963791517429003,True
FBgn0023094,False,0.0,0.8571428571428571,0.9113185759301665,True
FBgn0023095,False,0.0,0.5714285714285714,0.8252206760221557,True
FBgn0023096,False,0.0,0.8571428571428571,0.8801890669954788,True
FBgn0023097,False,0.0,1.0,0.9394046151136164,True
FBgn0023129,False,0.0,1.0,0.9932671794570684,True
FBgn0023130,False,0.0,0.8571428571428571,0.9201749750455053,True
FBgn0023143,False,0.0,1.0,0.9651713541972481,True
FBgn0023167,False,0.0,1.0,0.9730785039046445,True
FBgn0023169,False,0.0,1.0,0.9720901101912199,True
FBgn0023170,False,0.0,1.0,0.96157986416926,True
FBgn0023171,False,0.0,1.0,0.9886872957156558,True
FBgn0023172,False,0.0,0.7142857142857143,0.8728690818703149,True
FBgn0023174,False,0.0,1.0,0.9677940226645528,True
FBgn0023175,False,0.0,1.0,0.9862309905466502,True
FBgn0023177,False,0.0,1.0,0.9453839077760163,True
FBgn0023178,False,0.0,1.0,0.969173859432799,True
FBgn0023179,False,0.0,0.7142857142857143,0.8546376215919989,True
FBgn0023180,False,0.0,1.0,0.9877576184604545,True
FBgn0023181,False,0.0,1.0,0.9892646742215176,True
FBgn0023197,False,0.0,1.0,0.9354118959544361,True
FBgn0023211,False,0.0,1.0,0.9429276026070108,True
FBgn0023212,False,0.0,1.0,0.9486818155128882,True
FBgn0023213,False,0.0,1.0,0.9220636877850195,True
FBgn0023214,False,0.0,1.0,0.972853424148122,True
FBgn0023215,False,0.0,0.5714285714285714,0.8086724208795726,True
FBgn0023216,False,0.0,0.7142857142857143,0.906905055487053,True
FBgn0023388,False,0.0,1.0,0.975045505255123,True
FBgn0023395,False,0.0,0.7142857142857143,0.8560859608948388,True
FBgn0023407,False,0.0,1.0,0.9528800422758499,True
FBgn0023415,False,0.0,0.8571428571428571,0.8803847885228896,True
FBgn0023416,False,0.0,1.0,0.9700937506116297,True
FBgn0023417,False,0.0,1.0,0.9491613332550447,True
FBgn0023423,False,0.0,1.0,0.9653279314191768,True
FBgn0023441,False,0.0,1.0,0.9747127786585247,True
FBgn0023444,False,0.0,0.5714285714285714,0.8733388135361009,True
FBgn0023458,False,0.0,0.5714285714285714,0.8087115651850547,True
FBgn0023477,False,0.0,1.0,0.9927387313330593,True
FBgn0023479,True,0.0,1.0,0.9998825670835535,False
FBgn0023489,False,0.0,1.0,0.9698833499696632,True
FBgn0023495,False,0.0,0.8571428571428571,0.899673145049224,True
FBgn0023496,False,0.0,,0.9732742254320552,True
FBgn0023506,False,0.0,1.0,0.9656802301685162,True
FBgn0023507,False,0.0,1.0,0.9700546063061476,True
FBgn0023508,False,0.0,0.8571428571428571,0.8976865715460044,True
FBgn0023509,False,0.0,1.0,0.9400113518485899,True
FBgn0023510,False,0.0,1.0,0.9545241031061007,True
FBgn0023511,False,0.0,1.0,0.959133345076625,True
FBgn0023512,False,0.0,1.0,0.9606404008376881,True
FBgn0023513,False,0.0,1.0,0.9293738868338128,True
FBgn0023514,False,0.0,1.0,0.982365490380287,True
FBgn0023515,False,0.0,1.0,0.9854187462078954,True
FBgn0023516,False,0.0,0.5714285714285714,0.843041121092909,True
FBgn0023517,False,0.0,1.0,0.9803887029534378,True
FBgn0023518,False,0.0,1.0,0.9371440314720216,True
FBgn0023519,False,0.0,1.0,0.9273873133305932,True
FBgn0023520,False,0.0,1.0,0.9873270311001507,True
FBgn0023521,False,0.0,1.0,0.9843031335016539,True
FBgn0023522,False,0.0,1.0,0.972980643140939,True
FBgn0023523,False,0.0,0.5714285714285714,0.772307361086646,True
FBgn0023524,False,0.0,1.0,0.9916916211614115,True
FBgn0023525,False,0.0,1.0,0.9499735775937995,True
FBgn0023526,False,0.0,0.8571428571428571,0.9002505235550858,True
FBgn0023527,False,0.0,1.0,0.9744779128256317,True
FBgn0023528,False,0.0,0.7142857142857143,0.8658720372653788,True
FBgn0023529,False,0.0,0.8571428571428571,0.9034212122991407,True
FBgn0023530,False,0.0,1.0,0.9554537803613019,True
FBgn0023531,False,0.0,1.0,0.9490732585677099,True
FBgn0023534,False,0.0,1.0,0.8922161548548725,True
FBgn0023535,False,0.0,1.0,0.9888928033194371,True
FBgn0023536,False,0.0,1.0,0.9304797134636839,True
FBgn0023537,False,0.0,1.0,0.9775409547296107,True
FBgn0023540,False,0.0,1.0,0.9538880081420156,True
FBgn0023541,False,0.0,1.0,0.9365568668897892,True
FBgn0023542,False,0.0,0.8571428571428571,0.9190887205683753,True
FBgn0023545,False,0.0,1.0,0.9884622159591333,True
FBgn0023546,False,0.0,,0.9732742254320552,True
FBgn0023549,False,0.0,1.0,0.9997162037852544,True
FBgn0023550,False,0.0,1.0,0.9714638013035054,True
FBgn0024150,False,0.0,1.0,0.9944415086215332,True
FBgn0024177,False,0.0,1.0,0.9896659033527098,True
FBgn0024179,False,0.0,0.8571428571428571,0.9068169807997182,True
FBgn0024182,False,0.0,,0.9732742254320552,True
FBgn0024183,False,0.0,0.7142857142857143,0.897843148767933,True
FBgn0024184,False,0.0,0.42857142857142855,0.8972755563384417,True
FBgn0024187,False,0.0,0.8571428571428571,0.9123656861018143,True
FBgn0024188,False,0.0,1.0,0.9477129939522048,True
FBgn0024189,False,0.0,0.5714285714285714,0.817215665551054,True
FBgn0024191,False,0.0,1.0,0.9358718415438514,True
FBgn0024194,False,0.0,1.0,0.9439355684731764,True
FBgn0024196,False,0.0,1.0,0.9318791223846711,True
FBgn0024222,False,0.0,1.0,0.952899614428591,True
FBgn0024227,False,0.0,0.7142857142857143,0.8574266533576028,True
FBgn0024230,False,0.0,1.0,0.947008396453526,True
FBgn0024232,False,0.0,0.5714285714285714,0.8681473000215294,True
FBgn0024234,False,0.0,1.0,0.9445227330554088,True
FBgn0024236,False,0.0,1.0,0.9637132288180377,True
FBgn0024238,False,0.0,1.0,0.9809856536120408,True
FBgn0024244,False,0.0,1.0,0.9652545358463978,True
FBgn0024245,False,0.0,0.5714285714285714,0.8589043508895544,True
FBgn0024248,False,0.0,1.0,0.9785880649012585,True
FBgn0024249,False,0.0,1.0,0.964642906073239,True
FBgn0024250,False,0.0,1.0,0.9980917151077447,True
FBgn0024251,False,0.0,0.8571428571428571,0.8733583856888419,True
FBgn0024252,False,0.0,0.5714285714285714,0.8243595013015481,True
FBgn0024273,False,0.0,1.0,0.9768559293836729,True
FBgn0024277,False,0.0,1.0,0.9859471943319046,True
FBgn0024285,False,0.0,0.7142857142857143,0.8425224590452705,True
FBgn0024288,True,0.0,1.0,0.9999902139236294,False
FBgn0024289,False,0.0,1.0,0.9708962088740141,True
FBgn0024290,False,0.0,1.0,0.966707768187423,True
FBgn0024291,False,0.0,1.0,0.9821697688528761,True
FBgn0024293,False,0.0,0.42857142857142855,0.865040220773883,True
FBgn0024294,False,0.0,,0.9732742254320552,True
FBgn0024308,False,0.0,1.0,0.9711800050887597,True
FBgn0024314,False,0.0,1.0,0.9226312802145108,True
FBgn0024315,True,0.7142857142857143,1.0,0.9998629949308124,False
FBgn0024319,False,0.0,,0.9732742254320552,True
FBgn0024320,False,0.0,1.0,0.976131759732253,True
FBgn0024321,False,0.0,0.7142857142857143,0.8697081792026304,True
FBgn0024326,False,0.0,0.5714285714285714,0.8187814377703404,True
FBgn0024329,False,0.0,1.0,0.9720216076566262,True
FBgn0024330,False,0.0,1.0,0.9546904664043998,True
FBgn0024332,False,0.0,1.0,0.9293445286047012,True
FBgn0024352,False,0.0,0.8571428571428571,0.9069637719452762,True
FBgn0024360,False,0.0,1.0,0.9375746188323254,True
FBgn0024361,False,0.0,0.7142857142857143,0.8027616307517664,True
FBgn0024362,False,0.0,1.0,0.9708570645685318,True
FBgn0024364,False,0.0,0.5714285714285714,0.820298279607774,True
FBgn0024365,False,0.0,0.8571428571428571,0.8902980838862466,True
FBgn0024366,False,0.0,1.0,0.894907325856771,True
FBgn0024368,False,0.0,1.0,0.9425068013230775,True
FBgn0024371,False,0.0,1.0,0.9876303994676374,True
FBgn0024432,False,0.0,1.0,0.9685671226978255,True
FBgn0024491,False,0.0,1.0,0.9969467441723915,True
FBgn0024509,False,0.0,1.0,0.916182255886325,True
FBgn0024510,False,0.0,1.0,0.9802125535787681,True
FBgn0024542,False,0.0,1.0,0.9838725461413501,True
FBgn0024555,False,0.0,0.5714285714285714,0.8356526334331513,True
FBgn0024556,False,0.0,1.0,0.8934785587066721,True
FBgn0024558,False,0.0,1.0,0.9148709216526726,True
FBgn0024689,False,0.0,1.0,0.9858395474918287,True
FBgn0024698,False,0.0,1.0,0.9687432720724952,True
FBgn0024728,False,0.0,1.0,0.8978137905388214,True
FBgn0024732,False,0.0,1.0,0.9456383457616503,True
FBgn0024733,False,0.0,0.8571428571428571,0.8778110504374376,True
FBgn0024734,False,0.0,1.0,0.9212905877517468,True
FBgn0024740,False,0.0,,0.9732742254320552,True
FBgn0024753,False,0.0,0.5714285714285714,0.8839762785508778,True
FBgn0024754,False,0.0,0.5714285714285714,0.793748654414499,True
FBgn0024806,False,0.0,1.0,0.9560311588671638,True
FBgn0024807,False,0.0,1.0,0.9099191670091793,True
FBgn0024811,False,0.0,0.5714285714285714,0.7293366997436048,True
FBgn0024814,False,0.0,0.7142857142857143,0.8986749652594289,True
FBgn0024832,False,0.0,0.7142857142857143,0.8851506077153426,True
FBgn0024833,False,0.0,1.0,0.9416162683733584,True
FBgn0024836,False,0.0,1.0,0.9977296302820348,True
FBgn0024841,False,0.0,1.0,0.9926506566457245,True
FBgn0024846,False,0.0,0.8571428571428571,0.9313408881842914,True
FBgn0024887,False,0.0,0.7142857142857143,0.9033722819172881,True
FBgn0024889,False,0.0,1.0,0.965964026383262,True
FBgn0024891,False,0.0,1.0,0.9891276691523301,True
FBgn0024897,False,0.0,0.7142857142857143,0.80608889671775,True
FBgn0024909,False,0.0,1.0,0.9409410291037912,True
FBgn0024912,False,0.0,1.0,0.940794237958233,True
FBgn0024913,False,0.0,0.5714285714285714,0.7848531109936782,True
FBgn0024920,False,0.0,1.0,0.9636349402070734,True
FBgn0024921,False,0.0,0.5714285714285714,0.8413089855753234,True
FBgn0024939,False,0.0,1.0,0.9840486955160198,True
FBgn0024941,False,0.0,1.0,0.9660912453760789,True
FBgn0024943,False,0.0,0.7142857142857143,0.8150725148259057,True
FBgn0024944,False,0.0,1.0,0.9374180416103968,True
FBgn0024945,False,0.0,0.8571428571428571,0.9399134910848844,True
FBgn0024947,False,0.0,1.0,0.9452175444777171,True
FBgn0024956,False,0.0,0.7142857142857143,0.868827432329282,True
FBgn0024957,False,0.0,1.0,0.941900064588104,True
FBgn0024958,False,0.0,1.0,0.9323586401268276,True
FBgn0024963,False,0.0,0.5714285714285714,0.7941792417748028,True
FBgn0024973,False,0.0,1.0,0.9612667097254027,True
FBgn0024975,False,0.0,1.0,0.9650734934335428,True
FBgn0024977,False,0.0,1.0,0.9979938543440393,True
FBgn0024980,False,0.0,1.0,0.9430352494470867,True
FBgn0024983,False,0.0,1.0,0.9310570919695457,True
FBgn0024984,True,0.14285714285714285,1.0,0.9997162037852543,False
FBgn0024985,False,0.0,1.0,0.9429080304542696,True
FBgn0024986,False,0.0,1.0,0.9672362163114321,True
FBgn0024987,False,0.0,0.7142857142857143,0.8728005793357212,True
FBgn0024989,False,0.0,1.0,0.9281016969056427,True
FBgn0024991,False,0.0,1.0,0.9594660716732234,True
FBgn0024992,False,0.0,1.0,0.9756718141428375,True
FBgn0024993,False,0.0,1.0,0.9754271622335741,True
FBgn0024994,False,0.0,1.0,0.9386413011567142,True
FBgn0024995,False,0.0,1.0,0.939923277161255,True
FBgn0024996,False,0.0,1.0,0.9590452703892901,True
FBgn0024997,False,0.0,1.0,0.9149394241872664,True
FBgn0024998,False,0.0,0.8571428571428571,0.920585990253068,True
FBgn0025109,False,0.0,0.2857142857142857,0.8122443387548196,True
FBgn0025111,True,0.42857142857142855,1.0,0.9999902139236294,False
FBgn0025115,False,0.0,0.8571428571428571,0.9473460160883096,True
FBgn0025117,False,0.0,1.0,0.9365275086606776,True
FBgn0025118,False,0.0,,0.9732742254320552,True
FBgn0025140,False,0.0,1.0,0.9716105924490634,True
FBgn0025185,False,0.0,1.0,0.9826590726714031,True
FBgn0025186,False,0.0,1.0,0.9610416299688803,True
FBgn0025286,False,0.0,0.8571428571428571,0.8863738672616601,True
FBgn0025334,False,0.0,,0.9732742254320552,True
FBgn0025335,False,0.0,0.8571428571428571,0.8667234259096158,True
FBgn0025336,False,0.0,0.8571428571428571,0.9332687452292878,True
FBgn0025352,False,0.0,1.0,0.9582330260505353,True
FBgn0025355,False,0.0,1.0,0.9529779030395553,True
FBgn0025360,False,0.0,,0.9732742254320552,True
FBgn0025366,False,0.0,1.0,0.9825024954494745,True
FBgn0025373,False,0.0,1.0,0.9691151429745758,True
FBgn0025378,False,0.0,0.8571428571428571,0.9650881725480985,True
FBgn0025381,False,0.0,0.5714285714285714,0.8356917777386335,True
FBgn0025382,False,0.0,1.0,0.8955825651263383,True
FBgn0025383,False,0.0,1.0,0.994852523829096,True
FBgn0025387,False,0.0,0.5714285714285714,0.798132816628501,True
FBgn0025388,False,0.0,1.0,0.9405006556671168,True
FBgn0025390,False,0.0,1.0,0.9943045035523458,True
FBgn0025391,False,0.0,1.0,0.9396101227173976,True
FBgn0025393,False,0.0,1.0,0.9408040240346036,True
FBgn0025394,False,0.0,0.7142857142857143,0.8832618949758284,True
FBgn0025454,False,0.0,1.0,0.9206447067112912,True
FBgn0025455,False,0.0,1.0,0.9367330162644589,True
FBgn0025456,False,0.0,1.0,0.9857514728044938,True
FBgn0025457,False,0.0,1.0,0.943602841876578,True
FBgn0025458,False,0.0,0.7142857142857143,0.8492454935118314,True
FBgn0025463,False,0.0,1.0,0.9808095042373711,True
FBgn0025469,False,0.0,1.0,0.949112402873192,True
FBgn0025519,False,0.0,1.0,0.9885698627992092,True
FBgn0025525,False,0.0,1.0,0.9940598516430822,True
FBgn0025549,False,0.0,0.42857142857142855,0.7625800011743291,True
FBgn0025558,False,0.0,0.42857142857142855,0.7448965611727634,True
FBgn0025571,False,0.0,1.0,0.9562366664709452,True
FBgn0025573,False,0.0,0.8571428571428571,0.9473460160883096,True
FBgn0025574,False,0.0,1.0,0.9911631730374023,True
FBgn0025578,False,0.0,1.0,0.9393654708081342,True
FBgn0025582,False,0.0,0.5714285714285714,0.8380600082203041,True
FBgn0025583,False,0.0,,0.9732742254320552,True
FBgn0025592,False,0.0,0.8571428571428571,0.9116904468322471,True
FBgn0025593,False,0.0,1.0,0.9955473352514043,True
FBgn0025595,False,0.0,1.0,0.9584678918834283,True
FBgn0025608,False,0.0,0.7142857142857143,0.9205174877184742,True
FBgn0025612,False,0.0,0.8571428571428571,0.9801636231969154,True
FBgn0025613,False,0.0,0.8571428571428571,0.9445863425518173,True
FBgn0025615,False,0.0,0.7142857142857143,0.8664396296948702,True
FBgn0025616,False,0.0,1.0,0.9751237938660873,True
FBgn0025620,False,0.0,0.7142857142857143,0.8559978862075039,True
FBgn0025621,False,0.0,1.0,0.924011116982757,True
FBgn0025624,False,0.0,0.5714285714285714,0.8203178517605152,True
FBgn0025625,False,0.0,1.0,0.9531834106433367,True
FBgn0025626,False,0.0,1.0,0.944072573542364,True
FBgn0025627,False,0.0,0.5714285714285714,0.8930283991936273,True
FBgn0025628,False,0.0,1.0,0.9934531149081087,True
FBgn0025629,False,0.0,0.2857142857142857,0.7754878359070714,True
FBgn0025630,False,0.0,1.0,0.9601804552482728,True
FBgn0025631,False,0.0,1.0,0.9454621963869806,True
FBgn0025632,False,0.0,1.0,0.9710430000195721,True
FBgn0025633,False,0.0,1.0,0.9688802771416828,True
FBgn0025634,False,0.0,1.0,0.92207347386139,True
FBgn0025635,False,0.0,1.0,0.968087604955669,True
FBgn0025637,False,0.0,0.8571428571428571,0.9025893958076449,True
FBgn0025638,False,0.0,1.0,0.9877478323840839,True
FBgn0025639,False,0.0,0.7142857142857143,0.8998786526530053,True
FBgn0025640,False,0.0,1.0,0.9553852778267081,True
FBgn0025641,False,0.0,1.0,0.9845575714872878,True
FBgn0025642,False,0.0,1.0,0.9588691210146204,True
FBgn0025643,False,0.0,1.0,0.9669230618675748,True
FBgn0025644,False,0.0,0.5714285714285714,0.8692629127277709,True
FBgn0025645,False,0.0,1.0,0.9503160902667684,True
FBgn0025674,False,0.0,1.0,0.9719531051220324,True
FBgn0025676,False,0.0,0.8571428571428571,0.8283130761552463,True
FBgn0025678,False,0.0,1.0,0.9973577593799542,True
FBgn0025679,False,0.0,0.8571428571428571,0.9445863425518173,True
FBgn0025680,False,0.0,0.5714285714285714,0.8875922337697923,True
FBgn0025681,False,0.0,1.0,0.9913295363357015,True
FBgn0025682,False,0.0,1.0,0.9831679486426712,True
FBgn0025683,False,0.0,1.0,0.9909870236627326,True
FBgn0025684,False,0.0,0.8571428571428571,0.9090188479830896,True
FBgn0025686,False,0.0,0.7142857142857143,0.8591294306460768,True
FBgn0025687,False,0.0,1.0,0.9839214765232028,True
FBgn0025692,False,0.0,1.0,0.9585559665707631,True
FBgn0025693,False,0.0,1.0,0.9859569804082751,True
FBgn0025697,False,0.0,1.0,0.9852719550623373,True
FBgn0025698,False,0.0,1.0,0.9791556573307498,True
FBgn0025700,False,0.0,1.0,0.9840291233632787,True
FBgn0025701,False,0.0,1.0,0.9794003092400133,True
FBgn0025702,False,0.0,1.0,0.9876206133912669,True
FBgn0025709,False,0.0,1.0,0.970152467069853,True
FBgn0025712,False,0.0,0.7142857142857143,0.8132425185446147,True
FBgn0025716,False,0.0,1.0,0.950580314328773,True
FBgn0025720,False,0.0,0.8571428571428571,0.9333372477638815,True
FBgn0025724,False,0.0,1.0,0.930264419783532,True
FBgn0025725,False,0.0,0.7142857142857143,0.8493433542755368,True
FBgn0025726,False,0.0,0.8571428571428571,0.8397138551269254,True
FBgn0025739,False,0.0,1.0,0.9891863856105533,True
FBgn0025740,False,0.0,1.0,0.9909870236627326,True
FBgn0025741,False,0.0,0.42857142857142855,0.6822461002485664,True
FBgn0025742,False,0.0,1.0,0.9257236803476014,True
FBgn0025743,False,0.0,1.0,0.950218229503063,True
FBgn0025776,False,0.0,1.0,0.9475955610357583,True
FBgn0025777,False,0.0,0.7142857142857143,0.8998688665766348,True
FBgn0025781,False,0.0,1.0,0.9446108077427436,True
FBgn0025790,False,0.0,1.0,0.9270056563521422,True
FBgn0025800,False,0.0,1.0,0.9569901943514767,True
FBgn0025802,False,0.0,0.8571428571428571,0.9089112011430137,True
FBgn0025803,False,0.0,1.0,0.8993012741471434,True
FBgn0025806,False,0.0,0.5714285714285714,0.7333979214373789,True
FBgn0025807,False,0.0,1.0,0.9231695144148905,True
FBgn0025808,False,0.0,1.0,0.9655921554811814,True
FBgn0025809,False,0.0,1.0,0.9506683890161078,True
FBgn0025814,False,0.0,0.5714285714285714,0.7266161705125946,True
FBgn0025815,False,0.0,1.0,0.9482316559998434,True
FBgn0025820,False,0.0,1.0,0.9895093261307811,True
FBgn0025821,False,0.0,0.8571428571428571,0.9446695242009668,True
FBgn0025825,False,0.0,1.0,0.9740571115416985,True
FBgn0025827,False,0.0,1.0,0.9747861742313038,True
FBgn0025830,False,0.0,0.42857142857142855,0.8479048010490674,True
FBgn0025832,False,0.0,0.7142857142857143,0.8701094083338226,True
FBgn0025833,False,0.0,1.0,0.908735051768344,True
FBgn0025835,False,0.0,0.8571428571428571,0.9026481122658682,True
FBgn0025836,False,0.0,1.0,0.9982678644824144,True
FBgn0025837,False,0.0,,0.9732742254320552,True
FBgn0025838,False,0.0,0.7142857142857143,0.8185857162429295,True
FBgn0025839,False,0.0,1.0,0.9742528330691093,True
FBgn0025864,False,0.0,1.0,0.9102812518348893,True
FBgn0025865,False,0.0,1.0,0.9892255299160355,True
FBgn0025866,False,0.0,0.8571428571428571,0.9062004579883741,True
FBgn0025874,False,0.0,0.8571428571428571,0.9144599064451099,True
FBgn0025878,False,0.0,0.8571428571428571,0.8940804024034603,True
FBgn0025879,False,0.0,0.8571428571428571,0.9016401463997025,True
FBgn0025881,False,0.0,0.8571428571428571,0.8853707944336797,True
FBgn0025882,False,0.0,1.0,0.9633364648777719,True
FBgn0025885,False,0.0,1.0,0.9775800990350929,True
FBgn0025936,False,0.0,0.7142857142857143,0.7336915037284951,True
FBgn0026015,False,0.0,1.0,0.9327402971052786,True
FBgn0026056,False,0.0,1.0,0.9562073082418335,True
FBgn0026058,False,0.0,0.8571428571428571,0.9585461804943926,True
FBgn0026059,False,0.0,1.0,0.9504139510304738,True
FBgn0026060,False,0.0,1.0,0.9473509091264949,True
FBgn0026061,False,0.0,1.0,0.9892499951069618,True
FBgn0026063,False,0.0,,0.9732742254320552,True
FBgn0026064,False,0.0,,0.9732742254320552,True
FBgn0026076,False,0.0,1.0,0.9404908695907462,True
FBgn0026077,False,0.0,1.0,0.9411171784784609,True
FBgn0026079,False,0.0,1.0,0.9342473528663418,True
FBgn0026080,False,0.0,0.7142857142857143,0.898841328557728,True
FBgn0026083,False,0.0,1.0,0.9695848746403617,True
FBgn0026084,False,0.0,1.0,0.9869943045035523,True
FBgn0026085,False,0.0,1.0,0.9337678351241853,True
FBgn0026086,False,0.0,0.8571428571428571,0.8824887949425557,True
FBgn0026087,False,0.0,1.0,0.9764155559469987,True
FBgn0026088,False,0.0,1.0,0.9840682676687609,True
FBgn0026089,False,0.0,0.8571428571428571,0.8897402775331259,True
FBgn0026090,False,0.0,1.0,0.9737243849451,True
FBgn0026136,False,0.0,0.8571428571428571,0.9650881725480985,True
FBgn0026141,False,0.0,,0.9732742254320552,True
FBgn0026143,False,0.0,1.0,0.9855263930479713,True
FBgn0026144,False,0.0,1.0,0.9442878672225158,True
FBgn0026147,False,0.0,0.7142857142857143,0.8471414870921652,True
FBgn0026148,False,0.0,1.0,0.9674417239152134,True
FBgn0026149,False,0.0,1.0,0.9705928405065274,True
FBgn0026150,False,0.0,1.0,0.9952146086548059,True
FBgn0026160,False,0.0,1.0,0.9130213532186405,True
FBgn0026162,False,0.0,,0.9732742254320552,True
FBgn0026163,False,0.0,,0.9732742254320552,True
FBgn0026164,False,0.0,,0.9732742254320552,True
FBgn0026169,False,0.0,0.7142857142857143,0.8505372555927426,True
FBgn0026170,False,0.0,0.5714285714285714,0.7937975847963518,True
FBgn0026174,False,0.0,1.0,0.9869943045035523,True
FBgn0026175,False,0.0,1.0,0.9511185485291527,True
FBgn0026176,False,0.0,0.7142857142857143,0.8562816824222497,True
FBgn0026179,False,0.0,1.0,0.9971424656998024,True
FBgn0026181,False,0.0,0.7142857142857143,0.8764312136691915,True
FBgn0026189,False,0.0,1.0,0.9926800148748361,True
FBgn0026190,False,0.0,0.8571428571428571,0.9710283209050163,True
FBgn0026192,False,0.0,1.0,0.9303035640890142,True
FBgn0026196,False,0.0,0.7142857142857143,0.871039085589024,True
FBgn0026197,False,0.0,0.7142857142857143,0.748262971444229,True
FBgn0026199,False,0.0,1.0,0.8983715968919421,True
FBgn0026206,False,0.0,1.0,0.9512653396747108,True
FBgn0026207,False,0.0,1.0,0.9674025796097313,True
FBgn0026208,False,0.0,1.0,0.9572250601843697,True
FBgn0026238,False,0.0,0.5714285714285714,0.7506409880022704,True
FBgn0026239,False,0.0,0.5714285714285714,0.8709510109016891,True
FBgn0026250,False,0.0,0.8571428571428571,0.8983128804337189,True
FBgn0026252,False,0.0,0.8571428571428571,0.9479576458614684,True
FBgn0026255,False,0.0,1.0,0.9744681267492611,True
FBgn0026257,False,0.0,0.8571428571428571,0.8519268784373594,True
FBgn0026259,False,0.0,0.5714285714285714,0.8851310355626015,True
FBgn0026261,False,0.0,1.0,0.9247450727105474,True
FBgn0026262,False,0.0,1.0,0.9172978685925665,True
FBgn0026263,False,0.0,1.0,0.9748693558804533,True
FBgn0026268,False,0.0,0.8571428571428571,0.9056622237879944,True
FBgn0026309,False,0.0,0.7142857142857143,0.8719491906914841,True
FBgn0026313,False,0.0,1.0,0.9603663906993131,True
FBgn0026314,False,0.0,0.7142857142857143,0.8798465543225099,True
FBgn0026315,False,0.0,1.0,0.9493081244006029,True
FBgn0026316,False,0.0,0.7142857142857143,0.8410447615133188,True
FBgn0026317,False,0.0,1.0,0.957792652613861,True
FBgn0026318,False,0.0,1.0,0.9482316559998434,True
FBgn0026319,False,0.0,1.0,0.9933454680680328,True
FBgn0026320,False,0.0,0.8571428571428571,0.9689585657526472,True
FBgn0026323,False,0.0,1.0,0.9714246569980232,True
FBgn0026324,False,0.0,0.8571428571428571,0.8905623079482512,True
FBgn0026326,False,0.0,0.8571428571428571,0.9232184447967432,True
FBgn0026361,False,0.0,1.0,0.9815238878124205,True
FBgn0026369,False,0.0,1.0,0.979087154796156,True
FBgn0026370,False,0.0,0.7142857142857143,0.8598046699156441,True
FBgn0026371,False,0.0,0.7142857142857143,0.8214530366194978,True
FBgn0026372,False,0.0,1.0,0.9644863288513104,True
FBgn0026373,False,0.0,1.0,0.948133795236138,True
FBgn0026374,False,0.0,1.0,0.9665609770418648,True
FBgn0026375,False,0.0,1.0,0.9207621396277377,True
FBgn0026376,False,0.0,1.0,0.9987865265300531,True
FBgn0026378,False,0.0,1.0,0.983089660031707,True
FBgn0026379,False,0.0,0.7142857142857143,0.7469418511342063,True
FBgn0026380,False,0.0,1.0,0.9900475603311608,True
FBgn0026384,False,0.0,,0.9732742254320552,True
FBgn0026385,False,0.0,1.0,0.9641291370637857,True
FBgn0026386,False,0.0,,0.9732742254320552,True
FBgn0026388,False,0.0,0.8571428571428571,0.924882077779735,True
FBgn0026389,False,0.0,,0.9732742254320552,True
FBgn0026390,False,0.0,0.8571428571428571,0.9480310414342473,True
FBgn0026391,False,0.0,0.8571428571428571,0.9650881725480985,True
FBgn0026392,False,0.0,0.8571428571428571,0.9650881725480985,True
FBgn0026393,False,0.0,1.0,0.9808095042373711,True
FBgn0026394,False,0.0,,0.9732742254320552,True
FBgn0026395,False,0.0,,0.9732742254320552,True
FBgn0026396,False,0.0,1.0,0.971493159532617,True
FBgn0026397,False,0.0,0.8571428571428571,0.9650881725480985,True
FBgn0026398,False,0.0,0.42857142857142855,0.865040220773883,True
FBgn0026399,False,0.0,,0.9732742254320552,True
FBgn0026400,False,0.0,1.0,0.9707200594993444,True
FBgn0026401,False,0.0,0.5714285714285714,0.6649345311490811,True
FBgn0026402,False,0.0,1.0,0.9585168222652809,True
FBgn0026403,False,0.0,0.8571428571428571,0.8832716810521989,True
FBgn0026404,False,0.0,1.0,0.9586733994872096,True
FBgn0026409,False,0.0,1.0,0.9679114555809993,True
FBgn0026411,False,0.0,1.0,0.9749574305677882,True
FBgn0026415,False,0.14285714285714285,1.0,0.9990898948975397,False
FBgn0026417,False,0.0,1.0,0.9643591098584934,True
FBgn0026418,False,0.0,1.0,0.9675591568316599,True
FBgn0026427,False,0.0,0.5714285714285714,0.7837472843638071,True
FBgn0026428,False,0.0,0.5714285714285714,0.8091617246980995,True
FBgn0026430,False,0.0,1.0,0.9840780537451315,True
FBgn0026431,False,0.0,0.8571428571428571,0.8659698980290842,True
FBgn0026432,False,0.0,0.8571428571428571,0.8812753214726088,True
FBgn0026433,False,0.0,1.0,0.9818370422562778,True
FBgn0026438,False,0.0,0.5714285714285714,0.8569275634627053,True
FBgn0026439,False,0.0,1.0,0.9950482453565067,True
FBgn0026441,False,0.0,0.8571428571428571,0.9235609574697121,True
FBgn0026479,False,0.0,1.0,0.9517937877987199,True
FBgn0026533,False,0.0,0.7142857142857143,0.9009551210537646,True
FBgn0026562,False,0.0,1.0,0.9998825670835535,True
FBgn0026563,False,0.0,0.8571428571428571,0.9458878907090991,True
FBgn0026565,False,0.0,,0.9732742254320552,True
FBgn0026566,False,0.0,1.0,0.975299943240757,True
FBgn0026567,False,0.0,1.0,0.9797036776075001,True
FBgn0026570,False,0.0,0.7142857142857143,0.8725559274264576,True
FBgn0026573,False,0.0,0.5714285714285714,0.8239974164758381,True
FBgn0026575,False,0.0,0.42857142857142855,0.8284794394535455,True
FBgn0026576,False,0.0,1.0,0.9914665414048891,True
FBgn0026577,False,0.0,0.42857142857142855,0.774538586499129,True
FBgn0026582,False,0.0,1.0,0.982492709373104,True
FBgn0026585,False,0.0,1.0,0.9969761024015031,True
FBgn0026592,False,0.0,1.0,0.9963791517429001,True
FBgn0026593,False,0.0,0.5714285714285714,0.8483745327148533,True
FBgn0026597,False,0.0,0.7142857142857143,0.9013661362613273,True
FBgn0026598,False,0.0,1.0,0.9900867046366431,True
FBgn0026602,False,0.0,1.0,0.9561388057072397,True
FBgn0026611,False,0.0,1.0,0.9710527860959427,True
FBgn0026616,False,0.0,1.0,0.9725109114751531,True
FBgn0026619,False,0.0,1.0,0.9598966590335272,True
FBgn0026620,False,0.0,0.7142857142857143,0.8379327892274872,True
FBgn0026630,False,0.0,0.8571428571428571,0.8894369091656391,True
FBgn0026634,False,0.0,0.5714285714285714,0.8112168007359128,True
FBgn0026666,False,0.0,1.0,0.9699371733897011,True
FBgn0026679,False,0.0,0.7142857142857143,0.8388233221772062,True
FBgn0026702,False,0.0,0.5714285714285714,0.7982698216976886,True
FBgn0026713,False,0.0,0.8571428571428571,0.8397529994324076,True
FBgn0026718,False,0.0,1.0,0.9532225549488188,True
FBgn0026721,False,0.0,1.0,0.9958409175425205,True
FBgn0026722,False,0.0,1.0,0.9761611179613645,True
FBgn0026737,False,0.0,1.0,0.9567455424422132,True
FBgn0026738,False,0.0,0.8571428571428571,0.8951128334605524,True
FBgn0026741,False,0.0,1.0,0.9178067445638346,True
FBgn0026749,False,0.0,1.0,0.9393556847317637,True
FBgn0026751,False,0.0,0.8571428571428571,0.9317029730100014,True
FBgn0026753,False,0.0,1.0,0.9601021666373084,True
FBgn0026754,False,0.0,1.0,0.9622453173624567,True
FBgn0026755,False,0.0,1.0,0.9700594993443329,True
FBgn0026756,False,0.0,0.8571428571428571,0.9306999001820211,True
FBgn0026758,False,0.0,0.8571428571428571,0.8641594739005343,True
FBgn0026760,False,0.0,1.0,0.9974360479909186,True
FBgn0026761,False,0.0,1.0,0.9735384494940599,True
FBgn0026777,False,0.0,0.42857142857142855,0.7317245023780166,True
FBgn0026778,False,0.0,,0.9732742254320552,True
FBgn0026781,False,0.0,1.0,0.9574012095590394,True
FBgn0026787,False,0.0,1.0,0.9872683146419274,True
FBgn0026869,False,0.0,1.0,0.8984498855029065,True
FBgn0026872,False,0.0,1.0,0.959749867887969,True
FBgn0026873,False,0.0,1.0,0.9860059107901278,True
FBgn0026874,False,0.0,1.0,0.9837355410721625,True
FBgn0026876,False,0.0,1.0,0.9750357191787525,True
FBgn0026878,False,0.0,0.42857142857142855,0.7729923864325837,True
FBgn0026879,False,0.0,0.8571428571428571,0.8541385316971013,True
FBgn0027052,False,0.0,0.5714285714285714,0.7263617325269607,True
FBgn0027053,False,0.0,1.0,0.9886872957156558,True
FBgn0027054,False,0.0,1.0,0.9574892842463743,True
FBgn0027055,False,0.0,0.7142857142857143,0.9105356898205234,True
FBgn0027057,False,0.0,0.8571428571428571,0.9314191767952557,True
FBgn0027066,False,0.0,0.8571428571428571,0.8560859608948388,True
FBgn0027070,False,0.0,1.0,0.9874738222457088,True
FBgn0027073,False,0.0,1.0,0.9769440040710078,True
FBgn0027074,False,0.0,1.0,0.9709304601413109,True
FBgn0027079,False,0.0,1.0,0.9601021666373084,True
FBgn0027080,False,0.0,1.0,0.942262149413814,True
FBgn0027081,False,0.0,0.8571428571428571,0.9148415634235609,True
FBgn0027082,False,0.0,0.8571428571428571,0.9158788875188382,True
FBgn0027083,False,0.0,0.5714285714285714,0.8308672420879573,True
FBgn0027084,False,0.0,1.0,0.908010882116924,True
FBgn0027085,False,0.0,1.0,0.9646135478441273,True
FBgn0027086,False,0.0,1.0,0.9718258861292154,True
FBgn0027087,False,0.0,1.0,0.9333959642221048,True
FBgn0027088,False,0.0,1.0,0.980535494098996,True
FBgn0027090,False,0.0,1.0,0.9811030865284873,True
FBgn0027091,False,0.0,1.0,0.9979253518094455,True
FBgn0027093,False,0.0,0.7142857142857143,0.854187462078954,True
FBgn0027094,False,0.0,1.0,0.9610905603507329,True
FBgn0027095,False,0.0,1.0,0.9700643923825182,True
FBgn0027101,False,0.0,0.5714285714285714,0.7474605131818448,True
FBgn0027103,False,0.0,1.0,0.9639872389564128,True
FBgn0027106,False,0.0,0.7142857142857143,0.8644628422680211,True
FBgn0027107,False,0.0,1.0,0.9700594993443329,True
FBgn0027108,False,0.0,1.0,0.9769244319182667,True
FBgn0027109,False,0.0,,0.9732742254320552,True
FBgn0027111,False,0.0,1.0,0.9965650871939404,True
FBgn0027259,False,0.0,1.0,0.9829624410388899,True
FBgn0027279,False,0.0,1.0,0.9996477012506606,True
FBgn0027280,False,0.0,0.7142857142857143,0.8839958507036189,True
FBgn0027287,False,0.0,1.0,0.9713267962343178,True
FBgn0027291,False,0.0,0.5714285714285714,0.7988961305854031,True
FBgn0027296,False,0.0,1.0,0.9408920987219385,True
FBgn0027329,False,0.0,1.0,0.9336504022077389,True
FBgn0027330,False,0.0,0.7142857142857143,0.8950149726968469,True
FBgn0027334,False,0.0,1.0,0.9760436850449181,True
FBgn0027335,False,0.0,1.0,0.9521754447771711,True
FBgn0027338,False,0.0,0.5714285714285714,0.8727320768011273,True
FBgn0027339,False,0.0,1.0,0.9818566144090188,True
FBgn0027342,False,0.0,0.7142857142857143,0.8745425009296772,True
FBgn0027343,False,0.0,1.0,0.9648679858297614,True
FBgn0027348,False,0.0,1.0,0.9990801088211693,True
FBgn0027356,False,0.0,0.8571428571428571,0.8941048675943867,True
FBgn0027358,False,0.0,,0.9732742254320552,True
FBgn0027359,False,0.0,1.0,0.9371244593192806,True
FBgn0027360,False,0.0,0.8571428571428571,0.9465239856731842,True
FBgn0027363,False,0.0,0.8571428571428571,0.907991309964183,True
FBgn0027364,False,0.0,0.8571428571428571,0.9650881725480985,True
FBgn0027375,False,0.0,1.0,0.9896365451235981,True
FBgn0027376,False,0.0,1.0,0.9563834576165032,True
FBgn0027378,False,0.0,0.5714285714285714,0.8898577104495723,True
FBgn0027453,False,0.0,1.0,0.9575969310864503,True
FBgn0027490,False,0.0,1.0,0.9821404106237646,True
FBgn0027491,False,0.0,1.0,0.9613058540308849,True
FBgn0027492,False,0.0,0.7142857142857143,0.8749437300608693,True
FBgn0027493,False,0.0,1.0,0.9073160706946157,True
FBgn0027494,False,0.0,1.0,0.9523809523809524,True
FBgn0027495,False,0.0,0.5714285714285714,0.8530718493727125,True
FBgn0027496,False,0.0,0.8571428571428571,0.8559685279783924,True
FBgn0027497,False,0.0,1.0,0.9189321433464467,True
FBgn0027498,False,0.0,1.0,0.981553246041532,True
FBgn0027499,False,0.0,0.7142857142857143,0.8436967882097351,True
FBgn0027500,False,0.0,1.0,0.9708864227976435,True
FBgn0027503,False,0.0,0.5714285714285714,0.8411817665825064,True
FBgn0027504,False,0.0,1.0,0.9622453173624568,True
FBgn0027505,False,0.0,1.0,0.963282641457734,True
FBgn0027506,False,0.0,1.0,0.9889221615485487,True
FBgn0027507,False,0.0,0.8571428571428571,0.86788796899771,True
FBgn0027508,False,0.0,1.0,0.9196367408451256,True
FBgn0027509,False,0.0,1.0,0.9585266083416515,True
FBgn0027512,False,0.0,1.0,0.9454230520814985,True
FBgn0027513,False,0.0,1.0,0.9805257080226254,True
FBgn0027514,False,0.0,1.0,0.981406454895974,True
FBgn0027515,False,0.0,1.0,0.999148611355763,True
FBgn0027518,False,0.0,1.0,0.964134030101971,True
FBgn0027521,False,0.0,1.0,0.9513436282856751,True
FBgn0027524,False,0.0,1.0,0.9690857847454641,True
FBgn0027525,False,0.0,1.0,0.9874738222457088,True
FBgn0027526,False,0.0,1.0,0.9799776877458751,True
FBgn0027527,False,0.0,0.8571428571428571,0.9577094709647114,True
FBgn0027528,False,0.0,1.0,0.9454426242342395,True
FBgn0027529,False,0.0,1.0,0.9882273501262404,True
FBgn0027532,False,0.0,0.8571428571428571,0.936243712445932,True
FBgn0027534,False,0.0,0.8571428571428571,0.8971972677274773,True
FBgn0027535,False,0.0,0.7142857142857143,0.870931438748948,True
FBgn0027537,False,0.0,0.7142857142857143,0.8965905309925039,True
FBgn0027538,False,0.0,0.5714285714285714,0.827491045740121,True
FBgn0027539,False,0.0,1.0,0.9454817685397217,True
FBgn0027544,False,0.0,0.8571428571428571,0.9013074198031041,True
FBgn0027546,False,0.0,0.8571428571428571,0.9650881725480985,True
FBgn0027547,False,0.0,1.0,0.9595443602841877,True
FBgn0027548,False,0.0,1.0,0.9513827725911573,True
FBgn0027549,False,0.0,1.0,0.9687726303016069,True
FBgn0027550,False,0.0,1.0,0.9792535180944553,True
FBgn0027552,False,0.0,1.0,0.9894995400544105,True
FBgn0027553,False,0.0,1.0,0.9525277435265105,True
FBgn0027554,False,0.0,0.7142857142857143,0.9001037324095277,True
FBgn0027556,False,0.0,1.0,0.9281604133638659,True
FBgn0027558,False,0.0,0.8571428571428571,0.9143620456814046,True
FBgn0027559,False,0.0,0.7142857142857143,0.8834869747323508,True
FBgn0027560,False,0.0,1.0,0.9545534613352122,True
FBgn0027561,False,0.0,1.0,0.9874248918638561,True
FBgn0027562,False,0.0,0.8571428571428571,0.9650881725480985,True
FBgn0027563,False,0.0,0.8571428571428571,0.8957293562718963,True
FBgn0027564,False,0.0,1.0,0.9573914234826688,True
FBgn0027565,False,0.0,0.7142857142857143,0.8391854070029163,True
FBgn0027567,False,0.0,1.0,0.9304699273873134,True
FBgn0027568,False,0.0,0.8571428571428571,0.9041845262560428,True
FBgn0027569,False,0.0,1.0,0.9764644863288513,True
FBgn0027570,False,0.0,1.0,0.997064177088838,True
FBgn0027571,False,0.0,1.0,0.9824242068385102,True
FBgn0027572,False,0.0,1.0,0.9524983852973988,True
FBgn0027574,False,0.0,1.0,0.9485643825964418,True
FBgn0027575,False,0.0,0.5714285714285714,0.8343119409703873,True
FBgn0027578,False,0.0,1.0,0.9951656782729532,True
FBgn0027579,False,0.0,1.0,0.9801244788914333,True
FBgn0027580,False,0.0,1.0,0.9976121973655883,True
FBgn0027581,False,0.0,1.0,0.9719139608165502,True
FBgn0027582,False,0.0,1.0,0.9586929716399507,True
FBgn0027583,False,0.0,1.0,0.9633805022214393,True
FBgn0027584,False,0.0,0.5714285714285714,0.7570997984068268,True
FBgn0027585,False,0.0,1.0,0.9921222085217153,True
FBgn0027586,False,0.0,1.0,0.9669377409821306,True
FBgn0027587,False,0.0,1.0,0.9629988452429883,True
FBgn0027588,False,0.0,1.0,0.9599455894153798,True
FBgn0027589,False,0.0,0.8571428571428571,0.9236930695007144,True
FBgn0027590,False,0.0,1.0,0.99546904664044,True
FBgn0027592,False,0.0,1.0,0.9796547472256474,True
FBgn0027594,False,0.0,1.0,0.9926506566457245,True
FBgn0027596,False,0.0,1.0,0.9982189341005617,True
FBgn0027597,False,0.0,1.0,0.9978666353512223,True
FBgn0027598,False,0.0,1.0,0.985937408255534,True
FBgn0027599,False,0.0,1.0,0.948857964887558,True
FBgn0027600,False,0.0,0.42857142857142855,0.8126993913060497,True
FBgn0027601,False,0.0,1.0,0.9878652653005304,True
FBgn0027602,False,0.0,1.0,0.9312332413442155,True
FBgn0027603,False,0.0,0.7142857142857143,0.8668800031315445,True
FBgn0027604,False,0.0,1.0,0.9924549351183136,True
FBgn0027605,False,0.0,0.5714285714285714,0.8313761180592253,True
FBgn0027607,False,0.0,1.0,0.9815532460415322,True
FBgn0027608,False,0.0,0.7142857142857143,0.8148474350693833,True
FBgn0027609,False,0.0,1.0,0.9466071673223337,True
FBgn0027610,False,0.0,1.0,0.9790186522615623,True
FBgn0027611,False,0.0,1.0,0.9643493237821228,True
FBgn0027615,False,0.0,1.0,0.9484469496799953,True
FBgn0027616,False,0.0,1.0,0.9406278746599338,True
FBgn0027617,False,0.0,0.8571428571428571,0.9125026911710019,True
FBgn0027619,False,0.0,0.7142857142857143,0.8171373769400896,True
FBgn0027620,False,0.0,1.0,0.9881197032861645,True
FBgn0027621,False,0.0,1.0,0.9839116904468322,True
FBgn0027654,False,0.0,0.7142857142857143,0.8276965533439022,True
FBgn0027655,False,0.0,0.7142857142857143,0.870804219756131,True
FBgn0027657,False,0.0,1.0,0.9937858415047071,True
FBgn0027660,False,0.0,0.8571428571428571,0.9143914039105161,True
FBgn0027779,False,0.0,0.8571428571428571,0.903842013583074,True
FBgn0027780,False,0.0,0.7142857142857143,0.8833401835867927,True
FBgn0027783,False,0.0,1.0,0.9334448946039575,True
FBgn0027784,False,0.0,1.0,0.9471845458281957,True
FBgn0027785,False,0.0,1.0,0.9699567455424423,True
FBgn0027786,False,0.0,1.0,0.9618245160785235,True
FBgn0027788,False,0.0,0.8571428571428571,0.878579257432525,True
FBgn0027790,False,0.0,1.0,0.9641291370637857,True
FBgn0027791,False,0.0,0.8571428571428571,0.8408196817567964,True
FBgn0027793,False,0.0,0.7142857142857143,0.8245454367525884,True
FBgn0027794,False,0.0,0.7142857142857143,0.8271387469907815,True
FBgn0027795,False,0.0,1.0,0.9083044644080402,True
FBgn0027796,False,0.0,1.0,0.9654551504119938,True
FBgn0027835,False,0.0,0.5714285714285714,0.8737498287436636,True
FBgn0027836,False,0.0,1.0,0.9950580314328773,True
FBgn0027841,False,0.0,1.0,0.9782259800755485,True
FBgn0027842,False,0.0,1.0,0.9703971189791165,True
FBgn0027843,False,0.0,1.0,0.9967216644158691,True
FBgn0027844,False,0.0,1.0,0.9382792163310042,True
FBgn0027864,False,0.0,1.0,0.9601315248664201,True
FBgn0027865,False,0.0,1.0,0.989235315992406,True
FBgn0027866,False,0.0,0.7142857142857143,0.8830074569901943,True
FBgn0027868,False,0.0,0.8571428571428571,0.8657839625780439,True
FBgn0027872,False,0.0,1.0,0.9567455424422132,True
FBgn0027873,False,0.0,1.0,0.9564421740747265,True
FBgn0027885,False,0.0,1.0,0.9786369952831112,True
FBgn0027889,False,0.0,1.0,0.9902922122404243,True
FBgn0027903,False,0.0,0.7142857142857143,0.8919323586401268,True
FBgn0027914,False,0.0,1.0,0.9864462842268021,True
FBgn0027929,False,0.0,1.0,0.989088524846848,True
FBgn0027930,False,0.0,1.0,0.983598536002975,True
FBgn0027932,False,0.0,1.0,0.9872389564128159,True
FBgn0027934,False,0.0,,0.9732742254320552,True
FBgn0027936,False,0.0,1.0,0.9548274714735874,True
FBgn0027945,False,0.0,1.0,0.9908010882116924,True
FBgn0027948,False,0.0,1.0,0.9714246569980232,True
FBgn0027949,False,0.0,1.0,0.9986103771553834,True
FBgn0027950,False,0.0,1.0,0.9600434501790852,True
FBgn0027951,False,0.0,1.0,0.9508641105435187,True
FBgn0028274,False,0.0,0.42857142857142855,0.8145538527782671,True
FBgn0028292,False,0.0,0.5714285714285714,0.8692188753841035,True
FBgn0028325,False,0.0,1.0,0.9770907952165658,True
FBgn0028327,False,0.0,1.0,0.9979449239621866,True
FBgn0028331,False,0.0,1.0,0.9839899790577966,True
FBgn0028336,False,0.0,1.0,0.9393556847317637,True
FBgn0028341,False,0.0,0.7142857142857143,0.86480535494099,True
FBgn0028342,False,0.0,1.0,0.9520775840134656,True
FBgn0028343,False,0.0,1.0,0.964515687080422,True
FBgn0028360,False,0.0,1.0,0.9870334488090345,True
FBgn0028369,False,0.0,0.7142857142857143,0.8540015266279138,True
FBgn0028370,False,0.0,1.0,0.9672753606169142,True
FBgn0028371,False,0.0,0.8571428571428571,0.9191914743702659,True
FBgn0028372,False,0.0,1.0,0.9699371733897011,True
FBgn0028373,False,0.0,1.0,0.9988060986827941,True
FBgn0028374,False,0.0,0.8571428571428571,0.9801636231969154,True
FBgn0028375,False,0.0,1.0,0.9668056289511283,True
FBgn0028377,False,0.0,,0.9732742254320552,True
FBgn0028379,False,0.0,0.42857142857142855,0.7597322529505021,True
FBgn0028380,False,0.0,0.8571428571428571,0.8863640811852895,True
FBgn0028381,False,0.0,0.8571428571428571,0.9352748908852485,True
FBgn0028382,False,0.0,0.8571428571428571,0.9133247215861272,True
FBgn0028386,False,0.0,1.0,0.979576458614683,True
FBgn0028387,False,0.0,0.5714285714285714,0.8225588632493688,True
FBgn0028394,False,0.0,1.0,0.9971816100052845,True
FBgn0028396,False,0.0,1.0,0.9876010412385259,True
FBgn0028397,False,0.0,1.0,0.9969467441723915,True
FBgn0028398,False,0.0,1.0,0.9656508719394046,True
FBgn0028399,False,0.0,1.0,0.9635860098252207,True
FBgn0028400,False,0.0,0.8571428571428571,0.9801636231969154,True
FBgn0028401,False,0.0,0.7142857142857143,0.858082320474429,True
FBgn0028402,False,0.0,1.0,0.9752020824770516,True
FBgn0028406,False,0.0,0.5714285714285714,0.7904213884485154,True
FBgn0028407,False,0.0,1.0,0.9735090912649482,True
FBgn0028408,False,0.0,1.0,0.9690759986690937,True
FBgn0028410,False,0.0,0.8571428571428571,0.9689585657526472,True
FBgn0028411,False,0.0,1.0,0.9673242909987669,True
FBgn0028412,False,0.0,,0.9732742254320552,True
FBgn0028415,False,0.0,,0.9732742254320552,True
FBgn0028416,False,0.0,,0.9732742254320552,True
FBgn0028418,False,0.0,1.0,0.9611101325034741,True
FBgn0028419,False,0.0,0.8571428571428571,0.9272111639559235,True
FBgn0028420,False,0.0,1.0,0.9849000841602568,True
FBgn0028421,False,0.0,1.0,0.9746247039711898,True
FBgn0028422,False,0.0,1.0,0.9430939659053099,True
FBgn0028424,False,0.0,1.0,0.9556495018887128,True
FBgn0028425,False,0.0,1.0,0.9822089131583582,True
FBgn0028426,False,0.0,1.0,0.9643101794766407,True
FBgn0028427,False,0.0,1.0,0.9844499246472119,True
FBgn0028428,False,0.0,1.0,0.9957724150079267,True
FBgn0028429,False,0.0,0.5714285714285714,0.8189869453741216,True
FBgn0028430,False,0.0,0.5714285714285714,0.7308143972755564,True
FBgn0028431,False,0.0,,0.9732742254320552,True
FBgn0028433,False,0.0,1.0,0.9995400544105846,True
FBgn0028434,False,0.0,1.0,0.9984635860098252,True
FBgn0028436,False,0.0,1.0,0.9255768892020433,True
FBgn0028467,False,0.0,1.0,0.9640263832618949,True
FBgn0028468,False,0.0,0.5714285714285714,0.8269332393870001,True
FBgn0028470,False,0.0,0.2857142857142857,0.8203178517605152,True
FBgn0028471,False,0.0,0.8571428571428571,0.922200692854207,True
FBgn0028473,False,0.0,1.0,0.9933552541444033,True
FBgn0028474,False,0.0,0.2857142857142857,0.8119311843109623,True
FBgn0028475,False,0.0,1.0,0.9759751825103243,True
FBgn0028476,False,0.0,0.7142857142857143,0.8929011802008103,True
FBgn0028479,False,0.0,1.0,0.9595932906660404,True
FBgn0028480,False,0.0,1.0,0.9253909537510031,True
FBgn0028481,False,0.0,0.42857142857142855,0.8332990820660364,True
FBgn0028482,False,0.0,1.0,0.9805942105572192,True
FBgn0028484,False,0.0,1.0,0.9490047560331161,True
FBgn0028485,False,0.0,1.0,0.9725892000861175,True
FBgn0028487,False,0.0,1.0,0.9768363572309319,True
FBgn0028490,False,0.0,1.0,0.9843324917307654,True
FBgn0028491,False,0.0,1.0,0.995615837785998,True
FBgn0028494,False,0.0,1.0,0.9597987982698217,True
FBgn0028496,False,0.0,1.0,0.9853893879787838,True
FBgn0028497,False,0.0,1.0,0.9489949699567455,True
FBgn0028499,False,0.0,1.0,0.9600238780263441,True
FBgn0028500,False,0.0,1.0,0.9792633041708257,True
FBgn0028504,False,0.0,0.5714285714285714,0.7995811559313408,True
FBgn0028506,False,0.0,0.5714285714285714,0.7696161900847475,True
FBgn0028507,False,0.0,1.0,0.9654551504119938,True
FBgn0028509,False,0.0,1.0,0.9499735775937995,True
FBgn0028513,False,0.0,0.7142857142857143,0.7222809386804454,True
FBgn0028514,False,0.0,1.0,0.9988648151410173,True
FBgn0028515,False,0.0,1.0,0.9642221047893058,True
FBgn0028516,False,0.0,0.8571428571428571,0.9801636231969154,True
FBgn0028517,False,0.0,,0.9732742254320552,True
FBgn0028518,False,0.0,,0.9732742254320552,True
FBgn0028519,False,0.0,1.0,0.9656117276339224,True
FBgn0028520,False,0.0,,0.9732742254320552,True
FBgn0028523,False,0.0,0.8571428571428571,0.8879983559391698,True
FBgn0028525,False,0.0,0.7142857142857143,0.8497739416358405,True
FBgn0028526,False,0.0,0.5714285714285714,0.8354862701348521,True
FBgn0028527,False,0.0,1.0,0.9682833264830799,True
FBgn0028530,False,0.0,1.0,0.9791458712543792,True
FBgn0028531,False,0.0,1.0,0.9452958330886814,True
FBgn0028532,False,0.0,0.7142857142857143,0.8761914547981132,True
FBgn0028533,False,0.0,1.0,0.9465973812459633,True
FBgn0028534,False,0.0,1.0,0.9729317127590864,True
FBgn0028535,False,0.0,1.0,0.8899457851369073,True
FBgn0028537,False,0.0,,0.9732742254320552,True
FBgn0028538,False,0.0,0.5714285714285714,0.8628089953613998,True
FBgn0028539,False,0.0,0.5714285714285714,0.8673008044154776,True
FBgn0028540,False,0.0,1.0,0.9975730530601061,True
FBgn0028541,False,0.0,0.8571428571428571,0.9289530855498797,True
FBgn0028542,False,0.0,1.0,0.9973871176090658,True
FBgn0028543,False,0.0,1.0,0.9908695907462862,True
FBgn0028544,False,0.0,1.0,0.9417728455952871,True
FBgn0028546,False,0.0,1.0,0.9695750885639911,True
FBgn0028550,False,0.0,0.5714285714285714,0.7902452390738457,True
FBgn0028552,False,0.0,0.7142857142857143,0.8613019396003366,True
FBgn0028554,False,0.0,1.0,0.957430567788151,True
FBgn0028560,False,0.0,0.7142857142857143,0.8558413089855753,True
FBgn0028561,False,0.0,1.0,0.9536335701563815,True
FBgn0028562,False,0.0,1.0,0.9601217387900495,True
FBgn0028563,False,0.0,1.0,0.9976709138238115,True
FBgn0028567,False,0.0,0.7142857142857143,0.8921770105493904,True
FBgn0028569,False,0.0,,0.9732742254320552,True
FBgn0028570,False,0.0,,0.9732742254320552,True
FBgn0028572,False,0.0,1.0,0.9221321903196132,True
FBgn0028573,False,0.0,1.0,0.991446969252148,True
FBgn0028577,False,0.0,1.0,0.9201456168163936,True
FBgn0028579,False,0.0,1.0,0.9742136887636271,True
FBgn0028581,False,0.0,,0.9732742254320552,True
FBgn0028582,False,0.0,0.5714285714285714,0.8223533556455874,True
FBgn0028583,False,0.0,0.5714285714285714,0.7618069011410564,True
FBgn0028622,False,0.0,1.0,0.9187853522008886,True
FBgn0028642,False,0.0,1.0,0.9556152506214158,True
FBgn0028644,False,0.0,0.7142857142857143,0.8860509267414323,True
FBgn0028645,False,0.0,0.7142857142857143,0.8548235570430391,True
FBgn0028646,False,0.0,1.0,0.9880218425224591,True
FBgn0028647,False,0.0,1.0,0.9393654708081342,True
FBgn0028648,False,0.0,1.0,0.9254007398273736,True
FBgn0028658,False,0.0,1.0,0.9696533771749555,True
FBgn0028662,False,0.0,0.8571428571428571,0.8761376313780753,True
FBgn0028663,False,0.0,0.42857142857142855,0.7989646331199969,True
FBgn0028664,False,0.0,1.0,0.9729512849118275,True
FBgn0028665,False,0.0,1.0,0.919392088935862,True
FBgn0028667,False,0.0,0.8571428571428571,0.8959299708374925,True
FBgn0028668,False,0.0,,0.9732742254320552,True
FBgn0028669,False,0.0,0.8571428571428571,0.9473460160883096,True
FBgn0028670,False,0.0,1.0,0.9744779128256317,True
FBgn0028671,False,0.0,1.0,0.9653279314191768,True
FBgn0028675,False,0.0,1.0,0.954240306891355,True
FBgn0028683,False,0.0,0.42857142857142855,0.7174368308770281,True
FBgn0028684,False,0.0,1.0,0.989108096999589,True
FBgn0028685,False,0.0,1.0,0.9377409821306245,True
FBgn0028686,False,0.0,1.0,0.9730002152936802,True
FBgn0028687,False,0.0,1.0,0.9660716732233379,True
FBgn0028688,False,0.0,1.0,0.9370853150137983,True
FBgn0028689,False,0.0,1.0,0.9811128726048578,True
FBgn0028690,False,0.0,1.0,0.9873368171765212,True
FBgn0028691,False,0.0,1.0,0.9855655373534535,True
FBgn0028692,False,0.0,1.0,0.9769537901473783,True
FBgn0028693,False,0.0,1.0,0.9682246100248567,True
FBgn0028694,False,0.0,1.0,0.9849490145421095,True
FBgn0028695,False,0.0,1.0,0.9507271054743311,True
FBgn0028696,False,0.0,0.8571428571428571,0.8992523437652907,True
FBgn0028699,False,0.0,0.8571428571428571,0.9292711330319222,True
FBgn0028700,False,0.0,0.8571428571428571,0.895161763842405,True
FBgn0028703,False,0.0,1.0,0.9794003092400133,True
FBgn0028704,False,0.0,1.0,0.974683420429413,True
FBgn0028707,False,0.0,0.8571428571428571,0.9089014150666431,True
FBgn0028708,False,0.0,0.5714285714285714,0.8700996222574521,True
FBgn0028717,False,0.0,1.0,0.9805452801753665,True
FBgn0028734,False,0.0,1.0,0.9622159591333451,True
FBgn0028737,False,0.0,0.5714285714285714,0.8412796273462118,True
FBgn0028738,False,0.0,0.8571428571428571,0.8885855205214022,True
FBgn0028740,False,0.0,1.0,0.9876303994676374,True
FBgn0028741,False,0.0,1.0,0.9365128295461218,True
FBgn0028743,False,0.0,0.5714285714285714,0.8556749456872761,True
FBgn0028744,False,0.0,1.0,0.981895758714501,True
FBgn0028746,False,0.0,1.0,0.9284050652731294,True
FBgn0028789,False,0.0,0.8571428571428571,0.9801636231969154,True
FBgn0028833,False,0.0,,0.9732742254320552,True
FBgn0028836,False,0.0,1.0,0.9589474096255847,True
FBgn0028837,False,0.0,1.0,0.9377801264361068,True
FBgn0028838,False,0.0,,0.9732742254320552,True
FBgn0028841,False,0.0,0.8571428571428571,0.9585461804943926,True
FBgn0028844,False,0.0,1.0,0.9728729963008631,True
FBgn0028847,False,0.0,,0.9732742254320552,True
FBgn0028848,False,0.0,,0.9732742254320552,True
FBgn0028850,False,0.0,,0.9732742254320552,True
FBgn0028852,False,0.0,1.0,0.9849245493511831,True
FBgn0028853,False,0.0,,0.9732742254320552,True
FBgn0028855,False,0.0,0.8571428571428571,0.9473460160883096,True
FBgn0028856,False,0.0,0.8571428571428571,0.9411905740512398,True
FBgn0028857,False,0.0,1.0,0.96683498718024,True
FBgn0028858,False,0.0,1.0,0.9416260544497289,True
FBgn0028859,False,0.0,1.0,0.9520090814788719,True
FBgn0028862,False,0.0,1.0,0.960258743859237,True
FBgn0028863,False,0.0,1.0,0.9580373045231245,True
FBgn0028864,False,0.0,,0.9732742254320552,True
FBgn0028866,False,0.0,,0.9732742254320552,True
FBgn0028867,False,0.0,,0.9732742254320552,True
FBgn0028868,False,0.0,,0.9732742254320552,True
FBgn0028870,False,0.0,,0.9732742254320552,True
FBgn0028871,False,0.0,0.8571428571428571,0.8768813731822364,True
FBgn0028872,False,0.0,,0.9732742254320552,True
FBgn0028873,False,0.0,,0.9732742254320552,True
FBgn0028875,False,0.0,1.0,0.9284148513495,True
FBgn0028878,False,0.0,0.5714285714285714,0.9041111306832639,True
FBgn0028879,False,0.0,,0.9732742254320552,True
FBgn0028880,False,0.0,0.8571428571428571,0.9480310414342473,True
FBgn0028882,False,0.0,,0.9732742254320552,True
FBgn0028884,False,0.0,,0.9732742254320552,True
FBgn0028886,False,0.0,1.0,0.9578122247666021,True
FBgn0028887,False,0.0,0.8571428571428571,0.9710283209050163,True
FBgn0028888,False,0.0,0.8571428571428571,0.8963899164269078,True
FBgn0028889,False,0.0,,0.9732742254320552,True
FBgn0028891,False,0.0,,0.9732742254320552,True
FBgn0028892,False,0.0,,0.9732742254320552,True
FBgn0028893,False,0.0,0.8571428571428571,0.9465533439022958,True
FBgn0028894,False,0.0,1.0,0.938347718865598,True
FBgn0028895,False,0.0,0.8571428571428571,0.9212905877517468,True
FBgn0028896,False,0.0,1.0,0.9700546063061476,True
FBgn0028897,False,0.0,1.0,0.9019728729963009,True
FBgn0028899,False,0.0,1.0,0.9711017164777954,True
FBgn0028900,False,0.0,,0.9732742254320552,True
FBgn0028901,False,0.0,0.8571428571428571,0.9627150490282426,True
FBgn0028902,False,0.0,1.0,0.9544360284187658,True
FBgn0028903,False,0.0,1.0,0.9897931223455267,True
FBgn0028904,False,0.0,0.8571428571428571,0.9480310414342473,True
FBgn0028905,False,0.0,0.8571428571428571,0.9050359149002799,True
FBgn0028906,False,0.0,1.0,0.9246961423286947,True
FBgn0028909,False,0.0,,0.9732742254320552,True
FBgn0028910,False,0.0,,0.9732742254320552,True
FBgn0028911,False,0.0,,0.9732742254320552,True
FBgn0028912,False,0.0,,0.9732742254320552,True
FBgn0028913,False,0.0,,0.9732742254320552,True
FBgn0028916,False,0.0,1.0,0.9817098232634608,True
FBgn0028917,False,0.0,0.5714285714285714,0.8379474683420429,True
FBgn0028919,False,0.0,1.0,0.944327011527998,True
FBgn0028920,False,0.0,1.0,0.9839214765232028,True
FBgn0028925,False,0.0,0.8571428571428571,0.90667018965416,True
FBgn0028926,False,0.0,0.8571428571428571,0.9011116982756934,True
FBgn0028931,False,0.0,1.0,0.9501399408920987,True
FBgn0028932,False,0.0,1.0,0.9709549253322373,True
FBgn0028935,False,0.0,,0.9732742254320552,True
FBgn0028936,False,0.0,1.0,0.9783629851447361,True
FBgn0028938,False,0.0,1.0,0.9670600669367624,True
FBgn0028939,False,0.0,1.0,0.9994226214941382,True
FBgn0028940,False,0.0,1.0,0.9834615309337874,True
FBgn0028941,False,0.0,1.0,0.9872389564128159,True
FBgn0028942,False,0.0,1.0,0.9557962930342708,True
FBgn0028943,False,0.0,1.0,0.9707396316520854,True
FBgn0028944,False,0.0,,0.9732742254320552,True
FBgn0028945,False,0.0,,0.9732742254320552,True
FBgn0028946,False,0.0,,0.9732742254320552,True
FBgn0028947,False,0.0,,0.9732742254320552,True
FBgn0028948,False,0.0,,0.9732742254320552,True
FBgn0028949,False,0.0,,0.9732742254320552,True
FBgn0028950,False,0.0,0.8571428571428571,0.9465239856731842,True
FBgn0028952,False,0.0,1.0,0.9517350713404967,True
FBgn0028953,False,0.0,1.0,0.9452860470123109,True
FBgn0028954,False,0.0,1.0,0.9820621220128002,True
FBgn0028955,False,0.0,1.0,0.9955375491750338,True
FBgn0028956,False,0.0,1.0,0.9682246100248566,True
FBgn0028961,False,0.0,0.5714285714285714,0.85882606227859,True
FBgn0028962,False,0.0,1.0,0.9432505431272385,True
FBgn0028963,False,0.0,0.8571428571428571,0.9689585657526472,True
FBgn0028965,False,0.0,0.5714285714285714,0.870442134930421,True
FBgn0028968,False,0.0,0.7142857142857143,0.8699430450355234,True
FBgn0028969,False,0.0,0.8571428571428571,0.8767932984949014,True
FBgn0028970,False,0.0,1.0,0.97517272424794,True
FBgn0028974,False,0.0,0.7142857142857143,0.9159767482825436,True
FBgn0028978,False,0.0,1.0,0.9694772278002858,True
FBgn0028979,False,0.0,0.8571428571428571,0.9288747969389153,True
FBgn0028980,False,0.0,1.0,0.9286007868005401,True
FBgn0028981,False,0.0,0.5714285714285714,0.8361223650989372,True
FBgn0028982,False,0.0,0.7142857142857143,0.8745522870060478,True
FBgn0028983,False,0.0,1.0,0.9637621591998904,True
FBgn0028984,False,0.0,0.8571428571428571,0.9235707435460826,True
FBgn0028985,False,0.0,1.0,0.9885698627992093,True
FBgn0028986,False,0.0,0.5714285714285714,0.8929207523535514,True
FBgn0028987,False,0.0,0.8571428571428571,0.9650881725480985,True
FBgn0028988,False,0.0,1.0,0.9721586127258137,True
FBgn0028990,False,0.0,1.0,0.9973773315326953,True
FBgn0028991,False,0.0,1.0,0.9067191200360127,True
FBgn0028992,False,0.0,0.8571428571428571,0.8970602626582898,True
FBgn0028996,False,0.0,0.5714285714285714,0.792877693617521,True
FBgn0028997,False,0.0,1.0,0.949963791517429,True
FBgn0028999,False,0.0,0.8571428571428571,0.9458878907090991,True
FBgn0029002,False,0.0,1.0,0.9996574873270311,True
FBgn0029003,False,0.0,0.8571428571428571,0.9050799522439473,True
FBgn0029006,False,0.0,1.0,0.9845575714872878,True
FBgn0029067,False,0.0,1.0,0.9193627307067505,True
FBgn0029079,False,0.0,0.7142857142857143,0.8564382596441783,True
FBgn0029082,False,0.0,1.0,0.9460591470455835,True
FBgn0029084,False,0.0,0.7142857142857143,0.8762844225236334,True
FBgn0029088,False,0.0,1.0,0.9271426614213297,True
FBgn0029090,True,0.0,1.0,0.9993639050359149,False
FBgn0029091,False,0.0,1.0,0.9769684692619341,True
FBgn0029092,False,0.0,1.0,0.9930714579296577,True
FBgn0029093,False,0.0,0.7142857142857143,0.8507329771201535,True
FBgn0029094,False,0.0,0.8571428571428571,0.9339635566515961,True
FBgn0029095,False,0.0,1.0,0.9887362260975084,True
FBgn0029105,False,0.0,0.8571428571428571,0.901214452077584,True
FBgn0029113,False,0.0,1.0,0.9856927563462705,True
FBgn0029114,False,0.0,1.0,0.9929931693186934,True
FBgn0029117,False,0.0,0.7142857142857143,0.8692775918423268,True
FBgn0029118,False,0.0,1.0,0.98985183880375,True
FBgn0029121,False,0.0,1.0,0.964427612393087,True
FBgn0029123,False,0.0,1.0,0.9675493707552894,True
FBgn0029128,False,0.0,1.0,0.9647994832951676,True
FBgn0029131,False,0.0,1.0,0.9678233808936645,True
FBgn0029133,False,0.0,0.8571428571428571,0.8855714089992758,True
FBgn0029134,False,0.0,1.0,0.9727457773080461,True
FBgn0029137,False,0.0,1.0,0.9070812048617227,True
FBgn0029147,False,0.0,1.0,0.9937564832755955,True
FBgn0029148,False,0.0,1.0,0.9401385708414068,True
FBgn0029152,False,0.0,0.8571428571428571,0.8892216154854873,True
FBgn0029153,False,0.0,,0.9732742254320552,True
FBgn0029154,False,0.0,,0.9732742254320552,True
FBgn0029155,False,0.0,1.0,0.9845379993345468,True
FBgn0029157,False,0.0,0.7142857142857143,0.854529974751923,True
FBgn0029158,False,0.0,0.8571428571428571,0.9231499422621494,True
FBgn0029161,False,0.0,0.5714285714285714,0.8816814436419862,True
FBgn0029167,False,0.0,1.0,0.9999706417708883,True
FBgn0029170,False,0.0,0.8571428571428571,0.9801636231969154,True
FBgn0029172,False,0.0,,0.9732742254320552,True
FBgn0029173,False,0.0,1.0,0.9526353903665864,True
FBgn0029174,False,0.0,1.0,0.9736069520286537,True
FBgn0029175,False,0.0,,0.9732742254320552,True
FBgn0029176,False,0.0,0.7142857142857143,0.8482864580275185,True
FBgn0029501,False,0.0,1.0,0.9747861742313038,True
FBgn0029502,False,0.0,1.0,0.9637817313526315,True
FBgn0029503,False,0.0,1.0,0.9473117648210126,True
FBgn0029504,False,0.0,1.0,0.9889613058540309,True
FBgn0029506,False,0.0,1.0,0.9842639891961716,True
FBgn0029507,False,0.0,0.8571428571428571,0.8713033096510285,True
FBgn0029508,False,0.0,0.8571428571428571,0.8591490027988178,True
FBgn0029512,False,0.0,1.0,0.9546904664043998,True
FBgn0029514,False,0.0,1.0,0.9820523359364296,True
FBgn0029518,False,0.0,1.0,0.9509326130781125,True
FBgn0029521,False,0.0,1.0,0.9873563893292623,True
FBgn0029522,False,0.0,1.0,0.9895288982835222,True
FBgn0029523,False,0.0,1.0,0.9717182392891394,True
FBgn0029524,False,0.0,1.0,0.9847826512438104,True
FBgn0029525,False,0.0,1.0,0.9713365823106883,True
FBgn0029526,False,0.0,1.0,0.9935607617481848,True
FBgn0029529,False,0.0,1.0,0.9731861507447204,True
FBgn0029531,False,0.0,1.0,0.963047775624841,True
FBgn0029532,False,0.0,1.0,0.9687726303016069,True
FBgn0029535,False,0.0,0.8571428571428571,0.9158054919460592,True
FBgn0029538,False,0.0,0.7142857142857143,0.8036521637014855,True
FBgn0029539,False,0.0,,0.9732742254320552,True
FBgn0029552,False,0.0,,0.9732742254320552,True
FBgn0029568,False,0.0,1.0,0.9762687648014405,True
FBgn0029573,False,0.0,0.8571428571428571,0.8425811755034937,True
FBgn0029580,False,0.0,1.0,0.9285518564186874,True
FBgn0029587,False,0.0,0.8571428571428571,0.8674965259428884,True
FBgn0029588,False,0.0,1.0,0.977364805354941,True
FBgn0029589,False,0.0,1.0,0.9812694498267864,True
FBgn0029590,False,0.0,0.8571428571428571,0.8978529348443035,True
FBgn0029594,False,0.0,1.0,0.9907815160589514,True
FBgn0029596,False,0.0,1.0,0.9887166539447674,True
FBgn0029603,False,0.0,0.8571428571428571,0.9124635468655197,True
FBgn0029606,False,0.0,0.8571428571428571,0.906161313682892,True
FBgn0029608,False,0.0,1.0,0.9929833832423228,True
FBgn0029629,False,0.0,0.7142857142857143,0.862104397862721,True
FBgn0029639,False,0.0,1.0,0.9690613195545378,True
FBgn0029642,False,0.0,0.42857142857142855,0.8463488149061515,True
FBgn0029643,False,0.0,0.8571428571428571,0.8833597557395337,True
FBgn0029644,False,0.0,1.0,0.9497436047990918,True
FBgn0029645,False,0.0,0.8571428571428571,0.9458829976709138,True
FBgn0029646,False,0.0,,0.9732742254320552,True
FBgn0029647,False,0.0,0.8571428571428571,0.9801636231969154,True
FBgn0029648,False,0.0,0.8571428571428571,0.9022370970583055,True
FBgn0029649,False,0.0,,0.9732742254320552,True
FBgn0029656,False,0.0,0.7142857142857143,0.81315444385728,True
FBgn0029657,False,0.0,0.8571428571428571,0.8815101873055017,True
FBgn0029658,False,0.0,1.0,0.9354608263362887,True
FBgn0029659,False,0.0,1.0,0.9943534339341984,True
FBgn0029660,False,0.0,0.7142857142857143,0.692932495645196,True
FBgn0029661,False,0.0,0.7142857142857143,0.7934257138942713,True
FBgn0029662,False,0.0,1.0,0.9607186894486525,True
FBgn0029663,False,0.0,0.8571428571428571,0.8559391697492806,True
FBgn0029664,False,0.0,1.0,0.996085569451784,True
FBgn0029665,False,0.0,1.0,0.9455502710743154,True
FBgn0029666,False,0.0,0.8571428571428571,0.8845928013622218,True
FBgn0029667,False,0.0,1.0,0.9452958330886815,True
FBgn0029669,False,0.0,0.7142857142857143,0.7782377233671931,True
FBgn0029672,False,0.0,0.7142857142857143,0.82910574834126,True
FBgn0029676,False,0.0,1.0,0.950942399154483,True
FBgn0029679,False,0.0,0.42857142857142855,0.8972755563384417,True
FBgn0029681,False,0.0,0.7142857142857143,0.8641496878241638,True
FBgn0029685,False,0.0,1.0,0.9791360851780088,True
FBgn0029686,False,0.0,1.0,0.8920302194038322,True
FBgn0029687,False,0.0,0.7142857142857143,0.8069696435910986,True
FBgn0029688,False,0.0,1.0,0.9648190554479087,True
FBgn0029689,False,0.0,0.7142857142857143,0.8796899771005813,True
FBgn0029690,False,0.0,0.8571428571428571,0.8937183175777504,True
FBgn0029692,False,0.0,1.0,0.9381911416436693,True
FBgn0029693,False,0.0,1.0,0.9910359540445853,True
FBgn0029694,False,0.0,0.42857142857142855,0.8466326111208972,True
FBgn0029696,False,0.0,1.0,0.9492934452860471,True
FBgn0029697,False,0.0,1.0,0.9565791791439141,True
FBgn0029700,False,0.0,0.5714285714285714,0.8801890669954788,True
FBgn0029701,False,0.0,0.7142857142857143,0.8742244534476347,True
FBgn0029702,False,0.0,0.8571428571428571,0.8922259409312431,True
FBgn0029703,False,0.0,0.8571428571428571,0.9123705791399996,True
FBgn0029704,False,0.0,1.0,0.9347366566848688,True
FBgn0029705,False,0.0,1.0,0.9814651713541972,True
FBgn0029706,False,0.0,1.0,0.9657389466267394,True
FBgn0029707,False,0.0,1.0,0.9759409312430274,True
FBgn0029708,False,0.0,1.0,0.9179046053275399,True
FBgn0029709,False,0.0,1.0,0.9293151703755896,True
FBgn0029710,False,0.0,0.7142857142857143,0.8346740257960974,True
FBgn0029711,False,0.0,0.8571428571428571,0.887929853404576,True
FBgn0029712,False,0.0,1.0,0.882293073415145,True
FBgn0029713,False,0.0,1.0,0.9916720490086705,True
FBgn0029714,False,0.0,0.5714285714285714,0.8404282387019748,True
FBgn0029715,False,0.0,0.5714285714285714,0.8455169984146556,True
FBgn0029716,False,0.0,0.7142857142857143,0.8876460571898304,True
FBgn0029717,False,0.0,,0.9732742254320552,True
FBgn0029718,False,0.0,0.7142857142857143,0.8349284637817314,True
FBgn0029719,False,0.0,1.0,0.9579883741412718,True
FBgn0029720,False,0.0,1.0,0.9751629381715695,True
FBgn0029722,False,0.0,1.0,0.9523124498463587,True
FBgn0029723,False,0.0,0.8571428571428571,0.8911250073395572,True
FBgn0029724,False,0.0,,0.9732742254320552,True
FBgn0029725,False,0.0,,0.9732742254320552,True
FBgn0029726,False,0.0,,0.9732742254320552,True
FBgn0029727,False,0.0,,0.9732742254320552,True
FBgn0029728,False,0.0,1.0,0.9825612119076977,True
FBgn0029729,False,0.0,,0.9732742254320552,True
FBgn0029730,False,0.0,0.8571428571428571,0.9650881725480985,True
FBgn0029733,False,0.0,1.0,0.9617706926584855,True
FBgn0029736,False,0.0,1.0,0.9262031980897579,True
FBgn0029737,False,0.0,0.7142857142857143,0.8074687334859961,True
FBgn0029738,False,0.0,0.7142857142857143,0.8660971170219013,True
FBgn0029740,False,0.0,0.8571428571428571,0.9577094709647114,True
FBgn0029745,False,0.0,0.8571428571428571,0.8591196445697062,True
FBgn0029746,False,0.0,0.8571428571428571,0.8702953437848628,True
FBgn0029747,False,0.0,0.7142857142857143,0.8185759301665589,True
FBgn0029748,False,0.0,0.8571428571428571,0.9161039672753606,True
FBgn0029749,False,0.0,1.0,0.9759409312430274,True
FBgn0029750,False,0.0,1.0,0.9674025796097313,True
FBgn0029751,False,0.0,1.0,0.9501154757011724,True
FBgn0029752,False,0.0,0.8571428571428571,0.92361478088975,True
FBgn0029753,False,0.0,,0.9732742254320552,True
FBgn0029754,False,0.0,1.0,0.9633805022214393,True
FBgn0029755,False,0.0,0.5714285714285714,0.7766328068424246,True
FBgn0029756,False,0.0,0.8571428571428571,0.8977942183860803,True
FBgn0029761,False,0.0,1.0,0.9953907580294757,True
FBgn0029762,False,0.0,0.7142857142857143,0.8109721488266495,True
FBgn0029763,False,0.0,1.0,0.9092341416632416,True
FBgn0029764,False,0.0,1.0,0.9421545025737381,True
FBgn0029765,False,0.0,1.0,0.9867007222124361,True
FBgn0029766,False,0.0,1.0,0.9823557043039164,True
FBgn0029768,False,0.0,0.8571428571428571,0.9445863425518173,True
FBgn0029769,False,0.0,,0.9732742254320552,True
FBgn0029770,False,0.0,0.8571428571428571,0.9465533439022958,True
FBgn0029771,False,0.0,1.0,0.9738418178615466,True
FBgn0029775,False,0.0,0.8571428571428571,0.9368847004482023,True
FBgn0029778,False,0.0,1.0,0.9588593349382498,True
FBgn0029783,False,0.0,0.8571428571428571,0.8942516587399448,True
FBgn0029785,False,0.0,0.5714285714285714,0.8321981484743507,True
FBgn0029789,False,0.0,1.0,0.902608967960386,True
FBgn0029791,False,0.0,0.5714285714285714,0.6984616287945511,True
FBgn0029795,False,0.0,0.7142857142857143,0.8289295989665904,True
FBgn0029798,False,0.0,1.0,0.9871802399545926,True
FBgn0029799,False,0.0,0.8571428571428571,0.9022566692110465,True
FBgn0029800,False,0.0,1.0,0.9909576654336211,True
FBgn0029801,False,0.0,1.0,0.9989431037519817,True
FBgn0029803,False,0.0,0.7142857142857143,0.838872252559059,True
FBgn0029804,False,0.0,1.0,0.9114457949229836,True
FBgn0029807,False,0.0,0.7142857142857143,0.7970661343041121,True
FBgn0029808,False,0.0,0.8571428571428571,0.8762550642945217,True
FBgn0029809,False,0.0,0.8571428571428571,0.8763627111345976,True
FBgn0029810,False,0.0,0.8571428571428571,0.8784765036306343,True
FBgn0029811,False,0.0,0.8571428571428571,0.9801636231969154,True
FBgn0029812,False,0.0,1.0,0.9695261581821385,True
FBgn0029813,False,0.0,1.0,0.9551210537647036,True
FBgn0029814,False,0.0,1.0,0.9747861742313038,True
FBgn0029815,False,0.0,0.8571428571428571,0.9546806803280293,True
FBgn0029816,False,0.0,,0.9732742254320552,True
FBgn0029817,False,0.0,1.0,0.947571095844832,True
FBgn0029818,False,0.0,1.0,0.9588495488618793,True
FBgn0029819,False,0.0,1.0,0.9321922768285283,True
FBgn0029820,False,0.0,1.0,0.9648875579825025,True
FBgn0029821,False,0.0,0.7142857142857143,0.8773706770007633,True
FBgn0029822,False,0.0,0.5714285714285714,0.8671050828880669,True
FBgn0029823,False,0.0,1.0,0.9858199753390875,True
FBgn0029824,False,0.0,1.0,0.9406083025071927,True
FBgn0029825,False,0.0,1.0,0.9855361791243419,True
FBgn0029826,False,0.0,1.0,0.9874444640165971,True
FBgn0029827,False,0.0,0.8571428571428571,0.9172195799816022,True
FBgn0029828,False,0.0,0.8571428571428571,0.9801636231969154,True
FBgn0029830,False,0.0,0.5714285714285714,0.8109623627502789,True
FBgn0029831,False,0.0,0.8571428571428571,0.9033135654590648,True
FBgn0029833,False,0.0,1.0,0.9086861213864913,True
FBgn0029834,False,0.0,1.0,0.9426144481631534,True
FBgn0029835,False,0.0,1.0,0.9810003327265966,True
FBgn0029836,False,0.0,,0.9732742254320552,True
FBgn0029837,False,0.0,1.0,0.949601706691719,True
FBgn0029838,False,0.0,1.0,0.9385336543166383,True
FBgn0029839,False,0.0,,0.9732742254320552,True
FBgn0029840,False,0.0,1.0,0.9374376137631378,True
FBgn0029843,False,0.0,0.5714285714285714,0.8356330612804103,True
FBgn0029846,False,0.0,0.7142857142857143,0.8318262775722702,True
FBgn0029848,False,0.0,1.0,0.9968978137905389,True
FBgn0029849,False,0.0,1.0,0.9687530581488658,True
FBgn0029850,False,0.0,1.0,0.9767874268490792,True
FBgn0029851,False,0.0,0.7142857142857143,0.8252500342512673,True
FBgn0029853,False,0.0,1.0,0.9729414988354569,True
FBgn0029854,False,0.0,1.0,0.9845282132581763,True
FBgn0029856,False,0.0,0.7142857142857143,0.735609574697121,True
FBgn0029857,False,0.0,0.8571428571428571,0.9037930832012213,True
FBgn0029858,False,0.0,1.0,0.9014835691777738,True
FBgn0029859,False,0.0,,0.9732742254320552,True
FBgn0029860,False,0.0,,0.9732742254320552,True
FBgn0029861,False,0.0,1.0,0.9929344528604701,True
FBgn0029863,False,0.0,1.0,0.9709402462176815,True
FBgn0029864,False,0.0,0.8571428571428571,0.8726733603429041,True
FBgn0029866,False,0.0,0.7142857142857143,0.8420722995322256,True
FBgn0029867,False,0.0,1.0,0.9775898851114634,True
FBgn0029868,False,0.0,0.8571428571428571,0.8958957195701955,True
FBgn0029870,False,0.0,1.0,0.9831190182608185,True
FBgn0029873,False,0.0,1.0,0.9310570919695458,True
FBgn0029874,False,0.0,1.0,0.9145773393615564,True
FBgn0029877,False,0.0,1.0,0.9456285596852798,True
FBgn0029878,False,0.0,1.0,0.9543185955023193,True
FBgn0029879,False,0.0,1.0,0.895034544849588,True
FBgn0029880,False,0.0,0.8571428571428571,0.885483334311941,True
FBgn0029881,False,0.0,1.0,0.9939913491084884,True
FBgn0029882,False,0.0,0.8571428571428571,0.9143816178341455,True
FBgn0029885,False,0.0,1.0,0.974301763450962,True
FBgn0029887,False,0.0,1.0,0.9380834948035934,True
FBgn0029888,False,0.0,0.8571428571428571,0.8891139686454113,True
FBgn0029890,False,0.0,0.5714285714285714,0.6753077721018536,True
FBgn0029891,False,0.0,1.0,0.9591235590002545,True
FBgn0029892,False,0.0,1.0,0.9754467343863151,True
FBgn0029893,False,0.0,1.0,0.9782651243810306,True
FBgn0029894,False,0.0,1.0,0.935773980780146,True
FBgn0029895,False,0.0,1.0,0.9943730060869395,True
FBgn0029896,True,0.14285714285714285,1.0,0.9999608556945179,False
FBgn0029897,False,0.0,0.8571428571428571,0.8368171765212455,True
FBgn0029898,False,0.0,0.5714285714285714,0.7872702718572016,True
FBgn0029899,False,0.0,1.0,0.953897794218386,True
FBgn0029903,False,0.0,1.0,0.9490243281858571,True
FBgn0029905,False,0.0,0.8571428571428571,0.8662243360147183,True
FBgn0029906,False,0.0,,0.9732742254320552,True
FBgn0029907,False,0.0,,0.9732742254320552,True
FBgn0029909,False,0.0,1.0,0.9880707729043118,True
FBgn0029911,False,0.0,0.5714285714285714,0.8601373965122423,True
FBgn0029912,False,0.0,0.8571428571428571,0.8679466854559332,True
FBgn0029913,False,0.0,1.0,0.9768559293836729,True
FBgn0029914,False,0.0,1.0,0.9598477286516744,True
FBgn0029915,False,0.0,1.0,0.9910555261973265,True
FBgn0029920,False,0.0,1.0,0.9764742724052219,True
FBgn0029922,False,0.0,0.8571428571428571,0.9178948192511694,True
FBgn0029924,False,0.0,1.0,0.9651126377390249,True
FBgn0029925,False,0.0,1.0,0.9659738124596324,True
FBgn0029928,False,0.0,1.0,0.9571859158788876,True
FBgn0029929,False,0.0,0.7142857142857143,0.8714892451020688,True
FBgn0029930,False,0.0,0.8571428571428571,0.9001184115240836,True
FBgn0029931,False,0.0,,0.9732742254320552,True
FBgn0029932,False,0.0,1.0,0.966492474507271,True
FBgn0029933,False,0.0,,0.9732742254320552,True
FBgn0029935,False,0.0,1.0,0.9797036776075001,True
FBgn0029936,False,0.0,1.0,0.9349128060595385,True
FBgn0029937,False,0.0,0.5714285714285714,0.8353786232947762,True
FBgn0029939,False,0.0,1.0,0.9554439942849314,True
FBgn0029940,False,0.0,1.0,0.9718943886638092,True
FBgn0029941,False,0.0,1.0,0.9481240091597675,True
FBgn0029942,False,0.0,0.8571428571428571,0.8700115475701172,True
FBgn0029943,False,0.0,0.5714285714285714,0.8522791771866988,True
FBgn0029944,False,0.0,1.0,0.9789207914978568,True
FBgn0029945,False,0.0,1.0,0.9759849685866948,True
FBgn0029946,False,0.0,0.5714285714285714,0.7754682637543304,True
FBgn0029947,False,0.0,0.8571428571428571,0.9650881725480985,True
FBgn0029948,False,0.0,0.8571428571428571,0.8867799894310375,True
FBgn0029949,False,0.0,1.0,0.9798700409057992,True
FBgn0029950,False,0.0,0.7142857142857143,0.814299414792633,True
FBgn0029951,False,0.0,1.0,0.9830798739553364,True
FBgn0029952,False,0.0,0.5714285714285714,0.8654071986377782,True
FBgn0029955,False,0.0,0.7142857142857143,0.8563893292623255,True
FBgn0029957,False,0.0,1.0,0.9199009649071301,True
FBgn0029958,False,0.0,1.0,0.9355978314054763,True
FBgn0029959,False,0.0,1.0,0.9760926154267708,True
FBgn0029961,False,0.0,,0.9732742254320552,True
FBgn0029962,False,0.0,1.0,0.9779911142426556,True
FBgn0029963,False,0.0,,0.9732742254320552,True
FBgn0029964,False,0.0,,0.9732742254320552,True
FBgn0029965,False,0.0,,0.9732742254320552,True
FBgn0029966,False,0.0,0.8571428571428571,0.9689585657526472,True
FBgn0029968,False,0.0,1.0,0.9798700409057992,True
FBgn0029969,False,0.0,1.0,0.9758773217466189,True
FBgn0029970,False,0.0,1.0,0.9965650871939404,True
FBgn0029971,False,0.0,0.42857142857142855,0.8314935509756718,True
FBgn0029974,False,0.0,1.0,0.9633707161450688,True
FBgn0029975,False,0.0,1.0,0.9886970817920263,True
FBgn0029976,False,0.0,1.0,0.9861233437065743,True
FBgn0029977,False,0.0,1.0,0.9637523731235198,True
FBgn0029979,False,0.0,0.5714285714285714,0.7972031393732997,True
FBgn0029980,False,0.0,1.0,0.9271818057268119,True
FBgn0029986,False,0.0,1.0,0.9955669074041453,True
FBgn0029987,False,0.0,1.0,0.9540641575166853,True
FBgn0029989,False,0.0,0.7142857142857143,0.8657839625780439,True
FBgn0029990,False,0.0,1.0,0.982277415692952,True
FBgn0029992,False,0.0,1.0,0.9714833734562465,True
FBgn0029993,False,0.0,1.0,0.9639970250327834,True
FBgn0029994,False,0.0,0.8571428571428571,0.8597068091519386,True
FBgn0029995,False,0.0,0.5714285714285714,0.8203863542951089,True
FBgn0029996,False,0.0,1.0,0.9804180611825495,True
FBgn0029997,False,0.0,1.0,0.9206642788640322,True
FBgn0029999,False,0.0,1.0,0.9855361791243419,True
FBgn0030000,False,0.0,1.0,0.9561877360890925,True
FBgn0030001,False,0.0,1.0,0.9886481514101736,True
FBgn0030003,False,0.0,0.8571428571428571,0.8949562562386237,True
FBgn0030004,False,0.0,1.0,0.9421251443446265,True
FBgn0030005,False,0.0,1.0,0.9606501869140587,True
FBgn0030006,False,0.0,1.0,0.9428003836141937,True
FBgn0030007,False,0.0,1.0,0.9265261386099857,True
FBgn0030008,False,0.0,1.0,0.9418609202826219,True
FBgn0030009,False,0.0,0.5714285714285714,0.8661166891746424,True
FBgn0030010,False,0.0,1.0,0.960239171706496,True
FBgn0030011,False,0.0,1.0,0.9844988550290646,True
FBgn0030012,False,0.0,1.0,0.960111952713679,True
FBgn0030013,False,0.0,1.0,0.9113283620065371,True
FBgn0030014,False,0.0,1.0,0.9674417239152134,True
FBgn0030015,False,0.0,0.5714285714285714,0.8735002837962147,True
FBgn0030016,False,0.0,1.0,0.9738907482433993,True
FBgn0030017,False,0.0,0.7142857142857143,0.8044741941166109,True
FBgn0030018,False,0.0,0.8571428571428571,0.9252343765290745,True
FBgn0030025,False,0.0,1.0,0.9579100855303074,True
FBgn0030026,False,0.0,1.0,0.9915252578631123,True
FBgn0030027,False,0.0,0.8571428571428571,0.8940755093652751,True
FBgn0030028,False,0.0,1.0,0.9377605542833656,True
FBgn0030029,False,0.0,1.0,0.9715714481435813,True
FBgn0030030,False,0.0,0.5714285714285714,0.8123519855948956,True
FBgn0030033,False,0.0,0.8571428571428571,0.9598428356134892,True
FBgn0030034,False,0.0,1.0,0.9373299669230619,True
FBgn0030035,False,0.0,1.0,0.9504139510304739,True
FBgn0030037,False,0.0,1.0,0.9990898948975399,True
FBgn0030038,False,0.0,1.0,0.9687041277670131,True
FBgn0030039,False,0.0,0.8571428571428571,0.9088720568375316,True
FBgn0030040,False,0.0,1.0,0.9820621220128002,True
FBgn0030041,False,0.0,1.0,0.9999021392362946,True
FBgn0030048,False,0.0,0.5714285714285714,0.7795588436772161,True
FBgn0030049,False,0.0,0.7142857142857143,0.8444503160902668,True
FBgn0030050,False,0.0,1.0,0.9807605738555184,True
FBgn0030051,False,0.0,1.0,0.9979155657330749,True
FBgn0030052,False,0.0,1.0,0.9755739533791322,True
FBgn0030053,False,0.0,1.0,0.9829232967334077,True
FBgn0030054,False,0.0,1.0,0.9802419118078798,True
FBgn0030055,False,0.0,1.0,0.9597009375061163,True
FBgn0030056,False,0.0,1.0,0.9796841054547589,True
FBgn0030057,False,0.0,1.0,0.9896071868944865,True
FBgn0030058,False,0.0,0.8571428571428571,0.9136965924882078,True
FBgn0030060,False,0.0,1.0,0.9676276593662537,True
FBgn0030061,False,0.0,1.0,0.9718161000528448,True
FBgn0030063,False,0.0,0.8571428571428571,0.9155950913040926,True
FBgn0030065,False,0.0,0.7142857142857143,0.7881608048069207,True
FBgn0030066,False,0.0,1.0,0.9752607989352748,True
FBgn0030067,False,0.0,1.0,0.9611688489616973,True
FBgn0030071,False,0.0,1.0,0.9206447067112912,True
FBgn0030073,False,0.0,1.0,0.9375746188323254,True
FBgn0030074,False,0.0,1.0,0.9484371636036247,True
FBgn0030077,False,0.0,1.0,0.9522243751590237,True
FBgn0030078,False,0.0,0.5714285714285714,0.6164053784275733,True
FBgn0030079,False,0.0,1.0,0.980897578924706,True
FBgn0030080,False,0.0,1.0,0.9557131113851213,True
FBgn0030081,False,0.0,0.8571428571428571,0.9255768892020433,True
FBgn0030082,False,0.0,0.8571428571428571,0.9304894995400544,True
FBgn0030085,False,0.0,0.8571428571428571,0.906523398508602,True
FBgn0030086,False,0.0,1.0,0.9171021470651557,True
FBgn0030087,False,0.0,1.0,0.9290705184663262,True
FBgn0030088,False,0.0,0.8571428571428571,0.8940657232889045,True
FBgn0030089,False,0.0,1.0,0.9147534887362261,True
FBgn0030090,False,0.0,1.0,0.9962421466737127,True
FBgn0030091,False,0.0,1.0,0.9622844616679389,True
FBgn0030092,False,0.0,1.0,0.9333372477638815,True
FBgn0030093,False,0.0,0.8571428571428571,0.8661166891746424,True
FBgn0030094,False,0.0,,0.9732742254320552,True
FBgn0030096,False,0.0,0.5714285714285714,0.8386667449552776,True
FBgn0030097,False,0.0,0.42857142857142855,0.8387499266044273,True
FBgn0030098,False,0.0,0.7142857142857143,0.8962480183195349,True
FBgn0030099,False,0.0,1.0,0.9611786350380678,True
FBgn0030100,False,0.0,1.0,0.9631162781594347,True
FBgn0030101,False,0.0,1.0,0.9674906542970662,True
FBgn0030102,False,0.0,1.0,0.9627395142191689,True
FBgn0030103,False,0.0,1.0,0.9552923101011881,True
FBgn0030104,False,0.0,0.8571428571428571,0.9801636231969154,True
FBgn0030105,False,0.0,1.0,0.9499980427847259,True
FBgn0030107,False,0.0,1.0,0.9490341142622277,True
FBgn0030108,False,0.0,1.0,0.9808046111991858,True
FBgn0030109,False,0.0,0.5714285714285714,0.8391658348501752,True
FBgn0030114,False,0.0,1.0,0.9528213258176267,True
FBgn0030117,False,0.0,0.8571428571428571,0.8383144462059382,True
FBgn0030120,False,0.0,1.0,0.9900279881784197,True
FBgn0030121,False,0.0,0.7142857142857143,0.8416319260955513,True
FBgn0030122,False,0.0,0.8571428571428571,0.8800912062317734,True
FBgn0030136,False,0.0,0.7142857142857143,0.8625545573757658,True
FBgn0030137,False,0.0,0.8571428571428571,0.9022175249055644,True
FBgn0030141,False,0.0,1.0,0.9490439003385983,True
FBgn0030142,False,0.0,1.0,0.9880903450570528,True
FBgn0030144,False,0.0,0.7142857142857143,0.8321198598633863,True
FBgn0030145,False,0.0,1.0,0.996320435284677,True
FBgn0030148,False,0.0,1.0,0.9393899359990605,True
FBgn0030151,False,0.0,1.0,0.9807312156264067,True
FBgn0030156,False,0.0,1.0,0.942134930420997,True
FBgn0030157,False,0.0,1.0,0.9718112070146595,True
FBgn0030158,False,0.0,0.5714285714285714,0.8685485291527215,True
FBgn0030159,False,0.0,0.8571428571428571,0.9465533439022958,True
FBgn0030160,False,0.0,1.0,0.9966335897285342,True
FBgn0030161,False,0.0,,0.9732742254320552,True
FBgn0030162,False,0.0,,0.9732742254320552,True
FBgn0030163,False,0.0,,0.9732742254320552,True
FBgn0030164,False,0.0,,0.9732742254320552,True
FBgn0030165,False,0.0,,0.9732742254320552,True
FBgn0030166,False,0.0,,0.9732742254320552,True
FBgn0030167,False,0.0,1.0,0.9363709314387489,True
FBgn0030170,False,0.0,1.0,0.9566476816785078,True
FBgn0030171,False,0.0,0.5714285714285714,0.8087115651850547,True
FBgn0030172,False,0.0,1.0,0.9779470768989882,True
FBgn0030173,False,0.0,1.0,0.9876793298494901,True
FBgn0030174,False,0.0,0.7142857142857143,0.8312195408372967,True
FBgn0030177,False,0.0,1.0,0.973812459632435,True
FBgn0030178,False,0.0,0.5714285714285714,0.8498424441704343,True
FBgn0030181,False,0.0,1.0,0.9680827119174839,True
FBgn0030182,False,0.0,0.7142857142857143,0.8624175523065782,True
FBgn0030183,False,0.0,0.5714285714285714,0.7724932965376863,True
FBgn0030186,False,0.0,1.0,0.9296283248194469,True
FBgn0030187,False,0.0,0.8571428571428571,0.9078347327422543,True
FBgn0030189,False,0.0,1.0,0.9893038185269998,True
FBgn0030191,False,0.0,0.8571428571428571,0.9473460160883096,True
FBgn0030192,False,0.0,0.5714285714285714,0.9041111306832639,True
FBgn0030193,False,0.0,1.0,0.934413716164641,True
FBgn0030195,False,0.0,1.0,0.9689389935999061,True
FBgn0030196,False,0.0,1.0,0.9892255299160355,True
FBgn0030200,False,0.0,1.0,0.9685720157360108,True
FBgn0030202,False,0.0,,0.9732742254320552,True
FBgn0030204,False,0.0,1.0,0.9585657526471336,True
FBgn0030205,False,0.0,1.0,0.9077858023604016,True
FBgn0030206,False,0.0,0.8571428571428571,0.8811383164034212,True
FBgn0030207,False,0.0,1.0,0.9830162644589279,True
FBgn0030208,False,0.0,1.0,0.9719237468929207,True
FBgn0030215,False,0.0,0.7142857142857143,0.8744984635860098,True
FBgn0030217,False,0.0,1.0,0.9507173193979606,True
FBgn0030218,False,0.0,1.0,0.9313604603370325,True
FBgn0030219,False,0.0,1.0,0.9486573503219619,True
FBgn0030220,False,0.0,1.0,0.9743506938328147,True
FBgn0030221,False,0.0,,0.9732742254320552,True
FBgn0030222,False,0.0,0.8571428571428571,0.9337531560096295,True
FBgn0030223,False,0.0,1.0,0.9702111835280762,True
FBgn0030224,False,0.0,1.0,0.9723739064059655,True
FBgn0030228,False,0.0,0.5714285714285714,0.8525825455541856,True
FBgn0030230,False,0.0,0.8571428571428571,0.878270996026853,True
FBgn0030234,False,0.0,1.0,0.9714638013035054,True
FBgn0030235,False,0.0,0.7142857142857143,0.8065684144599063,True
FBgn0030237,False,0.0,1.0,0.9992366860430979,True
FBgn0030239,False,0.0,1.0,0.977002720529231,True
FBgn0030240,False,0.0,1.0,0.9626563325700194,True
FBgn0030241,False,0.0,1.0,0.982150196700135,True
FBgn0030242,False,0.0,1.0,0.955218914528409,True
FBgn0030243,False,0.0,1.0,0.9566085373730256,True
FBgn0030244,False,0.0,1.0,0.9882371362026109,True
FBgn0030245,False,0.0,1.0,0.9652496428082125,True
FBgn0030246,False,0.0,1.0,0.9568727614350303,True
FBgn0030247,False,0.0,0.8571428571428571,0.9585461804943926,True
FBgn0030248,False,0.0,0.5714285714285714,0.8683283424343844,True
FBgn0030249,False,0.0,1.0,0.9704558354373397,True
FBgn0030251,False,0.0,0.8571428571428571,0.9172636173252696,True
FBgn0030252,False,0.0,0.8571428571428571,0.8571917875247098,True
FBgn0030254,False,0.0,,0.9732742254320552,True
FBgn0030257,False,0.0,1.0,0.9507956080089249,True
FBgn0030258,False,0.0,0.8571428571428571,0.9473460160883096,True
FBgn0030259,False,0.0,,0.9732742254320552,True
FBgn0030260,False,0.0,0.8571428571428571,0.9445863425518173,True
FBgn0030261,False,0.0,0.42857142857142855,0.829448261014229,True
FBgn0030262,False,0.0,1.0,0.9957430567788151,True
FBgn0030263,False,0.0,1.0,0.9551406259174446,True
FBgn0030266,False,0.0,0.5714285714285714,0.7941498835456913,True
FBgn0030268,False,0.0,1.0,0.9544556005715068,True
FBgn0030269,False,0.0,0.5714285714285714,0.8855811950756464,True
FBgn0030270,False,0.0,1.0,0.9654747225647349,True
FBgn0030271,False,0.0,1.0,0.9655432250993287,True
FBgn0030272,False,0.0,1.0,0.9687432720724953,True
FBgn0030274,False,0.0,0.5714285714285714,0.8537666607950208,True
FBgn0030276,False,0.0,1.0,0.9643297516293817,True
FBgn0030277,False,0.0,0.8571428571428571,0.9458878907090991,True
FBgn0030278,False,0.0,0.8571428571428571,0.9445863425518173,True
FBgn0030280,False,0.0,,0.9732742254320552,True
FBgn0030283,False,0.0,,0.9732742254320552,True
FBgn0030286,False,0.0,0.7142857142857143,0.8662243360147183,True
FBgn0030289,False,0.0,0.5714285714285714,0.7851858375902765,True
FBgn0030290,False,0.0,0.8571428571428571,0.9088916289902726,True
FBgn0030291,False,0.0,1.0,0.956089875325387,True
FBgn0030292,False,0.0,0.7142857142857143,0.9044389642416769,True
FBgn0030293,False,0.0,0.5714285714285714,0.8484528213258176,True
FBgn0030294,False,0.0,0.5714285714285714,0.7802145107940421,True
FBgn0030296,False,0.0,1.0,0.9528311118939973,True
FBgn0030297,False,0.0,,0.9732742254320552,True
FBgn0030298,False,0.0,1.0,0.9730197874464213,True
FBgn0030299,False,0.0,0.8571428571428571,0.9124146164836671,True
FBgn0030300,False,0.0,1.0,0.9905172919969467,True
FBgn0030301,False,0.0,0.5714285714285714,0.8561153191239504,True
FBgn0030302,False,0.0,1.0,0.9417483804043607,True
FBgn0030303,False,0.0,1.0,0.9679995302683342,True
FBgn0030304,False,0.0,0.5714285714285714,0.8795333998786526,True
FBgn0030305,False,0.0,1.0,0.9937466971992249,True
FBgn0030306,False,0.0,0.5714285714285714,0.9175523065782005,True
FBgn0030307,False,0.0,1.0,0.9451001115612706,True
FBgn0030309,False,0.0,0.8571428571428571,0.8955825651263383,True
FBgn0030310,False,0.0,1.0,0.9488775370402991,True
FBgn0030311,False,0.0,0.8571428571428571,0.8844362241402932,True
FBgn0030313,False,0.0,0.5714285714285714,0.7729434560507311,True
FBgn0030314,False,0.0,1.0,0.9223474839997651,True
FBgn0030316,False,0.0,1.0,0.9258508993404184,True
FBgn0030317,False,0.0,0.7142857142857143,0.846935979488384,True
FBgn0030318,False,0.0,1.0,0.9926408705693539,True
FBgn0030319,False,0.0,0.8571428571428571,0.8894956256238623,True
FBgn0030320,False,0.0,1.0,0.971493159532617,True
FBgn0030321,False,0.0,1.0,0.9671285694713562,True
FBgn0030322,False,0.0,1.0,0.9917111933141526,True
FBgn0030323,False,0.0,1.0,0.9779421838608029,True
FBgn0030326,False,0.0,1.0,0.9991192531266514,True
FBgn0030327,False,0.0,0.7142857142857143,0.8792593897402775,True
FBgn0030328,False,0.0,1.0,0.9357837668565165,True
FBgn0030329,False,0.0,0.7142857142857143,0.920967647231519,True
FBgn0030330,False,0.0,1.0,0.9190495762628932,True
FBgn0030331,False,0.0,0.7142857142857143,0.8475035719178753,True
FBgn0030332,False,0.0,0.5714285714285714,0.7988961305854031,True
FBgn0030334,False,0.0,1.0,0.9592116336875893,True
FBgn0030336,False,0.0,1.0,0.9059362339263696,True
FBgn0030338,False,0.0,0.7142857142857143,0.8848961697297085,True
FBgn0030339,False,0.0,1.0,0.9162311862681777,True
FBgn0030340,False,0.0,0.5714285714285714,0.7884641731744074,True
FBgn0030341,False,0.0,1.0,0.9797232497602412,True
FBgn0030342,False,0.0,0.8571428571428571,0.8892803319437105,True
FBgn0030343,False,0.0,1.0,0.991212103419255,True
FBgn0030344,False,0.0,1.0,0.9798798269821698,True
FBgn0030345,False,0.0,1.0,0.9686356252324193,True
FBgn0030346,False,0.0,1.0,0.9246080676413598,True
FBgn0030347,False,0.0,1.0,0.9693304366547276,True
FBgn0030348,False,0.0,1.0,0.9685964809269372,True
FBgn0030349,False,0.0,1.0,0.9969858884778737,True
FBgn0030350,False,0.0,1.0,0.9587614741745445,True
FBgn0030351,False,0.0,1.0,0.9623921085080148,True
FBgn0030352,False,0.0,1.0,0.9252050182999628,True
FBgn0030354,False,0.0,1.0,0.9621866009042335,True
FBgn0030356,False,0.0,0.8571428571428571,0.9159767482825436,True
FBgn0030357,False,0.0,0.5714285714285714,0.7719746344900476,True
FBgn0030358,False,0.0,1.0,0.9631064920830642,True
FBgn0030359,False,0.0,1.0,0.9028927641751316,True
FBgn0030360,False,0.0,1.0,0.949963791517429,True
FBgn0030361,False,0.0,1.0,0.9959387783062259,True
FBgn0030362,False,0.0,1.0,0.9860548411719805,True
FBgn0030364,False,0.0,1.0,0.9885894349519504,True
FBgn0030365,False,0.0,1.0,0.8939972207543108,True
FBgn0030366,False,0.0,0.8571428571428571,0.9183645509169553,True
FBgn0030367,False,0.0,1.0,0.95596265633257,True
FBgn0030369,False,0.0,1.0,0.9206544927876618,True
FBgn0030370,False,0.0,,0.9732742254320552,True
FBgn0030373,False,0.0,1.0,0.9621180983696397,True
FBgn0030374,False,0.0,0.8571428571428571,0.9650881725480985,True
FBgn0030375,False,0.0,,0.9732742254320552,True
FBgn0030376,False,0.0,,0.9732742254320552,True
FBgn0030377,False,0.0,0.7142857142857143,0.7716419078934491,True
FBgn0030384,False,0.0,,0.9732742254320552,True
FBgn0030385,False,0.0,,0.9732742254320552,True
FBgn0030386,False,0.0,,0.9732742254320552,True
FBgn0030389,False,0.0,0.8571428571428571,0.9351868161979136,True
FBgn0030390,False,0.0,1.0,0.9264723151899478,True
FBgn0030391,False,0.0,1.0,0.9775213825768696,True
FBgn0030394,False,0.0,1.0,0.9630869199303231,True
FBgn0030395,False,0.0,,0.9732742254320552,True
FBgn0030396,False,0.0,1.0,0.9831581625663007,True
FBgn0030398,False,0.0,1.0,0.9690906777836494,True
FBgn0030399,False,0.0,0.7142857142857143,0.8019591724893821,True
FBgn0030400,False,0.0,0.8571428571428571,0.8808545201886756,True
FBgn0030403,False,0.0,1.0,0.9500127218992818,True
FBgn0030406,False,0.0,0.7142857142857143,0.8560076722838745,True
FBgn0030407,False,0.0,0.7142857142857143,0.8363474448554596,True
FBgn0030408,False,0.0,1.0,0.9747861742313038,True
FBgn0030409,False,0.0,,0.9732742254320552,True
FBgn0030410,False,0.0,1.0,0.9465778090932222,True
FBgn0030411,False,0.0,1.0,0.9545338891824712,True
FBgn0030412,False,0.0,1.0,0.9904585755387235,True
FBgn0030417,False,0.0,0.7142857142857143,0.7302761630751766,True
FBgn0030418,False,0.0,0.7142857142857143,0.8620261092517566,True
FBgn0030420,False,0.0,1.0,0.9473802673556064,True
FBgn0030421,False,0.0,0.7142857142857143,0.8058931751903392,True
FBgn0030425,False,0.0,1.0,0.914606697590668,True
FBgn0030429,False,0.0,1.0,0.9519895093261308,True
FBgn0030431,False,0.0,0.8571428571428571,0.9035288591392167,True
FBgn0030432,False,0.0,1.0,0.9711702190123892,True
FBgn0030433,False,0.0,1.0,0.9866420057542129,True
FBgn0030434,False,0.0,1.0,0.9320356996065997,True
FBgn0030435,False,0.0,1.0,0.9575871450100797,True
FBgn0030437,False,0.0,0.8571428571428571,0.9585461804943926,True
FBgn0030438,False,0.0,0.7142857142857143,0.8193490301998316,True
FBgn0030439,False,0.0,,0.9732742254320552,True
FBgn0030440,False,0.0,,0.9732742254320552,True
FBgn0030441,False,0.0,,0.9732742254320552,True
FBgn0030443,False,0.0,1.0,0.9718943886638092,True
FBgn0030447,False,0.0,1.0,0.9481044370070264,True
FBgn0030448,False,0.0,1.0,0.9537999334546806,True
FBgn0030449,False,0.0,0.8571428571428571,0.9308907286712466,True
FBgn0030451,False,0.0,1.0,0.9557962930342708,True
FBgn0030452,False,0.0,1.0,0.9977002720529231,True
FBgn0030455,False,0.0,0.7142857142857143,0.851956236666471,True
FBgn0030456,False,0.0,1.0,0.9880805589806823,True
FBgn0030457,False,0.0,1.0,0.9647016225314623,True
FBgn0030459,False,0.0,0.8571428571428571,0.8479830896600317,True
FBgn0030460,False,0.0,1.0,0.9516959270350146,True
FBgn0030462,False,0.0,1.0,0.9706809151938621,True
FBgn0030465,False,0.0,1.0,0.9588789070909909,True
FBgn0030466,False,0.0,1.0,0.9858591196445697,True
FBgn0030467,False,0.0,1.0,0.9876597576967491,True
FBgn0030468,False,0.0,0.7142857142857143,0.8811285303270506,True
FBgn0030469,False,0.0,1.0,0.9546415360225471,True
FBgn0030474,False,0.0,1.0,0.9771495116747891,True
FBgn0030477,False,0.0,0.42857142857142855,0.7997377331532696,True
FBgn0030478,False,0.0,1.0,0.9602000274010138,True
FBgn0030479,False,0.0,1.0,0.9793318067054195,True
FBgn0030480,False,0.0,0.8571428571428571,0.8539134519405789,True
FBgn0030481,False,0.0,1.0,0.9545045309533595,True
FBgn0030482,False,0.0,1.0,0.9874738222457088,True
FBgn0030483,False,0.0,1.0,0.9031472021607656,True
FBgn0030484,False,0.0,1.0,0.9562660247000567,True
FBgn0030485,False,0.0,1.0,0.9928561642495058,True
FBgn0030486,False,0.0,1.0,0.9692912923492455,True
FBgn0030491,False,0.0,0.8571428571428571,0.9121846436889594,True
FBgn0030492,False,0.0,,0.9732742254320552,True
FBgn0030493,False,0.0,0.8571428571428571,0.9445863425518173,True
FBgn0030494,False,0.0,1.0,0.9609535552815455,True
FBgn0030495,False,0.0,0.8571428571428571,0.9446059147045583,True
FBgn0030499,False,0.0,1.0,0.9199792535180945,True
FBgn0030500,False,0.0,1.0,0.9708277063394203,True
FBgn0030501,False,0.0,1.0,0.9718063139764743,True
FBgn0030502,False,0.0,1.0,0.982257843540211,True
FBgn0030503,False,0.0,1.0,0.9543675258841721,True
FBgn0030504,False,0.0,0.7142857142857143,0.888438729375844,True
FBgn0030505,False,0.0,1.0,0.9733329418902785,True
FBgn0030506,False,0.0,1.0,0.9685377644687139,True
FBgn0030507,False,0.0,1.0,0.9522733055408764,True
FBgn0030508,False,0.0,1.0,0.946558236940481,True
FBgn0030509,False,0.0,0.8571428571428571,0.9011068052375081,True
FBgn0030510,False,0.0,1.0,0.9487601041238526,True
FBgn0030511,False,0.0,1.0,0.9703579746736343,True
FBgn0030512,False,0.0,1.0,0.9530464055741491,True
FBgn0030514,False,0.0,1.0,0.9577143640028967,True
FBgn0030518,False,0.0,1.0,0.921456951050046,True
FBgn0030519,False,0.0,1.0,0.936987454250093,True
FBgn0030520,False,0.0,1.0,0.9713365823106883,True
FBgn0030521,False,0.0,0.7142857142857143,0.8455659287965083,True
FBgn0030522,False,0.0,0.5714285714285714,0.8022625408568689,True
FBgn0030524,False,0.0,1.0,0.9601804552482728,True
FBgn0030525,False,0.0,1.0,0.947390053431977,True
FBgn0030528,False,0.0,1.0,0.947008396453526,True
FBgn0030529,False,0.0,1.0,0.997445834067289,True
FBgn0030530,False,0.0,0.8571428571428571,0.8697864678135948,True
FBgn0030532,False,0.0,0.8571428571428571,0.8782024934922592,True
FBgn0030536,False,0.0,0.8571428571428571,0.8857182001448339,True
FBgn0030537,False,0.0,0.8571428571428571,0.9094151840760966,True
FBgn0030538,False,0.0,0.8571428571428571,0.9473460160883096,True
FBgn0030539,False,0.0,0.8571428571428571,0.9051386687021705,True
FBgn0030540,False,0.0,,0.9732742254320552,True
FBgn0030541,False,0.0,0.8571428571428571,0.9585461804943926,True
FBgn0030542,False,0.0,0.5714285714285714,0.9041111306832639,True
FBgn0030543,False,0.0,0.5714285714285714,0.8721449122188949,True
FBgn0030544,False,0.0,,0.9732742254320552,True
FBgn0030545,False,0.0,1.0,0.9893136046033704,True
FBgn0030551,False,0.0,1.0,0.9525277435265105,True
FBgn0030552,False,0.0,1.0,0.9368993795627582,True
FBgn0030554,False,0.0,1.0,0.9607774059068757,True
FBgn0030555,False,0.0,1.0,0.9320552717593408,True
FBgn0030556,False,0.0,0.5714285714285714,0.8185955023193001,True
FBgn0030558,False,0.0,0.8571428571428571,0.8694439551406259,True
FBgn0030559,False,0.0,0.7142857142857143,0.8267179457068483,True
FBgn0030562,False,0.0,0.5714285714285714,0.8143385590981151,True
FBgn0030563,False,0.0,0.8571428571428571,0.9710283209050163,True
FBgn0030566,False,0.0,,0.9732742254320552,True
FBgn0030569,False,0.0,1.0,0.9566770399076194,True
FBgn0030570,False,0.0,,0.9732742254320552,True
FBgn0030571,False,0.0,1.0,0.9512164092928581,True
FBgn0030572,False,0.0,0.8571428571428571,0.9475759888830173,True
FBgn0030573,False,0.0,0.8571428571428571,0.896991760123696,True
FBgn0030574,False,0.0,1.0,0.9837551132249036,True
FBgn0030575,False,0.0,1.0,0.9748497837277122,True
FBgn0030576,False,0.0,1.0,0.9944121503924217,True
FBgn0030577,False,0.0,1.0,0.9726625956588966,True
FBgn0030578,False,0.0,1.0,0.9669377409821306,True
FBgn0030581,False,0.0,0.7142857142857143,0.8692971639950678,True
FBgn0030582,False,0.0,1.0,0.9240796195173507,True
FBgn0030583,False,0.0,1.0,0.9867594386706594,True
FBgn0030584,False,0.0,0.7142857142857143,0.87278100718298,True
FBgn0030586,False,0.0,0.7142857142857143,0.8534241481220519,True
FBgn0030587,False,0.0,1.0,0.9328968743272072,True
FBgn0030588,False,0.0,1.0,0.9925136515765369,True
FBgn0030589,False,0.0,0.8571428571428571,0.9020462685690799,True
FBgn0030590,False,0.0,1.0,0.9872389564128158,True
FBgn0030591,False,0.0,0.5714285714285714,0.789325347895015,True
FBgn0030592,False,0.0,0.7142857142857143,0.8011469281506273,True
FBgn0030593,False,0.0,1.0,0.9649756326698373,True
FBgn0030594,False,0.0,0.7142857142857143,0.7961168848961697,True
FBgn0030595,False,0.0,1.0,0.9565596069911729,True
FBgn0030596,False,0.0,1.0,0.9692227898146517,True
FBgn0030597,False,0.0,0.5714285714285714,0.7803025854813771,True
FBgn0030598,False,0.0,1.0,0.9996085569451784,True
FBgn0030599,False,0.0,1.0,0.9722564734895192,True
FBgn0030600,False,0.0,1.0,0.8838882038635429,True
FBgn0030603,False,0.0,0.8571428571428571,0.9135889456481319,True
FBgn0030605,False,0.0,0.8571428571428571,0.8817841974438769,True
FBgn0030606,False,0.0,1.0,0.9687628442252363,True
FBgn0030607,False,0.0,1.0,0.9708179202630498,True
FBgn0030608,False,0.0,,0.9732742254320552,True
FBgn0030610,False,0.0,1.0,0.9299121210341925,True
FBgn0030611,False,0.0,0.8571428571428571,0.8783101403323351,True
FBgn0030612,False,0.0,1.0,0.9907130135243576,True
FBgn0030613,False,0.0,0.5714285714285714,0.7770731802790989,True
FBgn0030614,False,0.0,1.0,0.9529779030395553,True
FBgn0030615,False,0.0,0.8571428571428571,0.90848061378271,True
FBgn0030616,False,0.0,1.0,0.9396296948701388,True
FBgn0030617,False,0.0,1.0,0.949728925684536,True
FBgn0030618,False,0.0,0.7142857142857143,0.875570038948584,True
FBgn0030619,False,0.0,1.0,0.9628520540974301,True
FBgn0030620,False,0.0,,0.9732742254320552,True
FBgn0030621,False,0.0,,0.9732742254320552,True
FBgn0030622,False,0.0,,0.9732742254320552,True
FBgn0030623,False,0.0,0.8571428571428571,0.9585461804943926,True
FBgn0030624,False,0.0,,0.9732742254320552,True
FBgn0030625,False,0.0,0.8571428571428571,0.8819114164366939,True
FBgn0030626,False,0.0,0.5714285714285714,0.8265515824085491,True
FBgn0030627,False,0.0,0.5714285714285714,0.7815747754095472,True
FBgn0030628,False,0.0,1.0,0.9465093065586284,True
FBgn0030629,False,0.0,1.0,0.9882175640498698,True
FBgn0030630,False,0.0,1.0,0.9290411602372145,True
FBgn0030631,False,0.0,1.0,0.9552678449102617,True
FBgn0030634,False,0.0,1.0,0.9988060986827941,True
FBgn0030636,False,0.0,1.0,0.9726185583152291,True
FBgn0030638,False,0.0,1.0,0.9715910202963224,True
FBgn0030640,False,0.0,,0.9732742254320552,True
FBgn0030641,False,0.0,0.8571428571428571,0.8615465915096001,True
FBgn0030642,False,0.0,1.0,0.8912081889887069,True
FBgn0030643,False,0.0,1.0,0.9779226117080617,True
FBgn0030645,False,0.0,1.0,0.9621376705223808,True
FBgn0030646,False,0.0,1.0,0.9892255299160355,True
FBgn0030647,False,0.0,0.8571428571428571,0.9016499324760731,True
FBgn0030648,False,0.0,0.7142857142857143,0.9104965455150412,True
FBgn0030653,False,0.0,1.0,0.9832168790245239,True
FBgn0030654,False,0.0,1.0,0.9681365353375218,True
FBgn0030655,False,0.0,1.0,0.9637132288180377,True
FBgn0030657,False,0.0,0.7142857142857143,0.8403890943964927,True
FBgn0030658,False,0.0,0.8571428571428571,0.8962871626250172,True
FBgn0030659,False,0.0,0.7142857142857143,0.900289667860568,True
FBgn0030660,False,0.0,1.0,0.9810541561466346,True
FBgn0030661,False,0.0,1.0,0.9854970348188598,True
FBgn0030662,False,0.0,1.0,0.9927093731039477,True
FBgn0030663,False,0.0,0.8571428571428571,0.8534535063511636,True
FBgn0030664,False,0.0,1.0,0.9496799953026833,True
FBgn0030665,False,0.0,1.0,0.9347464427612393,True
FBgn0030666,False,0.0,1.0,0.988383927348169,True
FBgn0030667,False,0.0,1.0,0.9697610240150314,True
FBgn0030668,False,0.0,0.8571428571428571,0.8971874816511068,True
FBgn0030669,False,0.0,0.2857142857142857,0.7963615368054332,True
FBgn0030670,False,0.0,1.0,0.9736460963341358,True
FBgn0030671,False,0.0,0.5714285714285714,0.8656078132033742,True
FBgn0030672,False,0.0,1.0,0.9844401385708414,True
FBgn0030673,False,0.0,0.7142857142857143,0.878887518838197,True
FBgn0030674,False,0.0,0.7142857142857143,0.8438827236607754,True
FBgn0030675,False,0.0,1.0,0.945560057150686,True
FBgn0030676,False,0.0,0.8571428571428571,0.860186326894095,True
FBgn0030678,False,0.0,0.42857142857142855,0.7905290352885914,True
FBgn0030679,False,0.0,1.0,0.9365275086606776,True
FBgn0030680,False,0.0,0.42857142857142855,0.8407805374513142,True
FBgn0030683,False,0.0,0.8571428571428571,0.8995067817509248,True
FBgn0030684,False,0.0,1.0,0.971238721546983,True
FBgn0030685,False,0.0,1.0,0.9881784197443877,True
FBgn0030686,False,0.0,1.0,0.9424089405593721,True
FBgn0030687,False,0.0,0.8571428571428571,0.8689840095512105,True
FBgn0030688,False,0.0,1.0,0.9674123656861018,True
FBgn0030691,False,0.0,1.0,0.9346681541502749,True
FBgn0030692,False,0.0,1.0,0.9413911886168359,True
FBgn0030693,False,0.0,0.7142857142857143,0.8510363454876402,True
FBgn0030694,False,0.0,0.5714285714285714,0.8563599710332139,True
FBgn0030695,False,0.0,0.7142857142857143,0.848932339067974,True
FBgn0030696,False,0.0,0.7142857142857143,0.8252500342512673,True
FBgn0030697,False,0.0,0.5714285714285714,0.7894917111933142,True
FBgn0030699,False,0.0,1.0,0.9816119624997554,True
FBgn0030700,False,0.0,0.7142857142857143,0.8250053823420038,True
FBgn0030701,False,0.0,1.0,0.9588201906327677,True
FBgn0030703,False,0.0,0.5714285714285714,0.810512203237234,True
FBgn0030704,False,0.0,0.7142857142857143,0.8274127571291566,True
FBgn0030706,False,0.0,1.0,0.9689683518290176,True
FBgn0030707,False,0.0,1.0,0.9709157810267551,True
FBgn0030710,False,0.0,1.0,0.9684007593995263,True
FBgn0030711,False,0.0,1.0,0.9688215606834596,True
FBgn0030715,False,0.0,1.0,0.9610612021216214,True
FBgn0030716,False,0.0,1.0,0.9816511068052375,True
FBgn0030717,False,0.0,0.5714285714285714,0.8526608341651498,True
FBgn0030718,False,0.0,1.0,0.9638306617344842,True
FBgn0030719,False,0.0,0.7142857142857143,0.8151703755896111,True
FBgn0030720,False,0.0,1.0,0.9643688959348639,True
FBgn0030721,False,0.0,0.5714285714285714,0.7609652985731901,True
FBgn0030722,False,0.0,1.0,0.9516763548822735,True
FBgn0030723,False,0.0,1.0,0.9919558452234161,True
FBgn0030724,False,0.0,0.8571428571428571,0.8722525590589709,True
FBgn0030725,False,0.0,1.0,0.9232380169494843,True
FBgn0030729,False,0.0,0.8571428571428571,0.903298886344509,True
FBgn0030731,False,0.0,0.8571428571428571,0.8624762687648014,True
FBgn0030733,False,0.0,,0.9732742254320552,True
FBgn0030734,False,0.0,0.7142857142857143,0.8895151977766035,True
FBgn0030735,False,0.0,1.0,0.9783140547628834,True
FBgn0030737,False,0.0,1.0,0.9536922866146047,True
FBgn0030738,False,0.0,1.0,0.947390053431977,True
FBgn0030739,False,0.0,0.7142857142857143,0.8813829683126847,True
FBgn0030740,False,0.0,0.5714285714285714,0.8187325073884877,True
FBgn0030742,False,0.0,1.0,0.942624234239524,True
FBgn0030743,False,0.0,0.8571428571428571,0.8829780987610827,True
FBgn0030744,False,0.0,1.0,0.9571467715734053,True
FBgn0030745,False,0.0,1.0,0.9430352494470867,True
FBgn0030746,False,0.0,1.0,0.9747029925821541,True
FBgn0030747,False,0.0,1.0,0.9657585187794805,True
FBgn0030748,False,0.0,1.0,0.9587321159454328,True
FBgn0030749,False,0.0,1.0,0.9138531697101364,True
FBgn0030752,False,0.0,1.0,0.9884426438063922,True
FBgn0030753,False,0.0,0.42857142857142855,0.8609300686982562,True
FBgn0030755,False,0.0,0.5714285714285714,0.5904820621220128,True
FBgn0030756,False,0.0,1.0,0.9542696651204666,True
FBgn0030757,False,0.0,0.8571428571428571,0.8862368621924726,True
FBgn0030758,False,0.0,1.0,0.9295696083612237,True
FBgn0030759,False,0.0,0.8571428571428571,0.8498815884759164,True
FBgn0030761,False,0.0,0.8571428571428571,0.9134617266553148,True
FBgn0030763,False,0.0,1.0,0.9942751453232341,True
FBgn0030764,False,0.0,0.8571428571428571,0.9090384201358308,True
FBgn0030765,False,0.0,1.0,0.9560213727907932,True
FBgn0030766,False,0.0,0.5714285714285714,0.8703736323958272,True
FBgn0030768,False,0.0,1.0,0.9871215234963694,True
FBgn0030769,False,0.0,0.8571428571428571,0.9111913569373495,True
FBgn0030770,False,0.0,1.0,0.8932534789501497,True
FBgn0030773,False,0.0,,0.9732742254320552,True
FBgn0030774,False,0.0,,0.9732742254320552,True
FBgn0030775,False,0.0,1.0,0.96049360969213,True
FBgn0030776,False,0.0,1.0,0.9217505333411622,True
FBgn0030777,False,0.0,1.0,0.9694772278002858,True
FBgn0030778,False,0.0,1.0,0.9702307556808173,True
FBgn0030780,False,0.0,0.8571428571428571,0.9710283209050163,True
FBgn0030786,False,0.0,1.0,0.9540837296694263,True
FBgn0030787,False,0.0,1.0,0.9614917894819252,True
FBgn0030788,False,0.0,0.5714285714285714,0.8382165854422328,True
FBgn0030789,False,0.0,1.0,0.9823361321511753,True
FBgn0030790,False,0.0,0.8571428571428571,0.9084121112481162,True
FBgn0030791,False,0.0,0.7142857142857143,0.8706378564578319,True
FBgn0030792,False,0.0,1.0,0.9476542774939816,True
FBgn0030793,False,0.0,1.0,0.941880492435363,True
FBgn0030794,False,0.0,0.8571428571428571,0.8935764194703776,True
FBgn0030795,False,0.0,1.0,0.9500616522811344,True
FBgn0030796,False,0.0,1.0,0.9836670385375688,True
FBgn0030797,False,0.0,1.0,0.9679114555809993,True
FBgn0030798,False,0.0,1.0,0.930009981797898,True
FBgn0030799,False,0.0,1.0,0.9943925782396806,True
FBgn0030800,False,0.0,1.0,0.9606404008376881,True
FBgn0030801,False,0.0,0.5714285714285714,0.7996594445423052,True
FBgn0030802,False,0.0,1.0,0.927309024719629,True
FBgn0030803,False,0.0,0.42857142857142855,0.8187422934648583,True
FBgn0030804,False,0.0,0.8571428571428571,0.9465533439022958,True
FBgn0030805,False,0.0,1.0,0.9993932632650265,True
FBgn0030806,False,0.0,1.0,0.9725500557806354,True
FBgn0030807,False,0.0,1.0,0.950091010510246,True
FBgn0030808,False,0.0,1.0,0.9458242812126906,True
FBgn0030809,False,0.0,0.5714285714285714,0.8620946117863504,True
FBgn0030810,False,0.0,1.0,0.9440530013896229,True
FBgn0030811,False,0.0,,0.9732742254320552,True
FBgn0030812,False,0.0,1.0,0.9398449885502906,True
FBgn0030813,False,0.0,1.0,0.9346387959211634,True
FBgn0030814,False,0.0,0.8571428571428571,0.9236930695007144,True
FBgn0030815,False,0.0,1.0,0.9286937545260603,True
FBgn0030816,False,0.0,1.0,0.9859471943319046,True
FBgn0030817,False,0.0,1.0,0.9146458418961502,True
FBgn0030823,False,0.0,1.0,0.9505998864815142,True
FBgn0030824,False,0.0,0.8571428571428571,0.9515246706985301,True
FBgn0030826,False,0.0,0.8571428571428571,0.9480310414342473,True
FBgn0030827,False,0.0,0.5714285714285714,0.9194752705850117,True
FBgn0030828,False,0.0,0.7142857142857143,0.8435989274460298,True
FBgn0030829,False,0.0,,0.9732742254320552,True
FBgn0030830,False,0.0,1.0,0.9124586538273345,True
FBgn0030832,False,0.0,,0.9732742254320552,True
FBgn0030833,False,0.0,0.5714285714285714,0.8564186874914372,True
FBgn0030834,False,0.0,0.5714285714285714,0.8713913843383634,True
FBgn0030835,False,0.0,0.5714285714285714,0.8681473000215294,True
FBgn0030836,False,0.0,1.0,0.9794443465836807,True
FBgn0030837,False,0.0,1.0,0.9695799816021764,True
FBgn0030838,False,0.0,1.0,0.9641144579492299,True
FBgn0030839,False,0.0,1.0,0.9926017262638718,True
FBgn0030840,False,0.0,0.8571428571428571,0.9801636231969154,True
FBgn0030841,False,0.0,1.0,0.9686454113087899,True
FBgn0030842,False,0.0,0.8571428571428571,0.8786135086998219,True
FBgn0030843,False,0.0,0.8571428571428571,0.9502035503885072,True
FBgn0030844,False,0.0,1.0,0.9093907188851702,True
FBgn0030846,False,0.0,0.7142857142857143,0.84450903254849,True
FBgn0030847,False,0.0,1.0,0.9520873700898362,True
FBgn0030850,False,0.0,0.8571428571428571,0.9059753782318517,True
FBgn0030851,False,0.0,0.8571428571428571,0.9068659111815709,True
FBgn0030852,False,0.0,1.0,0.9407355215000098,True
FBgn0030853,False,0.0,1.0,0.9002700957078269,True
FBgn0030854,False,0.0,1.0,0.9633609300686983,True
FBgn0030855,False,0.0,0.8571428571428571,0.9425068013230775,True
FBgn0030858,False,0.0,1.0,0.9333372477638815,True
FBgn0030859,False,0.0,0.8571428571428571,0.8508406239602294,True
FBgn0030863,False,0.0,1.0,0.9823165599984343,True
FBgn0030864,False,0.0,1.0,0.9792926623999374,True
FBgn0030868,False,0.0,0.8571428571428571,0.9473460160883096,True
FBgn0030869,False,0.0,0.7142857142857143,0.8399487209598183,True
FBgn0030870,False,0.0,0.8571428571428571,0.8763920693637093,True
FBgn0030871,False,0.0,1.0,0.981895758714501,True
FBgn0030872,False,0.0,1.0,0.9342179946372302,True
FBgn0030873,False,0.0,0.7142857142857143,0.8819701328949171,True
FBgn0030874,False,0.0,1.0,0.9292760260701075,True
FBgn0030876,False,0.0,0.5714285714285714,0.8094357348364747,True
FBgn0030877,False,0.0,1.0,0.951196837140117,True
FBgn0030878,False,0.0,0.5714285714285714,0.7999138825279393,True
FBgn0030880,False,0.0,1.0,0.9563883506546885,True
FBgn0030881,False,0.0,1.0,0.9689292075235355,True
FBgn0030882,False,0.0,0.8571428571428571,0.8494803593447243,True
FBgn0030883,False,0.0,1.0,0.9611688489616973,True
FBgn0030884,False,0.0,1.0,0.9979057796567045,True
FBgn0030886,False,0.0,0.8571428571428571,0.9577094709647114,True
FBgn0030887,False,0.0,0.7142857142857143,0.8943593055800207,True
FBgn0030889,False,0.0,,0.9732742254320552,True
FBgn0030890,False,0.0,1.0,0.9575773589337091,True
FBgn0030891,False,0.0,1.0,0.9472041179809367,True
FBgn0030892,False,0.0,1.0,0.9814651713541972,True
FBgn0030893,False,0.0,1.0,0.9689977100581293,True
FBgn0030894,False,0.0,0.7142857142857143,0.8978529348443035,True
FBgn0030895,False,0.0,1.0,0.9724081576732625,True
FBgn0030897,False,0.0,1.0,0.9669377409821306,True
FBgn0030898,False,0.0,,0.9732742254320552,True
FBgn0030899,False,0.0,0.8571428571428571,0.9473460160883096,True
FBgn0030900,False,0.0,0.8571428571428571,0.9801636231969154,True
FBgn0030904,False,0.0,1.0,0.9961834302154894,True
FBgn0030905,False,0.0,,0.9732742254320552,True
FBgn0030908,False,0.0,0.8571428571428571,0.9650881725480985,True
FBgn0030912,False,0.0,0.7142857142857143,0.842316951441489,True
FBgn0030913,False,0.0,1.0,0.9778492161352828,True
FBgn0030914,False,0.0,1.0,0.9517840017223494,True
FBgn0030915,False,0.0,1.0,0.9488090345057053,True
FBgn0030918,False,0.0,1.0,0.9923277161254966,True
FBgn0030921,False,0.0,,0.9732742254320552,True
FBgn0030925,False,0.0,1.0,0.9795177421564598,True
FBgn0030926,False,0.0,1.0,0.9630575617012115,True
FBgn0030927,False,0.0,0.7142857142857143,0.8438142211261817,True
FBgn0030928,False,0.0,1.0,0.9947644491417611,True
FBgn0030929,False,0.0,1.0,0.9498072142955004,True
FBgn0030930,False,0.0,1.0,0.9719335329692913,True
FBgn0030931,False,0.0,0.7142857142857143,0.7839919362730707,True
FBgn0030932,False,0.0,1.0,0.9094494353433934,True
FBgn0030933,False,0.0,1.0,0.9695848746403617,True
FBgn0030935,False,0.0,1.0,0.9271230892685887,True
FBgn0030936,False,0.0,0.7142857142857143,0.8267864482414421,True
FBgn0030937,False,0.0,,0.9732742254320552,True
FBgn0030938,False,0.0,1.0,0.9958996340007438,True
FBgn0030940,False,0.0,0.5714285714285714,0.7570215097958625,True
FBgn0030941,False,0.0,1.0,0.9609437692051749,True
FBgn0030943,False,0.0,1.0,0.9502671598849157,True
FBgn0030944,False,0.0,1.0,0.9769342179946372,True
FBgn0030945,False,0.0,0.5714285714285714,0.7493883702268413,True
FBgn0030946,False,0.0,1.0,0.939071888517018,True
FBgn0030947,False,0.0,1.0,0.9259438670659386,True
FBgn0030949,False,0.0,,0.9732742254320552,True
FBgn0030951,False,0.0,,0.9732742254320552,True
FBgn0030952,False,0.0,0.8571428571428571,0.9446695242009668,True
FBgn0030954,False,0.0,1.0,0.9983167948642672,True
FBgn0030955,False,0.0,0.7142857142857143,0.8148572211457538,True
FBgn0030956,False,0.0,1.0,0.9571565576497759,True
FBgn0030958,False,0.0,0.8571428571428571,0.9153112950893468,True
FBgn0030959,False,0.0,1.0,0.912522263323743,True
FBgn0030960,False,0.0,1.0,0.994147926330417,True
FBgn0030961,False,0.0,1.0,0.9839312625995733,True
FBgn0030963,False,0.0,0.7142857142857143,0.8023604016205743,True
FBgn0030964,False,0.0,1.0,0.9857416867281232,True
FBgn0030966,False,0.0,1.0,0.9955864795568865,True
FBgn0030968,False,0.0,1.0,0.9482120838471023,True
FBgn0030969,False,0.0,1.0,0.9492591940187501,True
FBgn0030970,False,0.0,1.0,0.9495723484626074,True
FBgn0030973,False,0.0,1.0,0.9280234082946783,True
FBgn0030974,False,0.0,1.0,0.9423404380247784,True
FBgn0030975,False,0.0,1.0,0.9747861742313038,True
FBgn0030976,False,0.0,1.0,0.9832951676354882,True
FBgn0030979,False,0.0,,0.9732742254320552,True
FBgn0030980,False,0.0,0.8571428571428571,0.9650881725480985,True
FBgn0030981,False,0.0,,0.9732742254320552,True
FBgn0030982,False,0.0,,0.9732742254320552,True
FBgn0030983,False,0.0,1.0,0.9492934452860471,True
FBgn0030984,False,0.0,1.0,0.9703971189791165,True
FBgn0030985,False,0.0,1.0,0.9661010314524494,True
FBgn0030989,False,0.0,0.7142857142857143,0.8534045759693109,True
FBgn0030990,False,0.0,1.0,0.9499931497465406,True
FBgn0030991,False,0.0,1.0,0.9557669348051592,True
FBgn0030992,False,0.0,0.8571428571428571,0.8578768128706475,True
FBgn0030993,False,0.0,1.0,0.9669719922494275,True
FBgn0030994,False,0.0,0.8571428571428571,0.8761767756835575,True
FBgn0030995,False,0.0,0.8571428571428571,0.8855518368465347,True
FBgn0030996,False,0.0,1.0,0.9545241031061006,True
FBgn0030997,False,0.0,1.0,0.9367623744935706,True
FBgn0030998,False,0.0,1.0,0.9721194684203316,True
FBgn0030999,False,0.0,1.0,0.9762540856868847,True
FBgn0031000,False,0.0,0.5714285714285714,0.8633814808290764,True
FBgn0031001,False,0.0,1.0,0.9280625526001605,True
FBgn0031002,False,0.0,1.0,0.9373201808466913,True
FBgn0031003,False,0.0,1.0,0.988491574188245,True
FBgn0031004,False,0.0,0.5714285714285714,0.7738046307713385,True
FBgn0031005,False,0.0,1.0,0.9273481690251111,True
FBgn0031006,False,0.0,0.8571428571428571,0.899673145049224,True
FBgn0031008,False,0.0,0.42857142857142855,0.745053138394692,True
FBgn0031010,False,0.0,1.0,0.982727575205997,True
FBgn0031011,False,0.0,0.8571428571428571,0.9078934492004775,True
FBgn0031012,False,0.0,1.0,0.9946665883780557,True
FBgn0031016,False,0.0,1.0,0.9888634450903255,True
FBgn0031018,False,0.0,1.0,0.9974947644491418,True
FBgn0031020,False,0.0,0.5714285714285714,0.8126162096569002,True
FBgn0031021,False,0.0,1.0,0.9709549253322373,True
FBgn0031022,False,0.0,1.0,0.8994676374454427,True
FBgn0031023,False,0.0,1.0,0.9317714755445952,True
FBgn0031026,False,0.0,0.8571428571428571,0.9598428356134892,True
FBgn0031030,False,0.0,0.7142857142857143,0.8592272914097822,True
FBgn0031031,False,0.0,0.7142857142857143,0.8018710978020472,True
FBgn0031032,False,0.0,1.0,0.9640263832618949,True
FBgn0031033,False,0.0,1.0,0.9061123833010393,True
FBgn0031034,False,0.0,1.0,0.9708962088740141,True
FBgn0031035,False,0.0,1.0,0.9431526823635332,True
FBgn0031036,False,0.0,1.0,0.9369287377918697,True
FBgn0031037,False,0.0,1.0,0.9746149178948192,True
FBgn0031038,False,0.0,,0.9732742254320552,True
FBgn0031039,False,0.0,0.8571428571428571,0.8851701798680837,True
FBgn0031040,False,0.0,0.8571428571428571,0.8825670835535201,True
FBgn0031041,False,0.0,,0.9732742254320552,True
FBgn0031042,False,0.0,1.0,0.9642906073238996,True
FBgn0031043,False,0.0,0.5714285714285714,0.8115593134088819,True
FBgn0031044,False,0.0,1.0,0.9732057228974615,True
FBgn0031045,False,0.0,1.0,0.9826199283659209,True
FBgn0031047,False,0.0,1.0,0.9883056387372047,True
FBgn0031048,False,0.0,1.0,0.9865735032196191,True
FBgn0031049,False,0.0,1.0,0.9930616718532871,True
FBgn0031050,False,0.0,0.7142857142857143,0.8589239230422954,True
FBgn0031051,False,0.0,1.0,0.9233652359423012,True
FBgn0031052,False,0.0,1.0,0.9513925586675278,True
FBgn0031053,False,0.0,1.0,0.9196367408451256,True
FBgn0031054,False,0.0,1.0,0.9629694870138766,True
FBgn0031055,False,0.0,1.0,0.9909283072045094,True
FBgn0031057,False,0.0,0.5714285714285714,0.8524846847904801,True
FBgn0031058,False,0.0,0.8571428571428571,0.9000743741804161,True
FBgn0031059,False,0.0,1.0,0.9734014444248723,True
FBgn0031060,False,0.0,0.7142857142857143,0.8008631319358817,True
FBgn0031061,False,0.0,0.5714285714285714,0.7610435871841543,True
FBgn0031062,False,0.0,1.0,0.9704558354373397,True
FBgn0031064,False,0.0,1.0,0.9408725265691973,True
FBgn0031065,False,0.0,0.5714285714285714,0.8171275908637191,True
FBgn0031066,False,0.0,1.0,0.9385238682402678,True
FBgn0031068,False,0.0,1.0,0.9852915272150784,True
FBgn0031069,False,0.0,1.0,0.9068561251052003,True
FBgn0031070,False,0.0,1.0,0.9921124224453448,True
FBgn0031074,False,0.0,0.8571428571428571,0.8590609281114829,True
FBgn0031077,False,0.0,0.7142857142857143,0.8172450237801656,True
FBgn0031078,False,0.0,1.0,0.886696807781888,True
FBgn0031079,False,0.0,1.0,0.9859276221791635,True
FBgn0031080,False,0.0,1.0,0.9039398743467794,True
FBgn0031081,False,0.0,1.0,0.9477325661049459,True
FBgn0031082,False,0.0,1.0,0.9523515941518408,True
FBgn0031085,False,0.0,1.0,0.9656998023212573,True
FBgn0031086,False,0.0,1.0,0.9431428962871626,True
FBgn0031088,False,0.0,0.5714285714285714,0.7422543205527176,True
FBgn0031089,False,0.0,0.8571428571428571,0.8944767384964672,True
FBgn0031090,False,0.0,0.5714285714285714,0.8389603272463938,True
FBgn0031091,False,0.0,1.0,0.9281310551347542,True
FBgn0031092,False,0.0,0.7142857142857143,0.9125614076292251,True
FBgn0031093,False,0.0,1.0,0.9313017438788093,True
FBgn0031094,False,0.0,1.0,0.9785880649012585,True
FBgn0031097,False,0.0,1.0,0.9935901199772963,True
FBgn0031098,False,0.0,0.5714285714285714,0.8051983637680309,True
FBgn0031099,False,0.0,1.0,0.9674710821443251,True
FBgn0031100,False,0.0,0.8571428571428571,0.9585461804943926,True
FBgn0031101,False,0.0,,0.9732742254320552,True
FBgn0031103,False,0.0,,0.9732742254320552,True
FBgn0031104,False,0.0,0.5714285714285714,0.8730207660540583,True
FBgn0031106,False,0.0,0.8571428571428571,0.8285479419881393,True
FBgn0031107,False,0.0,1.0,0.9338461237351496,True
FBgn0031108,False,0.0,0.7142857142857143,0.8783884289432995,True
FBgn0031109,False,0.0,,0.9732742254320552,True
FBgn0031110,False,0.0,0.42857142857142855,0.8399682931125594,True
FBgn0031111,False,0.0,0.7142857142857143,0.8749339439844989,True
FBgn0031114,False,0.0,1.0,0.9640068111091539,True
FBgn0031115,False,0.0,1.0,0.967216644158691,True
FBgn0031116,False,0.0,1.0,0.9413324721586127,True
FBgn0031117,False,0.0,1.0,0.9990116062865755,True
FBgn0031118,False,0.0,0.7142857142857143,0.83127825729552,True
FBgn0031119,False,0.0,1.0,0.9812890219795275,True
FBgn0031126,False,0.0,1.0,0.9971228935470612,True
FBgn0031127,False,0.0,1.0,0.9970446049360969,True
FBgn0031128,False,0.0,0.5714285714285714,0.8387254614135009,True
FBgn0031129,False,0.0,,0.9732742254320552,True
FBgn0031130,False,0.0,,0.9732742254320552,True
FBgn0031132,False,0.0,,0.9732742254320552,True
FBgn0031134,False,0.0,,0.9732742254320552,True
FBgn0031135,False,0.0,0.8571428571428571,0.9598428356134892,True
FBgn0031138,False,0.0,,0.9732742254320552,True
FBgn0031139,False,0.0,,0.9732742254320552,True
FBgn0031140,False,0.0,0.5714285714285714,0.9041111306832639,True
FBgn0031141,False,0.0,,0.9732742254320552,True
FBgn0031142,False,0.0,1.0,0.9625878300354256,True
FBgn0031143,False,0.0,1.0,0.9893331767561114,True
FBgn0031144,False,0.0,1.0,0.9541815904331318,True
FBgn0031145,False,0.0,0.5714285714285714,0.8006674104084708,True
FBgn0031146,False,0.0,1.0,0.9764840584815924,True
FBgn0031148,False,0.0,1.0,0.9915252578631123,True
FBgn0031149,False,0.0,1.0,0.971258293699724,True
FBgn0031150,False,0.0,1.0,0.9990018202102049,True
FBgn0031155,False,0.0,0.7142857142857143,0.8278139862603489,True
FBgn0031157,False,0.0,1.0,0.984469496799953,True
FBgn0031159,False,0.0,,0.9732742254320552,True
FBgn0031161,False,0.0,1.0,0.9879729121406063,True
FBgn0031163,False,0.0,0.8571428571428571,0.9650881725480985,True
FBgn0031164,False,0.0,1.0,0.952410310610064,True
FBgn0031168,False,0.0,0.8571428571428571,0.8570547824555224,True
FBgn0031169,False,0.0,1.0,0.9590159121601786,True
FBgn0031170,False,0.0,1.0,0.9929833832423228,True
FBgn0031171,False,0.0,0.5714285714285714,0.8060497524122678,True
FBgn0031174,False,0.0,0.5714285714285714,0.8364453056191651,True
FBgn0031176,False,0.0,0.8571428571428571,0.9465533439022958,True
FBgn0031178,False,0.0,1.0,0.9669377409821306,True
FBgn0031181,False,0.0,1.0,0.9353727516489538,True
FBgn0031182,False,0.0,0.5714285714285714,0.7590863719100464,True
FBgn0031183,False,0.0,1.0,0.9838040436067563,True
FBgn0031184,False,0.0,1.0,0.9929638110895818,True
FBgn0031186,False,0.0,1.0,0.9521558726244299,True
FBgn0031187,False,0.0,1.0,0.954602391717065,True
FBgn0031188,False,0.0,0.42857142857142855,0.8453897794218386,True
FBgn0031189,False,0.0,1.0,0.9554635664376725,True
FBgn0031190,False,0.0,1.0,0.984851153778404,True
FBgn0031191,False,0.0,0.8571428571428571,0.9159767482825436,True
FBgn0031194,False,0.0,0.7142857142857143,0.9206349206349206,True
FBgn0031195,False,0.0,1.0,0.9567944728240659,True
FBgn0031196,False,0.0,1.0,0.9385923707748615,True
FBgn0031197,False,0.0,0.42857142857142855,0.8457910085530307,True
FBgn0031201,False,0.0,1.0,0.9741451862290333,True
FBgn0031208,False,0.0,1.0,0.9237860372262345,True
FBgn0031209,False,0.0,0.7142857142857143,0.8802526764918873,True
FBgn0031213,False,0.0,0.5714285714285714,0.7871136946352729,True
FBgn0031214,False,0.0,0.8571428571428571,0.8844851545221459,True
FBgn0031216,False,0.0,0.7142857142857143,0.805854030884857,True
FBgn0031217,False,0.0,1.0,0.8962969487013877,True
FBgn0031219,False,0.0,0.8571428571428571,0.8539819544751728,True
FBgn0031220,False,0.0,1.0,0.9643199655530111,True
FBgn0031224,False,0.0,1.0,0.966345683361713,True
FBgn0031227,False,0.0,0.8571428571428571,0.8587477736676257,True
FBgn0031228,False,0.0,1.0,0.9556592879650833,True
FBgn0031229,False,0.0,0.8571428571428571,0.8618108155716047,True
FBgn0031231,False,0.0,1.0,0.9564128158456149,True
FBgn0031232,False,0.0,1.0,0.9167009179339636,True
FBgn0031233,False,0.0,0.8571428571428571,0.9058188010099231,True
FBgn0031235,False,0.0,1.0,0.9592214197639598,True
FBgn0031238,False,0.0,1.0,0.9690857847454641,True
FBgn0031239,False,0.0,0.8571428571428571,0.840105298181747,True
FBgn0031240,False,0.0,1.0,0.9411465367075724,True
FBgn0031244,False,0.0,0.8571428571428571,0.88365333803065,True
FBgn0031245,False,0.0,1.0,0.9970250327833559,True
FBgn0031247,False,0.0,1.0,0.9890395944649952,True
FBgn0031248,False,0.0,1.0,0.9149100659581547,True
FBgn0031249,False,0.0,0.7142857142857143,0.8868387058892607,True
FBgn0031250,False,0.0,0.8571428571428571,0.9264674221517625,True
FBgn0031251,False,0.0,1.0,0.9160158925880257,True
FBgn0031252,False,0.0,0.8571428571428571,0.900906190671912,True
FBgn0031253,False,0.0,0.8571428571428571,0.8770085921750533,True
FBgn0031254,False,0.0,1.0,0.9603076742410898,True
FBgn0031255,False,0.0,1.0,0.990556436302429,True
FBgn0031256,False,0.0,1.0,0.9428884583015286,True
FBgn0031257,False,0.0,1.0,0.9602783160119781,True
FBgn0031258,False,0.0,1.0,0.9993639050359149,True
FBgn0031260,False,0.0,1.0,0.9332491730765466,True
FBgn0031261,False,0.0,1.0,0.9902824261640538,True
FBgn0031263,False,0.0,1.0,0.9913295363357015,True
FBgn0031264,False,0.0,1.0,0.9681854657193745,True
FBgn0031265,False,0.0,1.0,0.9623823224316442,True
FBgn0031266,False,0.0,0.8571428571428571,0.9412346113949073,True
FBgn0031267,False,0.0,1.0,0.9750944356369757,True
FBgn0031268,False,0.0,1.0,0.9971131074706907,True
FBgn0031270,False,0.0,0.42857142857142855,0.704313702464134,True
FBgn0031273,False,0.0,0.42857142857142855,0.8441029103791126,True
FBgn0031275,False,0.0,0.8571428571428571,0.9420174975045505,True
FBgn0031276,False,0.0,0.8571428571428571,0.9801636231969154,True
FBgn0031277,False,0.0,,0.9732742254320552,True
FBgn0031279,False,0.0,1.0,0.9674564030297692,True
FBgn0031281,False,0.0,1.0,0.9729414988354569,True
FBgn0031282,False,0.0,1.0,0.9519307928679075,True
FBgn0031283,False,0.0,1.0,0.9658465934668155,True
FBgn0031284,False,0.0,1.0,0.9220930460141311,True
FBgn0031285,False,0.0,1.0,0.9930616718532872,True
FBgn0031286,False,0.0,1.0,0.9301372007907149,True
FBgn0031287,False,0.0,0.5714285714285714,0.8435597831405477,True
FBgn0031288,False,0.0,1.0,0.9422915076429257,True
FBgn0031289,False,0.0,0.7142857142857143,0.8747284363807175,True
FBgn0031292,False,0.0,1.0,0.9508249662380366,True
FBgn0031294,False,0.0,1.0,0.9646037617677569,True
FBgn0031295,False,0.0,,0.9732742254320552,True
FBgn0031296,False,0.0,1.0,0.9478206407922807,True
FBgn0031298,False,0.0,1.0,0.9589278374728436,True
FBgn0031299,False,0.0,0.5714285714285714,0.8313467598301137,True
FBgn0031300,False,0.0,1.0,0.9814847435069383,True
FBgn0031301,False,0.0,0.8571428571428571,0.89905662223788,True
FBgn0031302,False,0.0,1.0,0.9621278844460102,True
FBgn0031304,False,0.0,1.0,0.9621474565987513,True
FBgn0031305,False,0.0,1.0,0.9280331943710489,True
FBgn0031306,False,0.0,0.7142857142857143,0.8570156381500401,True
FBgn0031307,False,0.0,1.0,0.9984929442389369,True
FBgn0031308,False,0.0,0.8571428571428571,0.8981856614409018,True
FBgn0031309,False,0.0,0.7142857142857143,0.8435597831405477,True
FBgn0031310,False,0.0,1.0,0.9594856438259645,True
FBgn0031312,False,0.0,0.8571428571428571,0.8604994813379523,True
FBgn0031313,False,0.0,1.0,0.995977922611708,True
FBgn0031314,False,0.0,0.8571428571428571,0.9094102910379113,True
FBgn0031315,False,0.0,1.0,0.9196954573033488,True
FBgn0031317,False,0.0,1.0,0.9583896032724639,True
FBgn0031318,False,0.0,1.0,0.9485056661382185,True
FBgn0031319,False,0.0,1.0,0.9731274342864972,True
FBgn0031320,False,0.0,1.0,0.9252343765290745,True
FBgn0031321,False,0.0,1.0,0.9355391149472531,True
FBgn0031322,False,0.0,1.0,0.9995889847924373,True
FBgn0031323,False,0.0,1.0,0.9616924040475212,True
FBgn0031324,False,0.0,,0.9732742254320552,True
FBgn0031327,False,0.0,1.0,0.9996281290979195,True
FBgn0031331,False,0.0,,0.9732742254320552,True
FBgn0031332,False,0.0,,0.9732742254320552,True
FBgn0031333,False,0.0,,0.9732742254320552,True
FBgn0031335,False,0.0,0.8571428571428571,0.9480310414342473,True
FBgn0031337,False,0.0,0.8571428571428571,0.9218092497993855,True
FBgn0031343,False,0.0,0.7142857142857143,0.8791517429002016,True
FBgn0031344,False,0.0,1.0,0.9680484606501869,True
FBgn0031345,False,0.0,0.8571428571428571,0.9801636231969154,True
FBgn0031347,False,0.0,1.0,0.9345115769283463,True
FBgn0031351,False,0.0,1.0,0.943133110210792,True
FBgn0031356,False,0.0,0.7142857142857143,0.8682402677470495,True
FBgn0031357,False,0.0,1.0,0.8875481964261249,True
FBgn0031359,False,0.0,1.0,0.9981993619478207,True
FBgn0031360,False,0.0,1.0,0.9548764018554401,True
FBgn0031361,False,0.0,0.7142857142857143,0.8694341690642554,True
FBgn0031362,False,0.0,1.0,0.9676472315189948,True
FBgn0031364,False,0.0,1.0,0.9788278237723367,True
FBgn0031365,False,0.0,1.0,0.9483197306871782,True
FBgn0031367,False,0.0,,0.9732742254320552,True
FBgn0031372,False,0.0,,0.9732742254320552,True
FBgn0031373,False,0.0,,0.9732742254320552,True
FBgn0031374,False,0.0,1.0,0.9984146556279725,True
FBgn0031375,False,0.0,0.8571428571428571,0.9650881725480985,True
FBgn0031376,False,0.0,0.8571428571428571,0.902374102127493,True
FBgn0031377,False,0.0,0.7142857142857143,0.8362006537099016,True
FBgn0031378,False,0.0,1.0,0.9191278648738574,True
FBgn0031379,False,0.0,0.7142857142857143,0.8898968547550545,True
FBgn0031381,False,0.0,1.0,0.9387195897676786,True
FBgn0031384,False,0.0,1.0,0.9767580686199675,True
FBgn0031388,False,0.0,1.0,0.9910310610064001,True
FBgn0031389,False,0.0,1.0,0.9802908421897325,True
FBgn0031390,False,0.0,0.5714285714285714,0.8898772826023135,True
FBgn0031391,False,0.0,1.0,0.9570489108096999,True
FBgn0031392,False,0.0,0.5714285714285714,0.8517017986808368,True
FBgn0031393,False,0.0,1.0,0.9461178635038068,True
FBgn0031395,False,0.0,1.0,0.9838236157594974,True
FBgn0031397,False,0.0,1.0,0.9962030023682305,True
FBgn0031398,False,0.0,1.0,0.9447575988883017,True
FBgn0031399,False,0.0,1.0,0.9822382713874699,True
FBgn0031401,False,0.0,1.0,0.9670111365549097,True
FBgn0031403,False,0.0,0.8571428571428571,0.8523868240267747,True
FBgn0031405,False,0.0,1.0,0.9911729591137729,True
FBgn0031406,False,0.0,,0.9732742254320552,True
FBgn0031407,False,0.0,,0.9732742254320552,True
FBgn0031408,False,0.0,0.7142857142857143,0.9255475309729317,True
FBgn0031409,False,0.0,0.8571428571428571,0.8849255279588202,True
FBgn0031410,False,0.0,0.8571428571428571,0.9710283209050163,True
FBgn0031412,False,0.0,1.0,0.9939326326502652,True
FBgn0031413,False,0.0,1.0,0.9279744779128256,True
FBgn0031414,False,0.0,1.0,0.944963106492083,True
FBgn0031417,False,0.0,0.8571428571428571,0.8897989939913491,True
FBgn0031418,False,0.0,0.8571428571428571,0.8687099994128353,True
FBgn0031419,False,0.0,1.0,0.9791360851780088,True
FBgn0031420,False,0.0,0.8571428571428571,0.8875481964261249,True
FBgn0031421,False,0.0,1.0,0.9841563423560957,True
FBgn0031422,False,0.0,0.8571428571428571,0.8303094357348364,True
FBgn0031423,False,0.0,,0.9732742254320552,True
FBgn0031424,False,0.0,0.8571428571428571,0.9585461804943926,True
FBgn0031426,False,0.0,0.42857142857142855,0.8590560350732978,True
FBgn0031428,False,0.0,1.0,0.9629792730902472,True
FBgn0031429,False,0.0,0.7142857142857143,0.8764997162037852,True
FBgn0031430,False,0.0,,0.9732742254320552,True
FBgn0031431,False,0.0,,0.9732742254320552,True
FBgn0031432,False,0.0,1.0,0.9512946979038224,True
FBgn0031434,False,0.0,0.8571428571428571,0.8856888419157223,True
FBgn0031435,False,0.0,1.0,0.955708218346936,True
FBgn0031436,False,0.0,1.0,0.96719707200595,True
FBgn0031437,False,0.0,0.5714285714285714,0.8709901552071713,True
FBgn0031440,False,0.0,,0.9732742254320552,True
FBgn0031441,False,0.0,,0.9732742254320552,True
FBgn0031442,False,0.0,,0.9732742254320552,True
FBgn0031443,False,0.0,,0.9732742254320552,True
FBgn0031444,False,0.0,,0.9732742254320552,True
FBgn0031446,False,0.0,1.0,0.9428297418433054,True
FBgn0031449,False,0.0,1.0,0.9991877556612452,True
FBgn0031450,False,0.0,0.5714285714285714,0.8271681052198931,True
FBgn0031451,False,0.0,1.0,0.9876499716203785,True
FBgn0031452,False,0.0,0.8571428571428571,0.9032352768481006,True
FBgn0031453,False,0.0,1.0,0.939199107509835,True
FBgn0031454,False,0.0,,0.9732742254320552,True
FBgn0031455,False,0.0,,0.9732742254320552,True
FBgn0031456,False,0.0,1.0,0.9562464525473157,True
FBgn0031457,False,0.0,1.0,0.9709451392558668,True
FBgn0031458,False,0.0,1.0,0.9493961990879377,True
FBgn0031459,False,0.0,1.0,0.983960620828685,True
FBgn0031460,False,0.0,1.0,0.9878456931477894,True
FBgn0031461,False,0.0,1.0,0.9976709138238115,True
FBgn0031462,False,0.0,0.5714285714285714,0.9041111306832639,True
FBgn0031463,False,0.0,0.8571428571428571,0.9650881725480985,True
FBgn0031464,False,0.0,1.0,0.9986005910790128,True
FBgn0031465,False,0.0,1.0,0.9336993325895915,True
FBgn0031466,False,0.0,0.7142857142857143,0.8264341494921026,True
FBgn0031467,False,0.0,1.0,0.9386119429276026,True
FBgn0031468,False,0.0,1.0,0.9241774802810562,True
FBgn0031469,False,0.0,1.0,0.9508102871234807,True
FBgn0031470,False,0.0,0.8571428571428571,0.8885953065977726,True
FBgn0031471,False,0.0,1.0,0.9843520638835066,True
FBgn0031472,False,0.0,,0.9732742254320552,True
FBgn0031473,False,0.0,1.0,0.9403636505979293,True
FBgn0031474,False,0.0,0.8571428571428571,0.9221419763959838,True
FBgn0031476,False,0.0,1.0,0.9703481885972638,True
FBgn0031478,False,0.0,1.0,0.9718552443583269,True
FBgn0031479,False,0.0,1.0,0.9685866948505666,True
FBgn0031483,False,0.0,1.0,0.9878163349186777,True
FBgn0031484,False,0.0,0.42857142857142855,0.8100424715714482,True
FBgn0031485,False,0.0,1.0,0.9502867320376568,True
FBgn0031488,False,0.0,1.0,0.9786076370539996,True
FBgn0031489,False,0.0,1.0,0.9967216644158691,True
FBgn0031490,False,0.0,1.0,0.9780498307008788,True
FBgn0031491,False,0.0,1.0,0.9514708472784922,True
FBgn0031492,False,0.0,1.0,0.9660912453760789,True
FBgn0031493,False,0.0,0.8571428571428571,0.9287377918697278,True
FBgn0031494,False,0.0,0.7142857142857143,0.7570117237194919,True
FBgn0031495,False,0.0,1.0,0.9532616992543009,True
FBgn0031496,False,0.0,1.0,0.9658270213140744,True
FBgn0031497,False,0.0,1.0,0.9548861879318106,True
FBgn0031498,False,0.0,0.8571428571428571,0.9077075137494373,True
FBgn0031500,False,0.0,1.0,0.9622355312860862,True
FBgn0031501,False,0.0,1.0,0.9505215978705498,True
FBgn0031504,False,0.0,0.8571428571428571,0.9650881725480985,True
FBgn0031505,False,0.0,1.0,0.9725011253987826,True
FBgn0031512,False,0.0,,0.9732742254320552,True
FBgn0031513,False,0.0,0.8571428571428571,0.877762120055585,True
FBgn0031514,False,0.0,1.0,0.979576458614683,True
FBgn0031515,False,0.0,1.0,0.9516176384240502,True
FBgn0031516,False,0.0,1.0,0.9987767404536825,True
FBgn0031517,False,0.0,0.7142857142857143,0.7948544810443701,True
FBgn0031518,False,0.0,1.0,0.9405006556671168,True
FBgn0031519,False,0.0,1.0,0.9576165032391912,True
FBgn0031520,False,0.0,1.0,0.9708815297594583,True
FBgn0031522,False,0.0,0.8571428571428571,0.9801636231969154,True
FBgn0031523,False,0.0,0.8571428571428571,0.9480310414342473,True
FBgn0031526,False,0.0,0.5714285714285714,0.8616395592351203,True
FBgn0031528,False,0.0,0.8571428571428571,0.8842992190711056,True
FBgn0031529,False,0.0,1.0,0.977746462333392,True
FBgn0031530,False,0.0,1.0,0.9860156968664984,True
FBgn0031531,False,0.0,,0.9732742254320552,True
FBgn0031533,False,0.0,0.7142857142857143,0.8737008983618109,True
FBgn0031534,False,0.0,0.8571428571428571,0.9277591842326738,True
FBgn0031535,False,0.0,0.5714285714285714,0.8190750200614565,True
FBgn0031536,False,0.0,1.0,0.9522341612353943,True
FBgn0031537,False,0.0,1.0,0.9615211477110367,True
FBgn0031538,False,0.0,1.0,0.9966335897285342,True
FBgn0031540,False,0.0,1.0,0.993276965533439,True
FBgn0031542,False,0.0,0.7142857142857143,0.8627698510559176,True
FBgn0031544,False,0.0,1.0,0.9716986671363983,True
FBgn0031545,False,0.0,1.0,0.956089875325387,True
FBgn0031546,False,0.0,1.0,0.973939678625252,True
FBgn0031547,False,0.0,1.0,0.999403049341397,True
FBgn0031548,False,0.0,1.0,0.9996574873270311,True
FBgn0031549,False,0.0,0.42857142857142855,0.800090031902609,True
FBgn0031550,False,0.0,0.8571428571428571,0.9650881725480985,True
FBgn0031554,False,0.0,0.42857142857142855,0.8972755563384417,True
FBgn0031558,False,0.0,,0.9732742254320552,True
FBgn0031559,False,0.0,0.8571428571428571,0.9801636231969154,True
FBgn0031560,False,0.0,1.0,0.994147926330417,True
FBgn0031561,False,0.0,0.8571428571428571,0.8785352200888575,True
FBgn0031562,False,0.0,0.8571428571428571,0.9465533439022958,True
FBgn0031563,False,0.0,1.0,0.958154737439571,True
FBgn0031564,False,0.0,0.8571428571428571,0.9585461804943926,True
FBgn0031566,False,0.0,1.0,0.9845869297163995,True
FBgn0031568,False,0.0,1.0,0.9955179770222927,True
FBgn0031571,False,0.0,0.5714285714285714,0.813810110974106,True
FBgn0031573,False,0.0,1.0,0.9391501771279823,True
FBgn0031574,False,0.0,0.42857142857142855,0.7950110582662988,True
FBgn0031575,False,0.0,0.5714285714285714,0.8675454563247411,True
FBgn0031579,False,0.0,1.0,0.9229052903528859,True
FBgn0031580,False,0.0,0.8571428571428571,0.833382263715186,True
FBgn0031581,False,0.0,1.0,0.9373593251521735,True
FBgn0031585,False,0.0,,0.9732742254320552,True
FBgn0031589,False,0.0,1.0,0.9760828293504002,True
FBgn0031590,False,0.0,0.2857142857142857,0.8313859041355959,True
FBgn0031591,False,0.0,,0.9732742254320552,True
FBgn0031592,False,0.0,0.5714285714285714,0.8693460943769206,True
FBgn0031596,False,0.0,1.0,0.9747861742313038,True
FBgn0031597,False,0.0,0.8571428571428571,0.8699724032646351,True
FBgn0031598,False,0.0,1.0,0.9879435539114948,True
FBgn0031599,False,0.0,1.0,0.9448065292701544,True
FBgn0031600,False,0.0,1.0,0.9659053099250386,True
FBgn0031601,False,0.0,0.8571428571428571,0.871039085589024,True
FBgn0031602,False,0.0,1.0,0.948623099054665,True
FBgn0031603,False,0.0,1.0,0.9773060888967178,True
FBgn0031604,False,0.0,1.0,0.9591235590002545,True
FBgn0031606,False,0.0,1.0,0.9550134069246277,True
FBgn0031607,False,0.0,0.8571428571428571,0.8885072319104378,True
FBgn0031608,False,0.0,1.0,0.960982913510657,True
FBgn0031609,False,0.0,1.0,0.9741060419235512,True
FBgn0031610,False,0.0,0.8571428571428571,0.8867457381637406,True
FBgn0031611,False,0.0,1.0,0.9406083025071927,True
FBgn0031613,False,0.0,1.0,0.9698393126259958,True
FBgn0031617,False,0.0,0.8571428571428571,0.9801636231969154,True
FBgn0031619,False,0.0,0.8571428571428571,0.9445863425518173,True
FBgn0031620,False,0.0,1.0,0.9300980564852328,True
FBgn0031621,False,0.0,1.0,0.9738613900142876,True
FBgn0031622,False,0.0,1.0,0.92732859687237,True
FBgn0031623,False,0.0,0.8571428571428571,0.8663809132366469,True
FBgn0031626,False,0.0,,0.9732742254320552,True
FBgn0031627,False,0.0,0.5714285714285714,0.8492895308554989,True
FBgn0031628,False,0.0,1.0,0.95632474115828,True
FBgn0031629,False,0.0,0.5714285714285714,0.8749828743663516,True
FBgn0031630,False,0.0,1.0,0.978832716810522,True
FBgn0031631,False,0.0,1.0,0.9714050848452821,True
FBgn0031632,False,0.0,1.0,0.980682285244554,True
FBgn0031633,False,0.0,0.5714285714285714,0.8080852562973402,True
FBgn0031634,False,0.0,1.0,0.962215959133345,True
FBgn0031635,False,0.0,0.7142857142857143,0.8441469477227801,True
FBgn0031636,False,0.0,1.0,0.9303524944708669,True
FBgn0031637,False,0.0,1.0,0.990703227447987,True
FBgn0031638,False,0.0,1.0,0.9555027107431546,True
FBgn0031639,False,0.0,1.0,0.9359501301548158,True
FBgn0031640,False,0.0,0.5714285714285714,0.8310531775389975,True
FBgn0031643,False,0.0,1.0,0.9404419392088936,True
FBgn0031644,False,0.0,1.0,0.9713757266161706,True
FBgn0031645,False,0.0,1.0,0.9629107705556534,True
FBgn0031646,False,0.0,1.0,0.9745953457420782,True
FBgn0031649,False,0.0,0.7142857142857143,0.8809572739905662,True
FBgn0031650,False,0.0,0.7142857142857143,0.8752960288102088,True
FBgn0031651,False,0.0,0.7142857142857143,0.8507231910437829,True
FBgn0031652,False,0.0,1.0,0.9716790949836572,True
FBgn0031653,False,0.0,1.0,0.9672949327696553,True
FBgn0031654,False,0.0,0.8571428571428571,0.9480310414342473,True
FBgn0031655,False,0.0,0.5714285714285714,0.8390973323155815,True
FBgn0031656,False,0.0,1.0,0.9757109584483197,True
FBgn0031657,False,0.0,0.42857142857142855,0.8166187148924511,True
FBgn0031659,False,0.0,0.5714285714285714,0.868700213336465,True
FBgn0031660,False,0.0,1.0,0.980917151077447,True
FBgn0031661,False,0.0,0.8571428571428571,0.8813829683126847,True
FBgn0031662,False,0.0,0.7142857142857143,0.8799639872389564,True
FBgn0031663,False,0.0,0.8571428571428571,0.9062493883702268,True
FBgn0031664,False,0.0,1.0,0.9819055447908716,True
FBgn0031668,False,0.0,,0.9732742254320552,True
FBgn0031670,False,0.0,0.7142857142857143,0.884631945667704,True
FBgn0031673,False,0.0,0.8571428571428571,0.9307341514493179,True
FBgn0031674,False,0.0,0.7142857142857143,0.8600884661303897,True
FBgn0031675,False,0.0,1.0,0.9610709881979919,True
FBgn0031676,False,0.0,0.7142857142857143,0.864824927093731,True
FBgn0031677,False,0.0,0.8571428571428571,0.8494412150392422,True
FBgn0031678,False,0.0,0.8571428571428571,0.8758146908578475,True
FBgn0031681,False,0.0,1.0,0.9723543342532245,True
FBgn0031682,False,0.0,1.0,0.9571565576497759,True
FBgn0031683,False,0.0,0.7142857142857143,0.8986358209539467,True
FBgn0031684,False,0.0,0.8571428571428571,0.8998884387293759,True
FBgn0031685,False,0.0,0.7142857142857143,0.8822832873387744,True
FBgn0031688,False,0.0,1.0,0.9989431037519817,True
FBgn0031689,False,0.0,1.0,0.9985908050026422,True
FBgn0031690,False,0.0,0.8571428571428571,0.8607343471708453,True
FBgn0031692,False,0.0,1.0,0.9894848609398548,True
FBgn0031693,False,0.0,1.0,0.9680191024210754,True
FBgn0031694,False,0.0,0.8571428571428571,0.8627307067504355,True
FBgn0031695,False,0.0,1.0,0.9670502808603918,True
FBgn0031696,False,0.0,1.0,0.9815923903470143,True
FBgn0031697,False,0.0,0.8571428571428571,0.9234239524005246,True
FBgn0031698,False,0.0,1.0,0.9274851740942986,True
FBgn0031700,False,0.0,1.0,0.9695799816021764,True
FBgn0031701,False,0.0,0.8571428571428571,0.9216086352337893,True
FBgn0031702,False,0.0,0.5714285714285714,0.8681473000215294,True
FBgn0031703,False,0.0,1.0,0.9998923531599241,True
FBgn0031707,False,0.0,0.5714285714285714,0.7440451725285264,True
FBgn0031708,False,0.0,1.0,0.9808388624664827,True
FBgn0031710,False,0.0,0.5714285714285714,0.8110406513612431,True
FBgn0031711,False,0.0,0.7142857142857143,0.9021294502182295,True
FBgn0031713,False,0.0,1.0,0.9478304268686513,True
FBgn0031715,False,0.0,,0.9732742254320552,True
FBgn0031716,False,0.0,1.0,0.8714794590256982,True
FBgn0031717,False,0.0,1.0,0.9013661362613274,True
FBgn0031718,False,0.0,0.8571428571428571,0.9094151840760966,True
FBgn0031719,False,0.0,,0.9732742254320552,True
FBgn0031720,False,0.0,0.8571428571428571,0.9801636231969154,True
FBgn0031721,False,0.0,,0.9732742254320552,True
FBgn0031722,False,0.0,,0.9732742254320552,True
FBgn0031723,False,0.0,,0.9732742254320552,True
FBgn0031724,False,0.0,1.0,0.9657878770085921,True
FBgn0031725,False,0.0,0.8571428571428571,0.9473460160883096,True
FBgn0031726,False,0.0,,0.9732742254320552,True
FBgn0031728,False,0.0,0.8571428571428571,0.9219413618303878,True
FBgn0031729,False,0.0,,0.9732742254320552,True
FBgn0031730,False,0.0,,0.9732742254320552,True
FBgn0031731,False,0.0,0.8571428571428571,0.9445863425518173,True
FBgn0031732,False,0.0,0.8571428571428571,0.9546806803280293,True
FBgn0031733,False,0.0,1.0,0.9703481885972638,True
FBgn0031734,False,0.0,1.0,0.9796253889965357,True
FBgn0031735,False,0.0,0.42857142857142855,0.780155794335819,True
FBgn0031736,False,0.0,0.8571428571428571,0.9252539486818155,True
FBgn0031737,False,0.0,1.0,0.9454817685397217,True
FBgn0031738,False,0.0,1.0,0.995234180807547,True
FBgn0031739,False,0.0,0.8571428571428571,0.9129137063785646,True
FBgn0031740,False,0.0,1.0,0.9288943690916565,True
FBgn0031741,False,0.0,0.8571428571428571,0.9298534045759693,True
FBgn0031745,False,0.0,0.42857142857142855,0.8304170825749124,True
FBgn0031746,False,0.0,,0.9732742254320552,True
FBgn0031747,False,0.0,1.0,0.9886677235629147,True
FBgn0031749,False,0.0,0.5714285714285714,0.8380893664494158,True
FBgn0031751,False,0.0,1.0,0.9657878770085921,True
FBgn0031752,False,0.0,1.0,0.9906836552952459,True
FBgn0031753,False,0.0,1.0,0.9751629381715695,True
FBgn0031756,False,0.0,1.0,0.9736167381050241,True
FBgn0031757,False,0.0,1.0,0.9355586870999941,True
FBgn0031758,False,0.0,1.0,0.9912316755719961,True
FBgn0031759,False,0.0,0.5714285714285714,0.8364844499246472,True
FBgn0031760,False,0.0,0.8571428571428571,0.8349186777053608,True
FBgn0031762,False,0.0,1.0,0.9635664376724796,True
FBgn0031763,False,0.0,,0.9732742254320552,True
FBgn0031764,False,0.0,0.7142857142857143,0.8705399956941264,True
FBgn0031765,False,0.0,1.0,0.9387929853404576,True
FBgn0031766,False,0.0,0.8571428571428571,0.9650881725480985,True
FBgn0031768,False,0.0,1.0,0.9570586968860705,True
FBgn0031769,False,0.0,1.0,0.9956256238623686,True
FBgn0031770,False,0.0,1.0,0.9461276495801774,True
FBgn0031771,False,0.0,1.0,0.9745659875129665,True
FBgn0031772,False,0.0,0.8571428571428571,0.8764997162037853,True
FBgn0031773,False,0.0,1.0,0.9744779128256317,True
FBgn0031774,False,0.0,1.0,0.9620006654531932,True
FBgn0031775,False,0.0,1.0,0.9785391345194058,True
FBgn0031776,False,0.0,0.7142857142857143,0.8519855948955826,True
FBgn0031777,False,0.0,1.0,0.949836572524612,True
FBgn0031778,False,0.0,1.0,0.9406865911181571,True
FBgn0031779,False,0.0,0.7142857142857143,0.8061280410232321,True
FBgn0031781,False,0.0,0.7142857142857143,0.8135361008357309,True
FBgn0031782,False,0.0,1.0,0.9404027949034115,True
FBgn0031783,False,0.0,0.7142857142857143,0.8798563403988805,True
FBgn0031784,False,0.0,1.0,0.9705488031628599,True
FBgn0031785,False,0.0,0.5714285714285714,0.9194752705850117,True
FBgn0031786,False,0.0,,0.9732742254320552,True
FBgn0031791,False,0.0,0.8571428571428571,0.9216086352337893,True
FBgn0031792,False,0.0,,0.9732742254320552,True
FBgn0031799,False,0.0,1.0,0.9771005812929364,True
FBgn0031800,False,0.0,0.5714285714285714,0.8506840467383008,True
FBgn0031801,False,0.0,0.42857142857142855,0.8123519855948955,True
FBgn0031802,False,0.0,1.0,0.9464359109858493,True
FBgn0031803,False,0.0,0.42857142857142855,0.8666842816041337,True
FBgn0031804,False,0.0,1.0,0.9556152506214158,True
FBgn0031805,False,0.0,1.0,0.9980134264967804,True
FBgn0031808,False,0.0,1.0,0.9609144109760632,True
FBgn0031811,False,0.0,1.0,0.9696729493276965,True
FBgn0031812,False,0.0,1.0,0.9889515197776604,True
FBgn0031813,False,0.0,0.8571428571428571,0.8868142406983344,True
FBgn0031814,False,0.0,1.0,0.9798896130585403,True
FBgn0031815,False,0.0,1.0,0.9749672166441586,True
FBgn0031816,False,0.0,1.0,0.9946568023016852,True
FBgn0031817,False,0.0,1.0,0.9758186052883957,True
FBgn0031818,False,0.0,0.8571428571428571,0.8938406435323821,True
FBgn0031820,False,0.0,0.5714285714285714,0.7887577554655236,True
FBgn0031821,False,0.0,,0.9732742254320552,True
FBgn0031822,False,0.0,1.0,0.9587027577163212,True
FBgn0031824,False,0.0,0.7142857142857143,0.8559195975965397,True
FBgn0031826,False,0.0,0.8571428571428571,0.9308026539839117,True
FBgn0031829,False,0.0,0.7142857142857143,0.8513886442369796,True
FBgn0031830,False,0.0,1.0,0.913393224120721,True
FBgn0031831,False,0.0,0.8571428571428571,0.8942712308926859,True
FBgn0031832,False,0.0,0.8571428571428571,0.9075509365275086,True
FBgn0031834,False,0.0,0.7142857142857143,0.8411034779715421,True
FBgn0031835,False,0.0,1.0,0.9640948857964887,True
FBgn0031836,False,0.0,1.0,0.9836670385375688,True
FBgn0031837,False,0.0,1.0,0.969227682852837,True
FBgn0031842,False,0.0,1.0,0.982130624547394,True
FBgn0031844,False,0.0,1.0,0.988383927348169,True
FBgn0031845,False,0.0,1.0,0.9817391814925723,True
FBgn0031848,False,0.0,0.8571428571428571,0.9160256786643963,True
FBgn0031849,False,0.0,0.42857142857142855,0.8972755563384417,True
FBgn0031850,False,0.0,1.0,0.9513729865147867,True
FBgn0031851,False,0.0,1.0,0.9485545965200712,True
FBgn0031853,False,0.0,1.0,0.9546806803280293,True
FBgn0031854,False,0.0,0.42857142857142855,0.8247656234709255,True
FBgn0031855,False,0.0,0.8571428571428571,0.9068071947233476,True
FBgn0031856,False,0.0,1.0,0.9575431076664123,True
FBgn0031857,False,0.0,1.0,0.9189615015755583,True
FBgn0031858,False,0.0,1.0,0.954621963869806,True
FBgn0031859,False,0.0,,0.9732742254320552,True
FBgn0031860,False,0.0,,0.9732742254320552,True
FBgn0031861,False,0.0,,0.9732742254320552,True
FBgn0031865,False,0.0,1.0,0.9427710253850821,True
FBgn0031866,False,0.0,1.0,0.9637866243908167,True
FBgn0031868,False,0.0,1.0,0.9626074021881666,True
FBgn0031869,False,0.0,0.8571428571428571,0.9309788033585814,True
FBgn0031871,False,0.0,1.0,0.9894603957489284,True
FBgn0031872,False,0.0,1.0,0.9945491554616093,True
FBgn0031873,False,0.0,1.0,0.9538880081420156,True
FBgn0031874,False,0.0,0.5714285714285714,0.8064999119253127,True
FBgn0031875,False,0.0,0.7142857142857143,0.8781731352631476,True
FBgn0031876,False,0.0,1.0,0.95813516528683,True
FBgn0031877,False,0.0,0.8571428571428571,0.8395866361341084,True
FBgn0031878,False,0.0,1.0,0.9840682676687609,True
FBgn0031879,False,0.0,0.7142857142857143,0.8417200007828861,True
FBgn0031880,False,0.0,1.0,0.9688313467598301,True
FBgn0031881,False,0.0,0.8571428571428571,0.8505078973636311,True
FBgn0031882,False,0.0,0.42857142857142855,0.8337834928463782,True
FBgn0031883,False,0.0,0.8571428571428571,0.8846710899731861,True
FBgn0031885,False,0.0,1.0,0.9898224805746384,True
FBgn0031886,False,0.0,0.8571428571428571,0.8989783336269156,True
FBgn0031887,False,0.0,0.8571428571428571,0.8250249544947449,True
FBgn0031888,False,0.0,1.0,0.9964182960483824,True
FBgn0031893,False,0.0,1.0,0.9529094005049615,True
FBgn0031894,False,0.0,1.0,0.9866420057542129,True
FBgn0031895,False,0.0,1.0,0.9870725931145167,True
FBgn0031896,False,0.0,1.0,0.9790969408725266,True
FBgn0031897,False,0.0,0.8571428571428571,0.9113283620065371,True
FBgn0031900,False,0.0,0.8571428571428571,0.9801636231969154,True
FBgn0031902,False,0.0,1.0,0.9435098741510579,True
FBgn0031903,False,0.0,,0.9732742254320552,True
FBgn0031904,False,0.0,1.0,0.9499833636701701,True
FBgn0031905,False,0.0,1.0,0.9676912688626622,True
FBgn0031906,False,0.0,1.0,0.972109682343961,True
FBgn0031907,False,0.0,1.0,0.9345898655393107,True
FBgn0031908,False,0.0,0.8571428571428571,0.883579942457871,True
FBgn0031909,False,0.0,1.0,0.9580764488286067,True
FBgn0031910,False,0.0,0.8571428571428571,0.9078151605895133,True
FBgn0031912,True,0.0,1.0,0.9993541189595444,False
FBgn0031913,False,0.0,1.0,0.9975045505255123,True
FBgn0031914,False,0.0,1.0,0.9931693186933631,True
FBgn0031918,False,0.0,1.0,0.9364149687824164,True
FBgn0031920,False,0.0,1.0,0.9949210263636897,True
FBgn0031923,False,0.0,1.0,0.9904781476914646,True
FBgn0031925,False,0.0,0.5714285714285714,0.8692286614604741,True
FBgn0031926,False,0.0,0.8571428571428571,0.9102763587967041,True
FBgn0031927,False,0.0,1.0,0.984885405045701,True
FBgn0031929,False,0.0,1.0,0.9416847709079521,True
FBgn0031930,False,0.0,0.8571428571428571,0.9351868161979136,True
FBgn0031934,False,0.0,0.8571428571428571,0.9473460160883096,True
FBgn0031935,False,0.0,0.7142857142857143,0.8590119977296303,True
FBgn0031936,False,0.0,1.0,0.980897578924706,True
FBgn0031937,False,0.0,1.0,0.9510794042236705,True
FBgn0031939,False,0.0,0.8571428571428571,0.9036854363611454,True
FBgn0031940,False,0.0,0.5714285714285714,0.863175973225295,True
FBgn0031941,False,0.0,,0.9732742254320552,True
FBgn0031942,False,0.0,,0.9732742254320552,True
FBgn0031943,False,0.0,,0.9732742254320552,True
FBgn0031944,False,0.0,,0.9732742254320552,True
FBgn0031945,False,0.0,0.5714285714285714,0.8767932984949015,True
FBgn0031946,False,0.0,0.8571428571428571,0.9689585657526472,True
FBgn0031947,False,0.0,0.42857142857142855,0.8430019767874268,True
FBgn0031948,False,0.0,0.5714285714285714,0.8070185739729512,True
FBgn0031950,False,0.0,0.8571428571428571,0.9351770301215431,True
FBgn0031951,False,0.0,0.5714285714285714,0.8213747480085334,True
FBgn0031952,False,0.0,1.0,0.9935901199772963,True
FBgn0031954,False,0.0,,0.9732742254320552,True
FBgn0031955,False,0.0,1.0,0.9312038831151038,True
FBgn0031957,False,0.0,1.0,0.9967803808740924,True
FBgn0031959,False,0.0,0.8571428571428571,0.8617325269606404,True
FBgn0031961,False,0.0,0.8571428571428571,0.9135595874190202,True
FBgn0031962,False,0.0,1.0,0.9505118117941792,True
FBgn0031966,False,0.0,0.8571428571428571,0.9202141193509874,True
FBgn0031968,False,0.0,1.0,0.9984929442389369,True
FBgn0031969,False,0.0,1.0,0.9557962930342708,True
FBgn0031970,False,0.0,0.7142857142857143,0.8592468635625232,True
FBgn0031971,False,0.0,1.0,0.9357544086274049,True
FBgn0031972,False,0.0,1.0,0.9776779597987982,True
FBgn0031973,False,0.0,1.0,0.9521069422425773,True
FBgn0031974,False,0.0,0.8571428571428571,0.8673693069500714,True
FBgn0031975,False,0.0,1.0,0.9481827256179907,True
FBgn0031976,False,0.0,1.0,0.9665218327363827,True
FBgn0031977,False,0.0,1.0,0.9417924177480281,True
FBgn0031979,False,0.0,1.0,0.9611492768089562,True
FBgn0031980,False,0.0,1.0,0.9251756600708512,True
FBgn0031981,False,0.0,1.0,0.9661793200634138,True
FBgn0031985,False,0.0,1.0,0.9689585657526472,True
FBgn0031986,False,0.0,0.8571428571428571,0.8872448280586381,True
FBgn0031987,False,0.0,1.0,0.9871117374199988,True
FBgn0031988,False,0.0,1.0,0.9931693186933631,True
FBgn0031990,False,0.0,1.0,0.9839214765232028,True
FBgn0031992,False,0.0,1.0,0.985428532284266,True
FBgn0031993,False,0.0,1.0,0.9728240659190104,True
FBgn0031995,False,0.0,1.0,0.9773354471258294,True
FBgn0031996,False,0.0,1.0,0.9874836083220794,True
FBgn0031997,False,0.0,1.0,0.9398449885502906,True
FBgn0031998,False,0.0,0.5714285714285714,0.8143777034035974,True
FBgn0031999,False,0.0,0.8571428571428571,0.886461941948995,True
FBgn0032000,False,0.0,0.42857142857142855,0.8066467030708708,True
FBgn0032001,False,0.0,1.0,0.9187853522008886,True
FBgn0032002,False,0.0,0.8571428571428571,0.8956804258900436,True
FBgn0032003,False,0.0,1.0,0.9552482727575206,True
FBgn0032004,False,0.0,1.0,0.9995009101051024,True
FBgn0032005,False,0.0,1.0,0.9925234376529074,True
FBgn0032006,False,0.0,1.0,0.9751335799424579,True
FBgn0032008,False,0.0,0.8571428571428571,0.9480310414342473,True
FBgn0032010,False,0.0,1.0,0.9834126005519347,True
FBgn0032013,False,0.0,1.0,0.9952635390366587,True
FBgn0032014,False,0.0,0.5714285714285714,0.8730060869395024,True
FBgn0032015,False,0.0,1.0,0.9613645704891081,True
FBgn0032016,False,0.0,0.7142857142857143,0.8722525590589709,True
FBgn0032017,False,0.0,0.8571428571428571,0.8861977178869904,True
FBgn0032018,False,0.0,1.0,0.9853893879787838,True
FBgn0032019,False,0.0,1.0,0.9820425498600591,True
FBgn0032020,False,0.0,1.0,0.9678625251991466,True
FBgn0032021,False,0.0,1.0,0.9480750787779147,True
FBgn0032022,False,0.0,1.0,0.9415477658387646,True
FBgn0032023,False,0.0,0.8571428571428571,0.9627150490282426,True
FBgn0032024,False,0.0,1.0,0.9646918364550917,True
FBgn0032025,False,0.0,0.42857142857142855,0.7542520501829997,True
FBgn0032026,False,0.0,1.0,0.990341142622277,True
FBgn0032029,False,0.0,1.0,0.9987865265300531,True
FBgn0032030,False,0.0,0.8571428571428571,0.9031961325426183,True
FBgn0032031,False,0.0,1.0,0.9480457205488032,True
FBgn0032032,False,0.0,1.0,0.9732252950502026,True
FBgn0032033,False,0.0,0.7142857142857143,0.871763255240444,True
FBgn0032034,False,0.0,0.7142857142857143,0.8229405202278198,True
FBgn0032035,False,0.0,1.0,0.917415301509013,True
FBgn0032036,False,0.0,1.0,0.9973577593799542,True
FBgn0032037,False,0.0,0.8571428571428571,0.907502006145656,True
FBgn0032039,False,0.0,0.5714285714285714,0.8304660129567651,True
FBgn0032040,False,0.0,1.0,0.9831483764899301,True
FBgn0032042,False,0.0,1.0,0.9387000176149375,True
FBgn0032045,False,0.0,1.0,0.9543381676550604,True
FBgn0032047,False,0.0,1.0,0.9858004031863464,True
FBgn0032048,False,0.0,0.42857142857142855,0.7629322999236686,True
FBgn0032049,False,0.0,0.5714285714285714,0.7943847493785842,True
FBgn0032050,False,0.0,1.0,0.9467343863151508,True
FBgn0032051,False,0.0,1.0,0.9649267022879846,True
FBgn0032052,False,0.0,0.7142857142857143,0.8503415340653319,True
FBgn0032053,False,0.0,1.0,0.9607186894486525,True
FBgn0032054,False,0.0,0.7142857142857143,0.8623294776192434,True
FBgn0032055,False,0.0,0.5714285714285714,0.8747822598007555,True
FBgn0032057,False,0.0,1.0,0.951324056132934,True
FBgn0032058,False,0.0,0.7142857142857143,0.8423854539760829,True
FBgn0032059,False,0.0,1.0,0.919626954768755,True
FBgn0032061,False,0.0,1.0,0.9271818057268119,True
FBgn0032065,False,0.0,0.8571428571428571,0.9473460160883096,True
FBgn0032066,False,0.0,0.5714285714285714,0.8630340751179222,True
FBgn0032067,False,0.0,,0.9732742254320552,True
FBgn0032068,False,0.0,1.0,0.9575431076664123,True
FBgn0032069,False,0.0,0.42857142857142855,0.8493237821227957,True
FBgn0032072,False,0.0,0.8571428571428571,0.9710283209050163,True
FBgn0032074,False,0.0,1.0,0.9137650950228016,True
FBgn0032075,False,0.0,0.5714285714285714,0.8022038243986456,True
FBgn0032076,False,0.0,,0.9732742254320552,True
FBgn0032077,False,0.0,,0.9732742254320552,True
FBgn0032078,False,0.0,1.0,0.9942262149413814,True
FBgn0032079,False,0.0,1.0,0.9756913862955786,True
FBgn0032080,False,0.0,0.7142857142857143,0.8517017986808368,True
FBgn0032082,False,0.0,1.0,0.9853796019024132,True
FBgn0032083,False,0.0,1.0,0.9880120564460885,True
FBgn0032084,False,0.0,1.0,0.9432994735090913,True
FBgn0032085,False,0.0,1.0,0.9545338891824712,True
FBgn0032086,False,0.0,1.0,0.9578024386902315,True
FBgn0032087,False,0.0,0.8571428571428571,0.9473460160883096,True
FBgn0032088,False,0.0,1.0,0.9407550936527509,True
FBgn0032089,False,0.0,,0.9732742254320552,True
FBgn0032090,False,0.0,,0.9732742254320552,True
FBgn0032094,False,0.0,0.8571428571428571,0.9801636231969154,True
FBgn0032095,False,0.0,0.7142857142857143,0.894055937212534,True
FBgn0032096,False,0.0,1.0,0.9310179476640635,True
FBgn0032100,False,0.0,1.0,0.9621278844460102,True
FBgn0032101,False,0.0,0.8571428571428571,0.8838784177871724,True
FBgn0032104,False,0.0,0.8571428571428571,0.9458829976709138,True
FBgn0032105,False,0.0,1.0,0.9967803808740923,True
FBgn0032109,False,0.0,1.0,0.9747861742313038,True
FBgn0032110,False,0.0,,0.9732742254320552,True
FBgn0032111,False,0.0,,0.9732742254320552,True
FBgn0032115,False,0.0,0.8571428571428571,0.9028731920223906,True
FBgn0032116,False,0.0,0.7142857142857143,0.8627453858649913,True
FBgn0032117,False,0.0,0.5714285714285714,0.792623255631887,True
FBgn0032119,False,0.0,1.0,0.9686551973851604,True
FBgn0032120,False,0.0,1.0,0.9436615583348013,True
FBgn0032122,False,0.0,0.5714285714285714,0.8888154933161099,True
FBgn0032123,False,0.0,1.0,0.9386315150803437,True
FBgn0032124,False,0.0,0.7142857142857143,0.8355352005167048,True
FBgn0032125,False,0.0,0.8571428571428571,0.9445863425518173,True
FBgn0032126,False,0.0,,0.9732742254320552,True
FBgn0032127,False,0.0,,0.9732742254320552,True
FBgn0032129,False,0.0,1.0,0.9782651243810306,True
FBgn0032130,False,0.0,1.0,0.9836572524611982,True
FBgn0032131,False,0.0,0.42857142857142855,0.8972755563384417,True
FBgn0032132,False,0.0,,0.9732742254320552,True
FBgn0032135,False,0.0,1.0,0.9653279314191768,True
FBgn0032136,False,0.0,1.0,0.9850175170767033,True
FBgn0032138,False,0.0,1.0,0.9394241872663575,True
FBgn0032139,False,0.0,1.0,0.9813966688196034,True
FBgn0032140,False,0.0,1.0,0.9888634450903254,True
FBgn0032142,False,0.0,0.5714285714285714,0.7447889143326875,True
FBgn0032143,False,0.0,1.0,0.983109232184448,True
FBgn0032144,False,0.0,1.0,0.9568238310531776,True
FBgn0032145,False,0.0,1.0,0.9735041982267629,True
FBgn0032147,False,0.0,1.0,0.9520971561662067,True
FBgn0032149,False,0.0,1.0,0.9708570645685319,True
FBgn0032150,False,0.0,1.0,0.9621083122932691,True
FBgn0032151,False,0.0,1.0,0.9641438161783414,True
FBgn0032153,False,0.0,0.7142857142857143,0.8051690055389192,True
FBgn0032154,False,0.0,1.0,0.9484273775272543,True
FBgn0032156,False,0.0,1.0,0.9943142896287163,True
FBgn0032157,False,0.0,1.0,0.9661891061397844,True
FBgn0032160,False,0.0,0.7142857142857143,0.8721938426007476,True
FBgn0032161,False,0.0,1.0,0.9497191396081655,True
FBgn0032162,False,0.0,1.0,0.9212612295226352,True
FBgn0032163,False,0.0,1.0,0.9784608459084415,True
FBgn0032166,False,0.0,0.7142857142857143,0.8494020707337601,True
FBgn0032167,False,0.0,1.0,0.9795666725383125,True
FBgn0032168,False,0.0,0.8571428571428571,0.9288650108625448,True
FBgn0032169,False,0.0,1.0,0.9664826884309006,True
FBgn0032170,False,0.0,1.0,0.9683909733231558,True
FBgn0032171,False,0.0,0.5714285714285714,0.8247509443563698,True
FBgn0032172,False,0.0,0.8571428571428571,0.9110347797154209,True
FBgn0032175,False,0.0,,0.9732742254320552,True
FBgn0032176,False,0.0,,0.9732742254320552,True
FBgn0032178,False,0.0,0.5714285714285714,0.7624723543342532,True
FBgn0032180,False,0.0,0.8571428571428571,0.8972168398802184,True
FBgn0032181,False,0.0,,0.9732742254320552,True
FBgn0032182,False,0.0,,0.9732742254320552,True
FBgn0032184,False,0.0,,0.9732742254320552,True
FBgn0032186,False,0.0,,0.9732742254320552,True
FBgn0032187,False,0.0,1.0,0.9355391149472531,True
FBgn0032188,False,0.0,,0.9732742254320552,True
FBgn0032189,False,0.0,0.8571428571428571,0.8959642221047893,True
FBgn0032191,False,0.0,0.7142857142857143,0.857720235648719,True
FBgn0032192,False,0.0,0.5714285714285714,0.7829448261014229,True
FBgn0032193,False,0.0,0.7142857142857143,0.778668310727497,True
FBgn0032194,False,0.0,1.0,0.9457362065253557,True
FBgn0032195,False,0.0,0.7142857142857143,0.8717436830877028,True
FBgn0032196,False,0.0,0.5714285714285714,0.700634137748811,True
FBgn0032197,False,0.0,0.5714285714285714,0.6696220617305697,True
FBgn0032198,False,0.0,0.8571428571428571,0.8911690446832247,True
FBgn0032200,False,0.0,0.8571428571428571,0.8755113224903607,True
FBgn0032202,False,0.0,1.0,0.9844205664181003,True
FBgn0032204,False,0.0,1.0,0.9414303329223181,True
FBgn0032205,False,0.0,1.0,0.9215743839664925,True
FBgn0032208,False,0.0,0.8571428571428571,0.9199988256708356,True
FBgn0032209,False,0.0,,0.9732742254320552,True
FBgn0032210,False,0.0,1.0,0.9636838705889261,True
FBgn0032211,False,0.0,0.5714285714285714,0.8702464134030102,True
FBgn0032213,False,0.0,1.0,0.9712289354706124,True
FBgn0032214,False,0.0,0.8571428571428571,0.8854931203883115,True
FBgn0032215,False,0.0,0.8571428571428571,0.842659464114458,True
FBgn0032216,False,0.0,1.0,0.965259428884583,True
FBgn0032217,False,0.0,0.5714285714285714,0.7280938680445462,True
FBgn0032218,False,0.0,1.0,0.9685377644687139,True
FBgn0032219,False,0.0,1.0,0.9638404478108547,True
FBgn0032221,False,0.0,0.7142857142857143,0.8033977257158516,True
FBgn0032222,False,0.0,1.0,0.9768167850781907,True
FBgn0032223,False,0.0,0.5714285714285714,0.746883134675983,True
FBgn0032224,False,0.0,0.8571428571428571,0.8810600277924568,True
FBgn0032225,False,0.0,1.0,0.946646311627816,True
FBgn0032228,False,0.0,0.8571428571428571,0.8598927446029788,True
FBgn0032229,False,0.0,0.5714285714285714,0.8480515921946256,True
FBgn0032230,False,0.0,0.8571428571428571,0.9097234454817685,True
FBgn0032231,False,0.0,0.42857142857142855,0.7792946196152115,True
FBgn0032233,False,0.0,1.0,0.9561290196308692,True
FBgn0032234,False,0.0,0.7142857142857143,0.8094650930655862,True
FBgn0032235,False,0.0,0.7142857142857143,0.8438142211261817,True
FBgn0032236,False,0.0,0.5714285714285714,0.7736480535494099,True
FBgn0032237,False,0.0,1.0,0.9859569804082751,True
FBgn0032240,False,0.0,,0.9732742254320552,True
FBgn0032242,False,0.0,0.8571428571428571,0.89869453741217,True
FBgn0032243,False,0.0,0.2857142857142857,0.7591842326737518,True
FBgn0032244,False,0.0,0.5714285714285714,0.7983872546141351,True
FBgn0032246,False,0.0,1.0,0.9577339361556377,True
FBgn0032247,False,0.0,0.5714285714285714,0.7356487190026031,True
FBgn0032248,False,0.0,1.0,0.9883349969663163,True
FBgn0032249,False,0.0,1.0,0.9403245062924471,True
FBgn0032250,False,0.0,1.0,0.9365177225843071,True
FBgn0032251,False,0.0,1.0,0.9620789540641576,True
FBgn0032252,False,0.0,1.0,0.9908989489753978,True
FBgn0032253,False,0.0,1.0,0.9775115965004991,True
FBgn0032256,False,0.0,1.0,0.9303622805472374,True
FBgn0032258,False,0.0,1.0,0.965729160550369,True
FBgn0032259,False,0.0,1.0,0.9493081244006027,True
FBgn0032260,False,0.0,1.0,0.9881588475916466,True
FBgn0032261,False,0.0,1.0,0.9474781281193119,True
FBgn0032262,False,0.0,1.0,0.9474585559665708,True
FBgn0032264,False,0.0,1.0,0.9517448574168673,True
FBgn0032265,False,0.0,0.42857142857142855,0.8590560350732978,True
FBgn0032266,False,0.0,,0.9732742254320552,True
FBgn0032268,False,0.0,,0.9732742254320552,True
FBgn0032269,False,0.0,0.8571428571428571,0.9473460160883096,True
FBgn0032271,False,0.0,,0.9732742254320552,True
FBgn0032275,False,0.0,0.8571428571428571,0.9650881725480985,True
FBgn0032276,False,0.0,,0.9732742254320552,True
FBgn0032280,False,0.0,,0.9732742254320552,True
FBgn0032281,False,0.0,,0.9732742254320552,True
FBgn0032282,False,0.0,,0.9732742254320552,True
FBgn0032283,False,0.0,,0.9732742254320552,True
FBgn0032284,False,0.0,0.8571428571428571,0.9465533439022958,True
FBgn0032285,False,0.0,0.8571428571428571,0.9650881725480985,True
FBgn0032286,False,0.0,0.8571428571428571,0.9801636231969154,True
FBgn0032287,False,0.0,0.8571428571428571,0.9480310414342473,True
FBgn0032289,False,0.0,0.8571428571428571,0.9801636231969154,True
FBgn0032290,False,0.0,1.0,0.9542109486622433,True
FBgn0032291,False,0.0,0.8571428571428571,0.8840447810854716,True
FBgn0032292,False,0.0,0.8571428571428571,0.9101051024602196,True
FBgn0032293,False,0.0,0.5714285714285714,0.8351829017673654,True
FBgn0032294,False,0.0,0.8571428571428571,0.9598428356134892,True
FBgn0032295,False,0.0,1.0,0.9197639598379426,True
FBgn0032296,False,0.0,1.0,0.9703677607500049,True
FBgn0032297,False,0.0,0.5714285714285714,0.7965376861801029,True
FBgn0032298,False,0.0,1.0,0.9250582271544047,True
FBgn0032299,False,0.0,0.8571428571428571,0.9650881725480985,True
FBgn0032301,False,0.0,,0.9732742254320552,True
FBgn0032303,False,0.0,1.0,0.9734014444248723,True
FBgn0032304,False,0.0,,0.9732742254320552,True
FBgn0032305,False,0.0,0.8571428571428571,0.9144207621396278,True
FBgn0032309,False,0.0,1.0,0.9692619341201338,True
FBgn0032310,False,0.0,1.0,0.9553657056739671,True
FBgn0032311,False,0.0,1.0,0.9669377409821306,True
FBgn0032312,False,0.0,,0.9732742254320552,True
FBgn0032313,False,0.0,0.8571428571428571,0.9337531560096295,True
FBgn0032314,False,0.0,,0.9732742254320552,True
FBgn0032315,False,0.0,,0.9732742254320552,True
FBgn0032318,False,0.0,0.8571428571428571,0.9650881725480985,True
FBgn0032321,False,0.0,1.0,0.9513729865147867,True
FBgn0032322,False,0.0,1.0,0.9844401385708414,True
FBgn0032329,False,0.0,0.7142857142857143,0.8650891511557356,True
FBgn0032330,False,0.0,1.0,0.9940500655667117,True
FBgn0032331,False,0.0,1.0,0.9618049439257824,True
FBgn0032335,False,0.0,0.8571428571428571,0.9689585657526472,True
FBgn0032336,False,0.0,,0.9732742254320552,True
FBgn0032337,False,0.0,1.0,0.9735041982267629,True
FBgn0032338,False,0.0,0.8571428571428571,0.9689585657526472,True
FBgn0032339,False,0.0,0.7142857142857143,0.9046836161509404,True
FBgn0032340,False,0.0,1.0,0.9754173761572036,True
FBgn0032341,False,0.0,1.0,0.9490243281858571,True
FBgn0032343,False,0.0,1.0,0.9605033957685006,True
FBgn0032345,False,0.0,0.8571428571428571,0.8275008318164916,True
FBgn0032346,False,0.0,0.5714285714285714,0.7963126064235805,True
FBgn0032348,False,0.0,1.0,0.9605327539976122,True
FBgn0032350,False,0.0,1.0,0.9911827451901435,True
FBgn0032354,False,0.0,1.0,0.969898029084219,True
FBgn0032358,False,0.0,0.42857142857142855,0.7818096412424402,True
FBgn0032359,False,0.0,1.0,0.976694459123559,True
FBgn0032360,False,0.0,,0.9732742254320552,True
FBgn0032361,False,0.0,1.0,0.9393458986553931,True
FBgn0032362,False,0.0,1.0,0.9434071203491672,True
FBgn0032363,False,0.0,0.8571428571428571,0.924519992954025,True
FBgn0032364,False,0.0,0.7142857142857143,0.8849108488442644,True
FBgn0032365,False,0.0,,0.9732742254320552,True
FBgn0032366,False,0.0,,0.9732742254320552,True
FBgn0032367,False,0.0,,0.9732742254320552,True
FBgn0032368,False,0.0,,0.9732742254320552,True
FBgn0032369,False,0.0,,0.9732742254320552,True
FBgn0032370,False,0.0,,0.9732742254320552,True
FBgn0032371,False,0.0,,0.9732742254320552,True
FBgn0032372,False,0.0,,0.9732742254320552,True
FBgn0032373,False,0.0,0.7142857142857143,0.8681521930597147,True
FBgn0032374,False,0.0,1.0,0.98042784725892,True
FBgn0032375,False,0.0,1.0,0.9740620045798838,True
FBgn0032376,False,0.0,1.0,0.9641633883310825,True
FBgn0032377,False,0.0,1.0,0.9639285224981896,True
FBgn0032378,False,0.0,1.0,0.9478597850977629,True
FBgn0032381,False,0.0,1.0,0.9744632337110759,True
FBgn0032382,False,0.0,1.0,0.9794003092400133,True
FBgn0032385,False,0.0,,0.9732742254320552,True
FBgn0032387,False,0.0,0.7142857142857143,0.8967079639089504,True
FBgn0032388,False,0.0,0.7142857142857143,0.8741608439512262,True
FBgn0032390,False,0.0,1.0,0.9828450081224434,True
FBgn0032391,False,0.0,1.0,0.9831581625663006,True
FBgn0032393,False,0.0,1.0,0.9409116708746795,True
FBgn0032394,False,0.0,1.0,0.9254398841328558,True
FBgn0032395,False,0.0,1.0,0.9806235687863308,True
FBgn0032397,False,0.0,1.0,0.953154052414225,True
FBgn0032398,False,0.0,0.5714285714285714,0.8714794590256982,True
FBgn0032399,False,0.0,0.8571428571428571,0.8958076448828607,True
FBgn0032400,False,0.0,1.0,0.9962225745209715,True
FBgn0032401,False,0.0,0.8571428571428571,0.8837707709470964,True
FBgn0032402,False,0.0,1.0,0.9785489205957764,True
FBgn0032404,False,0.0,0.8571428571428571,0.9598428356134892,True
FBgn0032405,True,0.2857142857142857,1.0,0.9999510696181473,False
FBgn0032406,False,0.0,,0.9732742254320552,True
FBgn0032407,False,0.0,1.0,0.9783825572974771,True
FBgn0032408,False,0.0,1.0,0.9733720861957607,True
FBgn0032409,False,0.0,1.0,0.9913686806411837,True
FBgn0032412,False,0.0,1.0,0.9474389838138297,True
FBgn0032413,False,0.0,0.8571428571428571,0.9458878907090991,True
FBgn0032414,False,0.0,1.0,0.9664337580490479,True
FBgn0032415,False,0.0,1.0,0.9609535552815455,True
FBgn0032416,False,0.0,,0.9732742254320552,True
FBgn0032419,False,0.0,1.0,0.9657878770085921,True
FBgn0032420,False,0.0,1.0,0.9974751922964007,True
FBgn0032421,False,0.0,1.0,0.9954592605640694,True
FBgn0032422,False,0.0,1.0,0.9954788327168105,True
FBgn0032424,False,0.0,,0.9732742254320552,True
FBgn0032428,False,0.0,0.5714285714285714,0.803769596617932,True
FBgn0032429,False,0.0,1.0,0.9692227898146517,True
FBgn0032430,False,0.0,0.7142857142857143,0.8952889828352221,True
FBgn0032431,False,0.0,1.0,0.9532127688724483,True
FBgn0032433,False,0.0,1.0,0.9393458986553931,True
FBgn0032434,False,0.0,0.8571428571428571,0.8905133775663985,True
FBgn0032435,False,0.0,0.8571428571428571,0.9319574109956353,True
FBgn0032436,False,0.0,1.0,0.999256258195839,True
FBgn0032437,False,0.0,1.0,0.9534672068580823,True
FBgn0032439,False,0.0,,0.9732742254320552,True
FBgn0032442,False,0.0,0.8571428571428571,0.9801636231969154,True
FBgn0032444,False,0.0,1.0,0.9661303896815611,True
FBgn0032445,False,0.0,0.8571428571428571,0.8830759595247881,True
FBgn0032446,False,0.0,1.0,0.9529094005049615,True
FBgn0032447,False,0.0,1.0,0.9706613430411211,True
FBgn0032448,False,0.0,1.0,0.9464505901004051,True
FBgn0032449,False,0.0,1.0,0.9000645881040455,True
FBgn0032450,False,0.0,0.5714285714285714,0.8551660697160081,True
FBgn0032451,False,0.0,1.0,0.9974654062200301,True
FBgn0032452,False,0.0,1.0,0.9618930186131173,True
FBgn0032453,False,0.0,1.0,0.987150881725481,True
FBgn0032454,False,0.0,1.0,0.986661577906954,True
FBgn0032455,False,0.0,0.42857142857142855,0.797173781144188,True
FBgn0032456,False,0.0,1.0,0.9598183704225628,True
FBgn0032457,False,0.0,1.0,0.908862270761161,True
FBgn0032462,False,0.0,,0.9732742254320552,True
FBgn0032464,False,0.0,1.0,0.9843716360362477,True
FBgn0032465,False,0.0,0.7142857142857143,0.8488149061515275,True
FBgn0032467,False,0.0,1.0,0.963302213610475,True
FBgn0032469,False,0.0,1.0,0.9596226488951519,True
FBgn0032470,False,0.0,0.5714285714285714,0.7700859217505334,True
FBgn0032471,False,0.0,0.5714285714285714,0.7896580744916133,True
FBgn0032472,False,0.0,1.0,0.9780987610827315,True
FBgn0032473,False,0.0,0.8571428571428571,0.8590315698823714,True
FBgn0032474,False,0.0,1.0,0.9741256140762923,True
FBgn0032475,False,0.0,1.0,0.9882762805080931,True
FBgn0032476,False,0.0,1.0,0.9539858689057209,True
FBgn0032477,False,0.0,1.0,0.9535846397745288,True
FBgn0032478,False,0.0,1.0,0.9830994461080774,True
FBgn0032479,False,0.0,1.0,0.973342727966649,True
FBgn0032480,False,0.0,0.8571428571428571,0.9196660990742371,True
FBgn0032481,False,0.0,0.5714285714285714,0.8636408118528958,True
FBgn0032482,False,0.0,1.0,0.9905368641496878,True
FBgn0032483,False,0.0,0.8571428571428571,0.9026774704949797,True
FBgn0032484,False,0.0,1.0,0.9513680934766015,True
FBgn0032485,False,0.0,1.0,0.9666099074237176,True
FBgn0032486,False,0.0,1.0,0.9339635566515961,True
FBgn0032487,False,0.0,0.42857142857142855,0.7950893468772631,True
FBgn0032488,False,0.0,1.0,0.9438670659385826,True
FBgn0032489,False,0.0,0.8571428571428571,0.9465533439022958,True
FBgn0032490,False,0.0,1.0,0.9428639931106022,True
FBgn0032491,False,0.0,0.8571428571428571,0.8926858865206584,True
FBgn0032492,False,0.0,,0.9732742254320552,True
FBgn0032493,False,0.0,,0.9732742254320552,True
FBgn0032494,False,0.0,0.8571428571428571,0.9445863425518173,True
FBgn0032495,False,0.0,0.7142857142857143,0.878270996026853,True
FBgn0032497,False,0.0,1.0,0.9670992112422445,True
FBgn0032498,False,0.0,1.0,0.997553480907365,True
FBgn0032499,False,0.0,0.8571428571428571,0.8881745053138395,True
FBgn0032502,False,0.0,1.0,0.9434169064255378,True
FBgn0032503,False,0.0,,0.9732742254320552,True
FBgn0032504,False,0.0,0.7142857142857143,0.7548490008416026,True
FBgn0032505,False,0.0,,0.9732742254320552,True
FBgn0032506,False,0.0,0.8571428571428571,0.923286947331337,True
FBgn0032507,False,0.0,,0.9732742254320552,True
FBgn0032509,False,0.0,1.0,0.9775409547296108,True
FBgn0032511,False,0.0,1.0,0.9706319848120095,True
FBgn0032512,False,0.0,1.0,0.9478891433268746,True
FBgn0032513,False,0.0,1.0,0.9502475877321747,True
FBgn0032514,False,0.0,1.0,0.9717378114418805,True
FBgn0032515,False,0.0,0.8571428571428571,0.9004364590061261,True
FBgn0032516,False,0.0,1.0,0.943113538058051,True
FBgn0032517,False,0.0,0.7142857142857143,0.8799346290098448,True
FBgn0032518,False,0.0,0.7142857142857143,0.8162566300667411,True
FBgn0032519,False,0.0,1.0,0.9756228837609848,True
FBgn0032520,False,0.0,1.0,0.9908793768226567,True
FBgn0032521,False,0.0,1.0,0.9647994832951676,True
FBgn0032522,False,0.0,0.8571428571428571,0.9501350478539135,True
FBgn0032523,False,0.0,1.0,0.9415869101442468,True
FBgn0032524,False,0.0,1.0,0.9837746853776447,True
FBgn0032525,False,0.0,1.0,0.9639970250327834,True
FBgn0032526,False,0.0,,0.9732742254320552,True
FBgn0032527,False,0.0,0.42857142857142855,0.8972755563384417,True
FBgn0032530,False,0.0,1.0,0.9853110993678195,True
FBgn0032533,False,0.0,1.0,0.9948427377527254,True
FBgn0032535,False,0.0,1.0,0.9847239347855871,True
FBgn0032536,False,0.0,0.8571428571428571,0.9585461804943926,True
FBgn0032538,False,0.0,1.0,0.9300882704088622,True
FBgn0032546,False,0.0,1.0,0.9803495586479557,True
FBgn0032549,False,0.0,,0.9732742254320552,True
FBgn0032551,False,0.0,0.8571428571428571,0.9480310414342473,True
FBgn0032553,False,0.0,,0.9732742254320552,True
FBgn0032554,False,0.0,0.8571428571428571,0.9801636231969154,True
FBgn0032563,False,0.0,,0.9732742254320552,True
FBgn0032577,False,0.0,1.0,0.9751678312097548,True
FBgn0032582,False,0.0,1.0,0.9729268197209011,True
FBgn0032585,False,0.0,0.8571428571428571,0.9346436889593487,True
FBgn0032586,False,0.0,1.0,0.9732742254320552,True
FBgn0032587,False,0.0,1.0,0.9767678546963381,True
FBgn0032588,False,0.0,0.8571428571428571,0.9346926193412013,True
FBgn0032590,False,0.0,0.7142857142857143,0.6960836122365098,True
FBgn0032593,False,0.0,0.42857142857142855,0.7980055976356839,True
FBgn0032595,False,0.0,1.0,0.9477619243340575,True
FBgn0032596,False,0.0,1.0,0.9558158651870119,True
FBgn0032597,False,0.0,1.0,0.9725402697042648,True
FBgn0032598,False,0.0,1.0,0.9995302683342141,True
FBgn0032600,False,0.0,1.0,0.9320650578357114,True
FBgn0032601,False,0.0,1.0,0.9969858884778737,True
FBgn0032602,False,0.0,0.8571428571428571,0.8451744857416867,True
FBgn0032603,False,0.0,1.0,0.9918384123069697,True
FBgn0032609,False,0.0,1.0,0.9468420331552267,True
FBgn0032612,False,0.0,1.0,0.9582330260505353,True
FBgn0032613,False,0.0,0.7142857142857143,0.8159239034701427,True
FBgn0032614,False,0.0,1.0,0.9573914234826689,True
FBgn0032615,False,0.0,,0.9732742254320552,True
FBgn0032618,False,0.0,,0.9732742254320552,True
FBgn0032620,False,0.0,0.8571428571428571,0.8454289237273207,True
FBgn0032621,False,0.0,1.0,0.9719041747401796,True
FBgn0032622,False,0.0,1.0,0.9739592507779931,True
FBgn0032624,False,0.0,,0.9732742254320552,True
FBgn0032625,False,0.0,,0.9732742254320552,True
FBgn0032626,False,0.0,0.8571428571428571,0.9801636231969154,True
FBgn0032627,False,0.0,0.8571428571428571,0.9473460160883096,True
FBgn0032629,False,0.0,1.0,0.9390621024406475,True
FBgn0032631,False,0.0,0.8571428571428571,0.9801636231969154,True
FBgn0032632,False,0.0,,0.9732742254320552,True
FBgn0032633,False,0.0,0.42857142857142855,0.8501360264615505,True
FBgn0032634,False,0.0,0.7142857142857143,0.836445305619165,True
FBgn0032635,False,0.0,1.0,0.9984146556279725,True
FBgn0032636,False,0.0,0.7142857142857143,0.902354529974752,True
FBgn0032637,False,0.0,0.8571428571428571,0.8946626739475074,True
FBgn0032638,False,0.0,1.0,0.9995791987160668,True
FBgn0032639,False,0.0,0.7142857142857143,0.8524846847904801,True
FBgn0032640,False,0.0,1.0,0.9626367604172783,True
FBgn0032642,False,0.0,0.8571428571428571,0.8961990879376823,True
FBgn0032643,False,0.0,1.0,0.9678723112755172,True
FBgn0032644,False,0.0,0.8571428571428571,0.8972168398802184,True
FBgn0032645,False,0.0,1.0,0.9806137827099602,True
FBgn0032646,False,0.0,1.0,0.9419685671226978,True
FBgn0032647,False,0.0,0.8571428571428571,0.8728201514884623,True
FBgn0032648,False,0.0,0.8571428571428571,0.8903568003444698,True
FBgn0032649,False,0.0,0.8571428571428571,0.9446059147045583,True
FBgn0032650,False,0.0,,0.9732742254320552,True
FBgn0032651,False,0.0,,0.9732742254320552,True
FBgn0032652,False,0.0,0.7142857142857143,0.8964584189615016,True
FBgn0032654,False,0.0,,0.9732742254320552,True
FBgn0032655,False,0.0,1.0,0.931370246413403,True
FBgn0032656,False,0.0,0.5714285714285714,0.8269919558452234,True
FBgn0032658,False,0.0,0.8571428571428571,0.9577094709647114,True
FBgn0032660,False,0.0,1.0,0.9757501027538019,True
FBgn0032663,False,0.0,0.8571428571428571,0.9650881725480985,True
FBgn0032664,False,0.0,,0.9732742254320552,True
FBgn0032665,False,0.0,0.8571428571428571,0.9710283209050163,True
FBgn0032666,False,0.0,1.0,0.9757598888301724,True
FBgn0032668,False,0.0,1.0,0.9502084434266925,True
FBgn0032669,False,0.0,1.0,0.9736656684868769,True
FBgn0032670,False,0.0,1.0,0.9256943221184898,True
FBgn0032671,False,0.0,1.0,0.9243829878848374,True
FBgn0032673,False,0.0,0.8571428571428571,0.9650881725480985,True
FBgn0032677,False,0.0,,0.9732742254320552,True
FBgn0032679,False,0.0,0.7142857142857143,0.906650617501419,True
FBgn0032680,False,0.0,0.8571428571428571,0.8634940207073376,True
FBgn0032681,False,0.0,1.0,0.9958017732370383,True
FBgn0032682,False,0.0,0.42857142857142855,0.8590560350732978,True
FBgn0032683,False,0.0,0.8571428571428571,0.8538547354823557,True
FBgn0032684,False,0.0,0.8571428571428571,0.8893879787837864,True
FBgn0032685,False,0.0,1.0,0.9142837570704402,True
FBgn0032688,False,0.0,0.8571428571428571,0.9124439747127786,True
FBgn0032689,False,0.0,0.42857142857142855,0.8151997338187227,True
FBgn0032690,False,0.0,1.0,0.9539662967529798,True
FBgn0032691,False,0.0,1.0,0.9840389094396492,True
FBgn0032692,False,0.0,1.0,0.9898126944982678,True
FBgn0032693,False,0.0,1.0,0.9922787857436439,True
FBgn0032694,False,0.0,0.42857142857142855,0.8795627581077643,True
FBgn0032698,False,0.0,1.0,0.9935901199772963,True
FBgn0032699,False,0.0,1.0,0.9874151057874856,True
FBgn0032700,False,0.0,0.5714285714285714,0.8337345624645255,True
FBgn0032701,False,0.0,1.0,0.9736852406396179,True
FBgn0032702,False,0.0,0.7142857142857143,0.8692482336132151,True
FBgn0032703,False,0.0,0.5714285714285714,0.7964006811109154,True
FBgn0032704,False,0.0,1.0,0.897481063942223,True
FBgn0032705,False,0.0,1.0,0.954837257549958,True
FBgn0032706,False,0.0,0.5714285714285714,0.8460943769205175,True
FBgn0032707,False,0.0,1.0,0.9632728553813634,True
FBgn0032709,False,0.0,,0.9732742254320552,True
FBgn0032713,False,0.0,1.0,0.9704558354373397,True
FBgn0032715,False,0.0,0.7142857142857143,0.8067739220636878,True
FBgn0032717,False,0.0,1.0,0.9577535083083788,True
FBgn0032719,False,0.0,1.0,0.951304483980193,True
FBgn0032720,False,0.0,0.8571428571428571,0.9240209030591275,True
FBgn0032721,False,0.0,1.0,0.9662771808271191,True
FBgn0032723,False,0.0,0.8571428571428571,0.8654903802869278,True
FBgn0032724,False,0.0,0.42857142857142855,0.7759771397255983,True
FBgn0032725,False,0.0,0.8571428571428571,0.8647270663300257,True
FBgn0032726,False,0.0,1.0,0.9649462744407258,True
FBgn0032727,False,0.0,1.0,0.9869649462744408,True
FBgn0032728,False,0.0,0.8571428571428571,0.8196719707200595,True
FBgn0032729,False,0.0,1.0,0.9895386843598928,True
FBgn0032730,False,0.0,0.8571428571428571,0.8776153289100268,True
FBgn0032731,False,0.0,1.0,0.9746442761239309,True
FBgn0032732,False,0.0,1.0,0.9525962460611043,True
FBgn0032733,False,0.0,1.0,0.944092145695105,True
FBgn0032734,False,0.0,0.8571428571428571,0.9465533439022958,True
FBgn0032740,False,0.0,0.8571428571428571,0.9801636231969154,True
FBgn0032741,False,0.0,0.8571428571428571,0.9039888047286321,True
FBgn0032744,False,0.0,1.0,0.9683616150940442,True
FBgn0032746,False,0.0,1.0,0.9078445188186249,True
FBgn0032748,False,0.0,1.0,0.9784217016029593,True
FBgn0032749,False,0.0,0.7142857142857143,0.8143679173272268,True
FBgn0032750,False,0.0,1.0,0.9717084532127689,True
FBgn0032751,False,0.0,0.7142857142857143,0.8105904918481984,True
FBgn0032752,False,0.0,1.0,0.9892548881451471,True
FBgn0032753,False,0.0,0.8571428571428571,0.9378730941616269,True
FBgn0032754,False,0.0,1.0,0.9163975495664768,True
FBgn0032755,False,0.0,0.5714285714285714,0.8681473000215294,True
FBgn0032763,False,0.0,1.0,0.9550329790773687,True
FBgn0032768,False,0.0,,0.9732742254320552,True
FBgn0032769,False,0.0,,0.9732742254320552,True
FBgn0032770,False,0.0,1.0,0.9924745072710547,True
FBgn0032771,False,0.0,0.8571428571428571,0.9346436889593487,True
FBgn0032772,False,0.0,1.0,0.9945882997670914,True
FBgn0032773,False,0.0,1.0,0.9321727046757873,True
FBgn0032774,False,0.0,0.7142857142857143,0.7987395533634745,True
FBgn0032775,False,0.0,1.0,0.997553480907365,True
FBgn0032779,False,0.0,1.0,0.9497778560663888,True
FBgn0032780,False,0.0,1.0,0.9899692717201966,True
FBgn0032781,False,0.0,1.0,0.9310864501986573,True
FBgn0032782,False,0.0,1.0,0.9799776877458751,True
FBgn0032783,False,0.0,1.0,0.9603957489284246,True
FBgn0032785,False,0.0,1.0,0.9968195251795745,True
FBgn0032787,False,0.0,1.0,0.9305286438455366,True
FBgn0032788,False,0.0,1.0,0.9728925684536042,True
FBgn0032789,False,0.0,0.8571428571428571,0.8997318615074472,True
FBgn0032790,False,0.0,1.0,0.9576360753919324,True
FBgn0032791,False,0.0,1.0,0.9607186894486525,True
FBgn0032793,False,0.0,1.0,0.983980192981426,True
FBgn0032796,False,0.0,1.0,0.97625897872507,True
FBgn0032797,False,0.0,1.0,0.8904644471845459,True
FBgn0032798,False,0.0,1.0,0.9889613058540309,True
FBgn0032799,False,0.0,1.0,0.9660814592997083,True
FBgn0032800,False,0.0,1.0,0.9471747597518251,True
FBgn0032801,False,0.0,0.7142857142857143,0.8687785019474292,True
FBgn0032803,False,0.0,0.8571428571428571,0.911416436693872,True
FBgn0032804,False,0.0,1.0,0.9657878770085921,True
FBgn0032805,False,0.0,1.0,0.9752607989352748,True
FBgn0032808,False,0.0,1.0,0.9973773315326953,True
FBgn0032809,False,0.0,0.8571428571428571,0.9002015931732331,True
FBgn0032810,False,0.0,1.0,0.997083749241579,True
FBgn0032811,False,0.0,1.0,0.936987454250093,True
FBgn0032812,False,0.0,0.8571428571428571,0.8572602900593036,True
FBgn0032813,False,0.0,0.8571428571428571,0.9085099720118216,True
FBgn0032814,False,0.0,1.0,0.9485056661382185,True
FBgn0032815,False,0.0,1.0,0.9124048304072965,True
FBgn0032816,False,0.0,1.0,0.9646820503787211,True
FBgn0032817,False,0.0,1.0,0.9734797330358366,True
FBgn0032818,False,0.0,1.0,0.9844205664181003,True
FBgn0032819,False,0.0,1.0,0.9349421642886501,True
FBgn0032820,False,0.0,1.0,0.9982189341005617,True
FBgn0032821,False,0.0,1.0,0.9708668506449024,True
FBgn0032822,False,0.0,0.5714285714285714,0.7768383144462059,True
FBgn0032824,False,0.0,1.0,0.953080656841446,True
FBgn0032825,False,0.0,0.8571428571428571,0.9585461804943926,True
FBgn0032827,False,0.0,0.7142857142857143,0.9030493413970603,True
FBgn0032833,False,0.0,1.0,0.8997122893547062,True
FBgn0032834,False,0.0,0.8571428571428571,0.9650881725480985,True
FBgn0032835,False,0.0,1.0,0.9742185818018123,True
FBgn0032836,False,0.0,,0.9732742254320552,True
FBgn0032838,False,0.0,0.5714285714285714,0.880409253713816,True
FBgn0032839,False,0.0,0.8571428571428571,0.8597557395337914,True
FBgn0032840,False,0.0,0.5714285714285714,0.8360978999080109,True
FBgn0032843,False,0.0,0.7142857142857143,0.8049537118587673,True
FBgn0032845,False,0.0,1.0,0.9665805491946059,True
FBgn0032846,False,0.0,0.8571428571428571,0.9175327344254595,True
FBgn0032847,False,0.0,0.7142857142857143,0.8125379210459358,True
FBgn0032848,False,0.0,1.0,0.9382302859491516,True
FBgn0032849,False,0.0,1.0,0.9572348462607402,True
FBgn0032850,False,0.0,1.0,0.9819985125163917,True
FBgn0032851,False,0.0,0.8571428571428571,0.9445863425518173,True
FBgn0032853,False,0.0,0.8571428571428571,0.9801636231969154,True
FBgn0032856,False,0.0,1.0,0.9585657526471336,True
FBgn0032857,False,0.0,1.0,0.9657780909322217,True
FBgn0032858,False,0.0,1.0,0.9799287573640225,True
FBgn0032859,False,0.0,1.0,0.9946568023016852,True
FBgn0032860,False,0.0,0.8571428571428571,0.9598428356134892,True
FBgn0032863,False,0.0,1.0,0.9544262423423953,True
FBgn0032864,False,0.0,1.0,0.9249603663906993,True
FBgn0032865,False,0.0,,0.9732742254320552,True
FBgn0032867,False,0.0,,0.9732742254320552,True
FBgn0032868,False,0.0,0.8571428571428571,0.9445863425518173,True
FBgn0032869,False,0.0,0.8571428571428571,0.8909635370794434,True
FBgn0032870,False,0.0,0.7142857142857143,0.9018065096980017,True
FBgn0032871,False,0.0,1.0,0.9768657154600434,True
FBgn0032872,False,0.0,0.7142857142857143,0.9109467050280861,True
FBgn0032873,False,0.0,0.5714285714285714,0.8071262208130272,True
FBgn0032876,False,0.0,1.0,0.9520775840134656,True
FBgn0032877,False,0.0,1.0,0.9780009003190261,True
FBgn0032878,False,0.0,1.0,0.9695261581821385,True
FBgn0032879,False,0.0,1.0,0.9918579844597107,True
FBgn0032880,False,0.0,0.8571428571428571,0.8906601687119566,True
FBgn0032881,False,0.0,1.0,0.9968097391032039,True
FBgn0032882,False,0.0,1.0,0.9777856066388741,True
FBgn0032883,False,0.0,1.0,0.9741647583817744,True
FBgn0032884,False,0.0,1.0,0.9786957117413344,True
FBgn0032886,False,0.0,1.0,0.983089660031707,True
FBgn0032888,False,0.0,0.8571428571428571,0.9072279960072809,True
FBgn0032889,False,0.0,1.0,0.9507760358561839,True
FBgn0032891,False,0.0,1.0,0.9608165502123579,True
FBgn0032894,False,0.0,0.42857142857142855,0.8972755563384417,True
FBgn0032895,False,0.0,1.0,0.9690172822108704,True
FBgn0032896,False,0.0,0.8571428571428571,0.9577094709647114,True
FBgn0032897,False,0.0,1.0,0.9514806333548627,True
FBgn0032898,False,0.0,1.0,0.9405006556671168,True
FBgn0032899,False,0.0,1.0,0.9919558452234162,True
FBgn0032900,False,0.0,1.0,0.9971620378525434,True
FBgn0032901,False,0.0,0.8571428571428571,0.8827921633100425,True
FBgn0032904,False,0.0,1.0,0.9792241598653436,True
FBgn0032906,False,0.0,0.8571428571428571,0.9096157986416926,True
FBgn0032907,False,0.0,0.8571428571428571,0.9146849862016323,True
FBgn0032908,False,0.0,1.0,0.9918188401542286,True
FBgn0032910,False,0.0,1.0,0.9224844890689526,True
FBgn0032911,False,0.0,0.7142857142857143,0.835466697982111,True
FBgn0032913,False,0.0,1.0,0.9411171784784609,True
FBgn0032914,False,0.0,0.8571428571428571,0.9011459495429902,True
FBgn0032915,False,0.0,1.0,0.9835691777738633,True
FBgn0032916,False,0.0,0.5714285714285714,0.8273148963654513,True
FBgn0032919,False,0.0,1.0,0.9458144951363201,True
FBgn0032921,False,0.0,0.5714285714285714,0.7653103164817098,True
FBgn0032922,False,0.0,1.0,0.9670502808603918,True
FBgn0032923,False,0.0,1.0,0.975280371088016,True
FBgn0032924,False,0.0,0.42857142857142855,0.8379719335329693,True
FBgn0032925,False,0.0,1.0,0.9579883741412718,True
FBgn0032926,False,0.0,1.0,0.9786369952831112,True
FBgn0032929,False,0.0,1.0,0.9629890591666177,True
FBgn0032934,False,0.0,1.0,0.9880903450570528,True
FBgn0032935,False,0.0,1.0,0.9901649932476073,True
FBgn0032938,False,0.0,1.0,0.9811226586812284,True
FBgn0032940,False,0.0,1.0,0.9570782690388115,True
FBgn0032943,False,0.0,0.8571428571428571,0.8540700291625076,True
FBgn0032945,False,0.0,1.0,0.9431918266690154,True
FBgn0032946,False,0.0,0.8571428571428571,0.8640616131368289,True
FBgn0032949,False,0.0,0.5714285714285714,0.7655158240854911,True
FBgn0032955,False,0.0,0.8571428571428571,0.8430313350165385,True
FBgn0032956,False,0.0,1.0,0.989959485643826,True
FBgn0032957,False,0.0,1.0,0.9760143268158065,True
FBgn0032961,False,0.0,0.42857142857142855,0.7965181140273618,True
FBgn0032964,False,0.0,1.0,0.9653866478774,True
FBgn0032965,False,0.0,1.0,0.9538586499129039,True
FBgn0032966,False,0.0,,0.9732742254320552,True
FBgn0032967,False,0.0,1.0,0.9890004501595131,True
FBgn0032968,False,0.0,0.7142857142857143,0.8079678233808937,True
FBgn0032969,False,0.0,1.0,0.9500812244338754,True
FBgn0032971,False,0.0,,0.9732742254320552,True
FBgn0032972,False,0.0,1.0,0.9158005989078739,True
FBgn0032973,False,0.0,0.5714285714285714,0.8070772904311745,True
FBgn0032974,False,0.0,1.0,0.957322920948075,True
FBgn0032976,False,0.0,0.7142857142857143,0.899076194390621,True
FBgn0032978,False,0.0,0.5714285714285714,0.8139079717378115,True
FBgn0032979,False,0.0,1.0,0.9803397725715851,True
FBgn0032981,False,0.0,1.0,0.9731567925156087,True
FBgn0032986,False,0.0,0.7142857142857143,0.8030747851956237,True
FBgn0032987,False,0.0,0.7142857142857143,0.8345076624977982,True
FBgn0032988,False,0.0,0.5714285714285714,0.7187579511870511,True
FBgn0032997,False,0.0,1.0,0.9523809523809523,True
FBgn0033000,False,0.0,0.8571428571428571,0.8373162664161431,True
FBgn0033005,False,0.0,0.5714285714285714,0.6990781516058951,True
FBgn0033010,False,0.0,0.42857142857142855,0.653191239504433,True
FBgn0033015,False,0.0,0.7142857142857143,0.8288806685847376,True
FBgn0033017,False,0.0,0.5714285714285714,0.6977472452195017,True
FBgn0033019,False,0.0,0.7142857142857143,0.7209598183704226,True
FBgn0033020,False,0.0,0.8571428571428571,0.8992327716125497,True
FBgn0033021,False,0.0,0.8571428571428571,0.8273442545945628,True
FBgn0033027,False,0.0,1.0,0.9444053001389623,True
FBgn0033028,False,0.0,0.7142857142857143,0.8464858199753391,True
FBgn0033029,False,0.0,0.8571428571428571,0.9032646350772121,True
FBgn0033031,False,0.0,,0.9732742254320552,True
FBgn0033032,False,0.0,1.0,0.971131074706907,True
FBgn0033033,False,0.0,1.0,0.9935509756718142,True
FBgn0033038,False,0.0,1.0,0.9911338148082908,True
FBgn0033039,False,0.0,1.0,0.9247842170160296,True
FBgn0033041,False,0.0,1.0,0.9668496662947957,True
FBgn0033042,False,0.0,,0.9732742254320552,True
FBgn0033043,False,0.0,,0.9732742254320552,True
FBgn0033045,False,0.0,0.8571428571428571,0.9710283209050163,True
FBgn0033046,False,0.0,0.7142857142857143,0.8941929422817215,True
FBgn0033047,False,0.0,0.5714285714285714,0.8914675200125262,True
FBgn0033048,False,0.0,1.0,0.9649854187462079,True
FBgn0033049,False,0.0,0.5714285714285714,0.7798230677392206,True
FBgn0033050,False,0.0,1.0,0.9801636231969154,True
FBgn0033051,False,0.0,1.0,0.962812909791948,True
FBgn0033052,False,0.0,1.0,0.9669230618675748,True
FBgn0033054,False,0.0,1.0,0.9630673477775821,True
FBgn0033055,False,0.0,0.5714285714285714,0.8466423971972676,True
FBgn0033056,False,0.0,0.8571428571428571,0.9141271798485116,True
FBgn0033058,False,0.0,0.5714285714285714,0.8523819309885894,True
FBgn0033059,False,0.0,0.8571428571428571,0.9011312704284344,True
FBgn0033060,False,0.0,1.0,0.9557865069579004,True
FBgn0033061,False,0.0,1.0,0.938709803691308,True
FBgn0033062,False,0.0,0.42857142857142855,0.8092204411563229,True
FBgn0033063,False,0.0,1.0,0.9505998864815141,True
FBgn0033065,True,0.0,1.0,0.9999217113890357,False
FBgn0033067,False,0.0,,0.9732742254320552,True
FBgn0033068,False,0.0,0.7142857142857143,0.8249858101892626,True
FBgn0033069,False,0.0,0.8571428571428571,0.9689585657526472,True
FBgn0033072,False,0.0,1.0,0.9690368543636114,True
FBgn0033073,False,0.0,1.0,0.9301959172489382,True
FBgn0033074,False,0.0,1.0,0.9539858689057209,True
FBgn0033075,False,0.0,1.0,0.9818859726381305,True
FBgn0033076,False,0.0,0.8571428571428571,0.9473460160883096,True
FBgn0033079,False,0.0,1.0,0.9965455150411994,True
FBgn0033081,False,0.0,1.0,0.9558647955688646,True
FBgn0033083,False,0.0,1.0,0.9320944160648229,True
FBgn0033085,False,0.0,0.8571428571428571,0.9650881725480985,True
FBgn0033086,False,0.0,1.0,0.98196915428728,True
FBgn0033087,False,0.0,1.0,0.9741941166108861,True
FBgn0033088,False,0.0,1.0,0.9566183234493962,True
FBgn0033089,False,0.0,1.0,0.9865637171432485,True
FBgn0033090,False,0.0,1.0,0.9690074961344999,True
FBgn0033092,False,0.0,1.0,0.9510989763764116,True
FBgn0033093,False,0.0,0.5714285714285714,0.8115788855616229,True
FBgn0033095,False,0.0,1.0,0.9991388252793925,True
FBgn0033096,False,0.0,0.8571428571428571,0.9057307263225882,True
FBgn0033097,False,0.0,,0.9732742254320552,True
FBgn0033100,False,0.0,0.7142857142857143,0.8019689585657526,True
FBgn0033101,False,0.0,1.0,0.9624801831953497,True
FBgn0033104,False,0.0,0.7142857142857143,0.8167165756561564,True
FBgn0033107,False,0.0,1.0,0.9727359912316755,True
FBgn0033108,False,0.0,1.0,0.9804865637171433,True
FBgn0033109,False,0.0,1.0,0.9838431879122385,True
FBgn0033110,False,0.0,1.0,0.977257158514865,True
FBgn0033112,False,0.0,1.0,0.9795079560800892,True
FBgn0033113,False,0.0,1.0,0.9987180239954593,True
FBgn0033115,False,0.0,1.0,0.9954005441058462,True
FBgn0033117,False,0.0,1.0,0.9629499148611356,True
FBgn0033121,False,0.0,1.0,0.9678918834282583,True
FBgn0033122,False,0.0,0.8571428571428571,0.870931438748948,True
FBgn0033124,False,0.0,1.0,0.9615015755582956,True
FBgn0033127,False,0.0,1.0,0.9694380834948035,True
FBgn0033128,False,0.0,1.0,0.9957528428551856,True
FBgn0033129,False,0.0,1.0,0.9662967529798603,True
FBgn0033130,False,0.0,1.0,0.9700937506116297,True
FBgn0033131,False,0.0,0.7142857142857143,0.8524553265613685,True
FBgn0033132,False,0.0,1.0,0.9159082457479498,True
FBgn0033133,False,0.0,1.0,0.9721292544967021,True
FBgn0033134,False,0.0,1.0,0.9917111933141526,True
FBgn0033135,False,0.0,0.5714285714285714,0.8633276574090384,True
FBgn0033136,False,0.0,1.0,0.9856144677353063,True
FBgn0033137,False,0.0,0.5714285714285714,0.7504648386276007,True
FBgn0033138,False,0.0,1.0,0.9730980760573855,True
FBgn0033139,False,0.0,0.5714285714285714,0.9041111306832639,True
FBgn0033140,False,0.0,,0.9732742254320552,True
FBgn0033141,False,0.0,,0.9732742254320552,True
FBgn0033142,False,0.0,,0.9732742254320552,True
FBgn0033145,False,0.0,,0.9732742254320552,True
FBgn0033149,False,0.0,0.8571428571428571,0.9480310414342473,True
FBgn0033153,False,0.0,1.0,0.9975926252128472,True
FBgn0033154,False,0.0,0.7142857142857143,0.8974370265985556,True
FBgn0033155,False,0.0,1.0,0.9456579179143914,True
FBgn0033158,False,0.0,0.5714285714285714,0.9194752705850117,True
FBgn0033159,False,0.0,1.0,0.9338265515824086,True
FBgn0033160,False,0.0,1.0,0.9525864599847337,True
FBgn0033162,False,0.0,1.0,0.9734210165776134,True
FBgn0033164,False,0.0,0.7142857142857143,0.8838197013289492,True
FBgn0033165,False,0.0,0.42857142857142855,0.8666255651459104,True
FBgn0033166,False,0.0,0.8571428571428571,0.9097038733290275,True
FBgn0033167,False,0.0,,0.9732742254320552,True
FBgn0033168,False,0.0,,0.9732742254320552,True
FBgn0033169,False,0.0,0.7142857142857143,0.9042921730961189,True
FBgn0033170,False,0.0,1.0,0.9924353629655726,True
FBgn0033174,False,0.0,1.0,0.9732448672029437,True
FBgn0033177,False,0.0,0.42857142857142855,0.8072632258822148,True
FBgn0033178,False,0.0,1.0,0.9457753508308379,True
FBgn0033179,False,0.0,0.8571428571428571,0.8892607597909694,True
FBgn0033182,False,0.0,0.42857142857142855,0.8039555320689722,True
FBgn0033183,False,0.0,1.0,0.9790382244143033,True
FBgn0033184,False,0.0,1.0,0.9663652555144541,True
FBgn0033185,False,0.0,1.0,0.9787152838940756,True
FBgn0033186,False,0.0,1.0,0.9659444542305208,True
FBgn0033187,False,0.0,0.5714285714285714,0.8525531873250738,True
FBgn0033188,False,0.0,1.0,0.9971522517761728,True
FBgn0033189,False,0.0,1.0,0.9434169064255378,True
FBgn0033190,False,0.0,1.0,0.9446793102773374,True
FBgn0033191,False,0.0,1.0,0.9664141858963068,True
FBgn0033192,False,0.0,1.0,0.9807801460082595,True
FBgn0033194,False,0.0,1.0,0.9464995204822578,True
FBgn0033195,False,0.0,1.0,0.9760436850449181,True
FBgn0033196,False,0.0,1.0,0.9697023075568082,True
FBgn0033199,False,0.0,0.5714285714285714,0.8373162664161431,True
FBgn0033202,False,0.0,1.0,0.9594464995204822,True
FBgn0033203,False,0.0,0.8571428571428571,0.8730060869395024,True
FBgn0033204,False,0.0,1.0,0.9934433288317382,True
FBgn0033205,False,0.0,1.0,0.9917405515432642,True
FBgn0033206,False,0.0,1.0,0.9368015187990527,True
FBgn0033207,False,0.0,1.0,0.9744632337110759,True
FBgn0033208,False,0.0,1.0,0.980300628266103,True
FBgn0033209,False,0.0,1.0,0.9541326600512791,True
FBgn0033210,False,0.0,0.7142857142857143,0.9152036482492709,True
FBgn0033212,False,0.0,1.0,0.986553931066878,True
FBgn0033214,False,0.0,1.0,0.9323879983559391,True
FBgn0033215,False,0.0,1.0,0.9529583308868143,True
FBgn0033216,False,0.0,1.0,0.9606306147613176,True
FBgn0033221,False,0.0,1.0,0.9683518290176737,True
FBgn0033222,False,0.0,0.8571428571428571,0.8648934296283248,True
FBgn0033224,False,0.0,1.0,0.9856633981171589,True
FBgn0033225,False,0.0,1.0,0.9556886461941949,True
FBgn0033226,False,0.0,1.0,0.9678135948172939,True
FBgn0033229,False,0.0,1.0,0.9688607049889417,True
FBgn0033232,False,0.0,1.0,0.9687236999197542,True
FBgn0033233,False,0.0,0.8571428571428571,0.8754330338793964,True
FBgn0033234,False,0.0,1.0,0.9789110054214863,True
FBgn0033235,False,0.0,0.7142857142857143,0.8435597831405477,True
FBgn0033236,False,0.0,1.0,0.9598575147280449,True
FBgn0033238,False,0.0,0.5714285714285714,0.8244769342179947,True
FBgn0033240,False,0.0,1.0,0.9622355312860861,True
FBgn0033241,False,0.0,1.0,0.970044820229777,True
FBgn0033243,False,0.0,1.0,0.9878750513769009,True
FBgn0033244,False,0.0,0.42857142857142855,0.7704480065762433,True
FBgn0033246,False,0.0,1.0,0.9614135008709608,True
FBgn0033247,False,0.0,1.0,0.9626465464936489,True
FBgn0033248,False,0.0,0.8571428571428571,0.9650881725480985,True
FBgn0033249,False,0.0,,0.9732742254320552,True
FBgn0033250,False,0.0,,0.9732742254320552,True
FBgn0033252,False,0.0,0.5714285714285714,0.8183899947155188,True
FBgn0033257,False,0.0,1.0,0.9774235218131643,True
FBgn0033258,False,0.0,1.0,0.9611394907325856,True
FBgn0033259,False,0.0,1.0,0.9765036306343334,True
FBgn0033260,False,0.0,0.5714285714285714,0.8130565830935744,True
FBgn0033261,False,0.0,1.0,0.9572642044898518,True
FBgn0033264,False,0.0,0.5714285714285714,0.9026970426477208,True
FBgn0033265,False,0.0,0.42857142857142855,0.6937055956784687,True
FBgn0033266,False,0.0,1.0,0.9894310375198168,True
FBgn0033268,False,0.0,1.0,0.9985418746207896,True
FBgn0033269,False,0.0,1.0,0.9779128256316912,True
FBgn0033271,False,0.0,1.0,0.9193627307067505,True
FBgn0033272,False,0.0,0.7142857142857143,0.9013465641085863,True
FBgn0033273,False,0.0,1.0,0.947644491417611,True
FBgn0033274,False,0.0,1.0,0.9381226391090757,True
FBgn0033275,False,0.0,0.8571428571428571,0.9515246706985301,True
FBgn0033277,False,0.0,1.0,0.9905466502260584,True
FBgn0033278,False,0.0,0.8571428571428571,0.9627150490282426,True
FBgn0033279,False,0.0,0.8571428571428571,0.9585461804943926,True
FBgn0033280,False,0.0,,0.9732742254320552,True
FBgn0033282,False,0.0,1.0,0.96502456305169,True
FBgn0033283,False,0.0,1.0,0.954494744876989,True
FBgn0033285,False,0.0,0.7142857142857143,0.8921623314348345,True
FBgn0033286,False,0.0,0.42857142857142855,0.7278100718298005,True
FBgn0033287,False,0.0,0.8571428571428571,0.8935079169357838,True
FBgn0033288,False,0.0,1.0,0.9977100581292937,True
FBgn0033289,False,0.0,0.8571428571428571,0.9801636231969154,True
FBgn0033292,False,0.0,1.0,0.9973577593799542,True
FBgn0033294,False,0.0,1.0,0.9720167146184409,True
FBgn0033296,False,0.0,1.0,0.9448554596520071,True
FBgn0033297,False,0.0,0.42857142857142855,0.8972755563384417,True
FBgn0033301,False,0.0,0.5714285714285714,0.8665864208404283,True
FBgn0033302,False,0.0,1.0,0.9926212984166128,True
FBgn0033303,False,0.0,0.8571428571428571,0.9403000411015208,True
FBgn0033304,False,0.0,1.0,0.9341201338735248,True
FBgn0033307,False,0.0,1.0,0.9381764625291136,True
FBgn0033308,False,0.0,1.0,0.9657683048558511,True
FBgn0033309,False,0.0,0.8571428571428571,0.9066016871195662,True
FBgn0033310,False,0.0,1.0,0.9815532460415322,True
FBgn0033312,False,0.0,1.0,0.9700350341534065,True
FBgn0033313,False,0.0,1.0,0.9729317127590863,True
FBgn0033315,False,0.0,1.0,0.9400994265359247,True
FBgn0033316,False,0.0,0.7142857142857143,0.9004853893879788,True
FBgn0033317,False,0.0,1.0,0.9607676198305052,True
FBgn0033320,False,0.0,1.0,0.961961521147711,True
FBgn0033321,False,0.0,0.8571428571428571,0.8796019024132464,True
FBgn0033322,False,0.0,0.42857142857142855,0.8441029103791126,True
FBgn0033323,False,0.0,0.8571428571428571,0.9141271798485116,True
FBgn0033324,False,0.0,0.8571428571428571,0.9585461804943926,True
FBgn0033326,False,0.0,0.8571428571428571,0.9240209030591274,True
FBgn0033327,False,0.0,,0.9732742254320552,True
FBgn0033330,False,0.0,0.8571428571428571,0.9445863425518173,True
FBgn0033337,False,0.0,0.7142857142857143,0.874102127493003,True
FBgn0033339,False,0.0,1.0,0.964770125066056,True
FBgn0033340,False,0.0,0.7142857142857143,0.7939835202473919,True
FBgn0033341,False,0.0,0.7142857142857143,0.8731137337795785,True
FBgn0033342,False,0.0,1.0,0.9803495586479557,True
FBgn0033344,False,0.0,1.0,0.9846065018691406,True
FBgn0033347,False,0.0,0.8571428571428571,0.8709705830544301,True
FBgn0033348,False,0.0,1.0,0.945305619165052,True
FBgn0033349,False,0.0,0.5714285714285714,0.8894466952420097,True
FBgn0033350,False,0.0,1.0,0.9720705380384789,True
FBgn0033351,False,0.0,1.0,0.9676765897481064,True
FBgn0033352,False,0.0,0.8571428571428571,0.9435539114947253,True
FBgn0033353,False,0.0,1.0,0.9952439668839176,True
FBgn0033354,False,0.0,0.42857142857142855,0.7764762296204959,True
FBgn0033355,False,0.0,1.0,0.9665756561564207,True
FBgn0033356,False,0.0,1.0,0.9894603957489284,True
FBgn0033357,False,0.0,1.0,0.9767972129254496,True
FBgn0033358,False,0.0,1.0,0.9831385904135596,True
FBgn0033359,False,0.0,1.0,0.9969761024015031,True
FBgn0033362,False,0.0,1.0,0.9977981328166285,True
FBgn0033363,False,0.0,1.0,0.9970446049360969,True
FBgn0033364,False,0.0,1.0,0.9972794707689899,True
FBgn0033365,False,0.0,0.8571428571428571,0.9087105865774177,True
FBgn0033366,False,0.0,1.0,0.954113087898538,True
FBgn0033367,False,0.0,1.0,0.9996672734034017,True
FBgn0033368,False,0.0,1.0,0.999403049341397,True
FBgn0033369,False,0.0,,0.9732742254320552,True
FBgn0033371,False,0.0,1.0,0.9641144579492298,True
FBgn0033372,False,0.0,0.42857142857142855,0.7448084864854285,True
FBgn0033373,False,0.0,1.0,0.9632043528467696,True
FBgn0033374,False,0.0,1.0,0.9687139138433837,True
FBgn0033375,False,0.0,0.7142857142857143,0.8507134049674123,True
FBgn0033376,False,0.0,0.7142857142857143,0.8590217838060008,True
FBgn0033377,False,0.0,1.0,0.987023662732664,True
FBgn0033378,False,0.0,1.0,0.9700350341534065,True
FBgn0033379,False,0.0,1.0,0.9722858317186307,True
FBgn0033380,False,0.0,1.0,0.9443759419098506,True
FBgn0033381,False,0.0,1.0,0.9813281662850096,True
FBgn0033382,False,0.0,0.8571428571428571,0.8669974360479908,True
FBgn0033387,False,0.0,1.0,0.9864071399213199,True
FBgn0033388,False,0.0,1.0,0.9749574305677882,True
FBgn0033389,False,0.0,1.0,0.9437692051748772,True
FBgn0033391,False,0.0,0.7142857142857143,0.8852191102499364,True
FBgn0033392,False,0.0,0.5714285714285714,0.880825161959564,True
FBgn0033393,False,0.0,1.0,0.9261640537842757,True
FBgn0033395,False,0.0,1.0,0.9403930088270409,True
FBgn0033397,False,0.0,1.0,0.9688019885307185,True
FBgn0033400,False,0.0,1.0,0.929794688117746,True
FBgn0033401,False,0.0,1.0,0.963194566770399,True
FBgn0033402,False,0.0,1.0,0.9926995870275772,True
FBgn0033403,False,0.0,1.0,0.9783825572974771,True
FBgn0033404,False,0.0,0.8571428571428571,0.9689585657526472,True
FBgn0033405,False,0.0,0.7142857142857143,0.8471512731685358,True
FBgn0033408,False,0.0,1.0,0.9124146164836671,True
FBgn0033412,False,0.0,0.8571428571428571,0.8918932143346446,True
FBgn0033413,False,0.0,0.7142857142857143,0.878887518838197,True
FBgn0033421,False,0.0,1.0,0.9867594386706594,True
FBgn0033422,False,0.0,1.0,0.9505411700232909,True
FBgn0033423,False,0.0,1.0,0.988491574188245,True
FBgn0033426,False,0.0,1.0,0.9993932632650265,True
FBgn0033427,False,0.0,1.0,0.9676668036717359,True
FBgn0033428,False,0.0,1.0,0.9731567925156088,True
FBgn0033429,False,0.0,1.0,0.9894995400544105,True
FBgn0033431,False,0.0,1.0,0.9232086587203726,True
FBgn0033434,False,0.0,0.7142857142857143,0.8820190632767698,True
FBgn0033437,False,0.0,1.0,0.9675102264498072,True
FBgn0033438,False,0.0,1.0,0.9669132757912042,True
FBgn0033439,False,0.0,0.8571428571428571,0.9480310414342473,True
FBgn0033440,False,0.0,0.8571428571428571,0.9473460160883096,True
FBgn0033442,False,0.0,1.0,0.9566134304112109,True
FBgn0033443,False,0.0,0.8571428571428571,0.9323684262031982,True
FBgn0033446,False,0.0,1.0,0.9989724619810934,True
FBgn0033447,False,0.0,1.0,0.9027459730295735,True
FBgn0033448,False,0.0,1.0,0.9950188871273952,True
FBgn0033449,False,0.0,1.0,0.9687139138433837,True
FBgn0033450,False,0.0,0.8571428571428571,0.834576165032392,True
FBgn0033451,False,0.0,1.0,0.9785195623666647,True
FBgn0033452,False,0.0,1.0,0.973450374806725,True
FBgn0033453,False,0.0,1.0,0.9637817313526315,True
FBgn0033454,False,0.0,1.0,0.921094866224336,True
FBgn0033457,False,0.0,1.0,0.9501105826629871,True
FBgn0033458,False,0.0,1.0,0.998532088544419,True
FBgn0033459,False,0.0,1.0,0.9801929814260271,True
FBgn0033460,False,0.0,1.0,0.9671579277004678,True
FBgn0033461,False,0.0,1.0,0.9833294189027851,True
FBgn0033463,False,0.0,0.5714285714285714,0.8706867868396845,True
FBgn0033464,False,0.0,1.0,0.9537656821873838,True
FBgn0033465,False,0.0,1.0,0.9817489675689429,True
FBgn0033466,False,0.0,1.0,0.972833851995381,True
FBgn0033467,False,0.0,0.5714285714285714,0.6960738261601394,True
FBgn0033468,False,0.0,0.5714285714285714,0.8401738007163408,True
FBgn0033469,False,0.0,0.8571428571428571,0.8764116415164503,True
FBgn0033471,False,0.0,0.7142857142857143,0.8644726283443915,True
FBgn0033473,False,0.0,1.0,0.9715323038380992,True
FBgn0033474,False,0.0,0.5714285714285714,0.8517409429863191,True
FBgn0033475,False,0.0,1.0,0.9601315248664201,True
FBgn0033476,False,0.0,0.8571428571428571,0.9127277709275243,True
FBgn0033477,False,0.0,0.7142857142857143,0.7941890278511734,True
FBgn0033478,False,0.0,1.0,0.9921124224453448,True
FBgn0033479,False,0.0,1.0,0.9354021098780655,True
FBgn0033480,False,0.0,1.0,0.9551797702229268,True
FBgn0033481,False,0.0,1.0,0.9882077779734993,True
FBgn0033482,False,0.0,0.8571428571428571,0.925713894271231,True
FBgn0033483,False,0.0,1.0,0.9900279881784197,True
FBgn0033484,False,0.0,1.0,0.985086019611297,True
FBgn0033485,False,0.0,1.0,0.9723836924823361,True
FBgn0033486,False,0.0,0.8571428571428571,0.8934687726303016,True
FBgn0033490,False,0.0,1.0,0.9464603761767757,True
FBgn0033491,False,0.0,0.5714285714285714,0.8077133853952596,True
FBgn0033494,False,0.0,0.7142857142857143,0.8779578415829957,True
FBgn0033495,False,0.0,1.0,0.9997357759379955,True
FBgn0033497,False,0.0,0.8571428571428571,0.9411905740512398,True
FBgn0033498,False,0.0,0.8571428571428571,0.9186043097880335,True
FBgn0033499,False,0.0,1.0,0.9332296009238056,True
FBgn0033500,False,0.0,1.0,0.8994872095981837,True
FBgn0033501,False,0.0,0.7142857142857143,0.831043391462627,True
FBgn0033502,False,0.0,1.0,0.9976219834419587,True
FBgn0033504,False,0.0,1.0,0.997807918892999,True
FBgn0033507,False,0.0,0.8571428571428571,0.9188440686591118,True
FBgn0033508,False,0.0,1.0,0.9728729963008631,True
FBgn0033512,False,0.0,,0.9732742254320552,True
FBgn0033513,False,0.0,,0.9732742254320552,True
FBgn0033515,False,0.0,,0.9732742254320552,True
FBgn0033516,False,0.0,,0.9732742254320552,True
FBgn0033517,False,0.0,1.0,0.9695750885639911,True
FBgn0033518,False,0.0,1.0,0.994128354177676,True
FBgn0033519,False,0.0,1.0,0.9132562190515334,True
FBgn0033520,False,0.0,1.0,0.9771984420566419,True
FBgn0033521,False,0.0,0.8571428571428571,0.8712739514219169,True
FBgn0033523,False,0.0,0.8571428571428571,0.8829878848374533,True
FBgn0033524,False,0.0,1.0,0.9946763744544262,True
FBgn0033526,False,0.0,1.0,0.9713757266161706,True
FBgn0033527,False,0.0,1.0,0.9494059851643082,True
FBgn0033528,False,0.0,1.0,0.9704460493609692,True
FBgn0033529,False,0.0,1.0,0.9555516411250073,True
FBgn0033538,False,0.0,1.0,0.9911533869610318,True
FBgn0033539,False,0.0,1.0,0.9902530679349422,True
FBgn0033540,False,0.0,1.0,0.95777308046112,True
FBgn0033541,False,0.0,1.0,0.9979644961149277,True
FBgn0033542,False,0.0,1.0,0.9759409312430274,True
FBgn0033543,False,0.0,1.0,0.9533302017888947,True
FBgn0033544,False,0.0,0.5714285714285714,0.7550349362926428,True
FBgn0033547,False,0.0,0.7142857142857143,0.8388135361008358,True
FBgn0033548,False,0.0,0.8571428571428571,0.8582193255436166,True
FBgn0033549,False,0.0,0.8571428571428571,0.911073924020903,True
FBgn0033550,False,0.0,1.0,0.9461765799620301,True
FBgn0033551,False,0.0,0.8571428571428571,0.9086371910046386,True
FBgn0033554,False,0.0,1.0,0.9591431311529955,True
FBgn0033555,False,0.0,0.8571428571428571,0.863699528311119,True
FBgn0033556,False,0.0,1.0,0.963556651596109,True
FBgn0033557,False,0.0,1.0,0.9856829702699,True
FBgn0033558,False,0.0,0.7142857142857143,0.8641496878241637,True
FBgn0033562,False,0.0,1.0,0.9758479635175072,True
FBgn0033564,False,0.0,,0.9732742254320552,True
FBgn0033566,False,0.0,1.0,0.9608948388233222,True
FBgn0033569,False,0.0,0.8571428571428571,0.931477893253479,True
FBgn0033570,False,0.0,0.8571428571428571,0.9105356898205234,True
FBgn0033571,False,0.0,0.7142857142857143,0.8796019024132464,True
FBgn0033572,False,0.0,0.8571428571428571,0.9650881725480985,True
FBgn0033573,False,0.0,0.8571428571428571,0.9346436889593487,True
FBgn0033574,False,0.0,1.0,0.9669377409821306,True
FBgn0033578,False,0.0,1.0,0.9123656861018143,True
FBgn0033579,False,0.0,1.0,0.9688704910653123,True
FBgn0033580,False,0.0,0.8571428571428571,0.9801636231969154,True
FBgn0033581,False,0.0,1.0,0.9855655373534535,True
FBgn0033582,False,0.0,1.0,0.9728729963008631,True
FBgn0033584,False,0.0,1.0,0.981279235903157,True
FBgn0033587,False,0.0,,0.9732742254320552,True
FBgn0033588,False,0.0,0.8571428571428571,0.9473460160883096,True
FBgn0033589,False,0.0,,0.9732742254320552,True
FBgn0033590,False,0.0,0.8571428571428571,0.9585461804943926,True
FBgn0033591,False,0.0,,0.9732742254320552,True
FBgn0033592,False,0.0,1.0,0.9700594993443329,True
FBgn0033593,False,0.0,0.8571428571428571,0.9446695242009668,True
FBgn0033594,False,0.0,,0.9732742254320552,True
FBgn0033597,False,0.0,,0.9732742254320552,True
FBgn0033598,False,0.0,1.0,0.9692766132346897,True
FBgn0033599,False,0.0,,0.9732742254320552,True
FBgn0033600,False,0.0,,0.9732742254320552,True
FBgn0033601,False,0.0,,0.9732742254320552,True
FBgn0033602,False,0.0,0.8571428571428571,0.9023594230129373,True
FBgn0033603,False,0.0,0.8571428571428571,0.9473460160883096,True
FBgn0033605,False,0.0,0.5714285714285714,0.7859882958526608,True
FBgn0033607,False,0.0,1.0,0.9617657996203003,True
FBgn0033608,False,0.0,0.8571428571428571,0.891100542148631,True
FBgn0033609,False,0.0,1.0,0.9801440510441743,True
FBgn0033610,False,0.0,0.7142857142857143,0.850165384690662,True
FBgn0033614,False,0.0,,0.9732742254320552,True
FBgn0033615,False,0.0,0.7142857142857143,0.829448261014229,True
FBgn0033616,False,0.0,1.0,0.9869453741216997,True
FBgn0033623,False,0.0,0.8571428571428571,0.9346436889593487,True
FBgn0033624,False,0.0,1.0,0.9845575714872878,True
FBgn0033627,False,0.0,1.0,0.9098702366273267,True
FBgn0033628,False,0.0,0.8571428571428571,0.893351339713855,True
FBgn0033629,False,0.0,,0.9732742254320552,True
FBgn0033631,False,0.0,1.0,0.9656019415575519,True
FBgn0033633,False,0.0,1.0,0.9513142700565635,True
FBgn0033635,False,0.0,1.0,0.999383477188656,True
FBgn0033636,False,0.0,0.5714285714285714,0.8440295148063335,True
FBgn0033638,False,0.0,0.7142857142857143,0.8694928855224786,True
FBgn0033639,False,0.0,0.8571428571428571,0.9045466110817528,True
FBgn0033640,False,0.0,0.5714285714285714,0.8749828743663516,True
FBgn0033644,False,0.0,0.7142857142857143,0.7163701485526393,True
FBgn0033645,False,0.0,1.0,0.9703971189791165,True
FBgn0033648,False,0.0,0.8571428571428571,0.9271377683831444,True
FBgn0033649,False,0.0,1.0,0.9964476542774939,True
FBgn0033650,False,0.0,0.8571428571428571,0.9801636231969154,True
FBgn0033651,False,0.0,0.8571428571428571,0.9473460160883096,True
FBgn0033652,False,0.0,1.0,0.9553167752921143,True
FBgn0033653,False,0.0,1.0,0.9236588182334174,True
FBgn0033654,False,0.0,1.0,0.9763470534124048,True
FBgn0033656,False,0.0,1.0,0.9423795823302605,True
FBgn0033657,False,0.0,0.5714285714285714,0.7863308085256298,True
FBgn0033658,False,0.0,0.8571428571428571,0.9346436889593487,True
FBgn0033659,False,0.0,1.0,0.940285361986965,True
FBgn0033661,False,0.0,1.0,0.9689389935999061,True
FBgn0033663,False,0.0,1.0,0.9839704069050556,True
FBgn0033665,False,0.0,1.0,0.9739103203961403,True
FBgn0033667,False,0.0,0.8571428571428571,0.9351868161979136,True
FBgn0033668,False,0.0,0.8571428571428571,0.8336954181590432,True
FBgn0033669,False,0.0,1.0,0.9749965748732703,True
FBgn0033672,False,0.0,1.0,0.9886579374865442,True
FBgn0033673,False,0.0,0.5714285714285714,0.8685436361145362,True
FBgn0033674,False,0.0,1.0,0.9511870510637465,True
FBgn0033677,False,0.0,1.0,0.9864854285322843,True
FBgn0033679,False,0.0,0.8571428571428571,0.9546806803280293,True
FBgn0033680,False,0.0,,0.9732742254320552,True
FBgn0033683,False,0.0,1.0,0.9675983011371421,True
FBgn0033685,False,0.0,1.0,0.9550623373064804,True
FBgn0033686,False,0.0,0.8571428571428571,0.8976963576223749,True
FBgn0033687,False,0.0,1.0,0.9122678253381089,True
FBgn0033688,False,0.0,0.2857142857142857,0.833127825729552,True
FBgn0033690,False,0.0,0.7142857142857143,0.8302800775057249,True
FBgn0033691,False,0.0,0.8571428571428571,0.8079482512281526,True
FBgn0033692,False,0.0,0.7142857142857143,0.8772043137024641,True
FBgn0033693,False,0.0,,0.9732742254320552,True
FBgn0033696,False,0.0,1.0,0.9746051318184488,True
FBgn0033697,False,0.0,1.0,0.9675983011371421,True
FBgn0033698,False,0.0,1.0,0.9682833264830799,True
FBgn0033699,False,0.0,1.0,0.9492298357896385,True
FBgn0033701,False,0.0,,0.9732742254320552,True
FBgn0033702,False,0.0,1.0,0.9935705478245552,True
FBgn0033703,False,0.0,,0.9732742254320552,True
FBgn0033704,False,0.0,,0.9732742254320552,True
FBgn0033705,False,0.0,1.0,0.949220049713268,True
FBgn0033706,False,0.0,1.0,0.9227780713600688,True
FBgn0033707,False,0.0,1.0,0.9657878770085921,True
FBgn0033708,False,0.0,0.8571428571428571,0.9710283209050163,True
FBgn0033710,False,0.0,0.8571428571428571,0.8900730041297242,True
FBgn0033712,False,0.0,0.8571428571428571,0.9032744211535827,True
FBgn0033713,False,0.0,1.0,0.9572054880316286,True
FBgn0033714,False,0.0,1.0,0.9587027577163212,True
FBgn0033715,False,0.0,1.0,0.9846847904801049,True
FBgn0033716,False,0.0,1.0,0.9877576184604545,True
FBgn0033717,False,0.0,1.0,0.9678233808936645,True
FBgn0033718,False,0.0,0.7142857142857143,0.8387841778717241,True
FBgn0033720,False,0.0,1.0,0.9935216174427025,True
FBgn0033721,False,0.0,1.0,0.9624067876225706,True
FBgn0033723,False,0.0,0.5714285714285714,0.8963997025032784,True
FBgn0033724,False,0.0,1.0,0.9994813379523614,True
FBgn0033725,False,0.0,1.0,0.9939717769557473,True
FBgn0033726,False,0.0,,0.9732742254320552,True
FBgn0033727,False,0.0,,0.9732742254320552,True
FBgn0033728,False,0.0,0.8571428571428571,0.9045221458908265,True
FBgn0033729,False,0.0,0.8571428571428571,0.9585461804943926,True
FBgn0033730,False,0.0,1.0,0.9226459593290666,True
FBgn0033731,False,0.0,,0.9732742254320552,True
FBgn0033732,False,0.0,,0.9732742254320552,True
FBgn0033733,False,0.0,1.0,0.9900279881784197,True
FBgn0033734,False,0.0,0.7142857142857143,0.8718513299277788,True
FBgn0033735,False,0.0,1.0,0.9525668878319926,True
FBgn0033736,False,0.0,1.0,0.9328283717926135,True
FBgn0033737,False,0.0,1.0,0.9676570175953653,True
FBgn0033738,False,0.0,1.0,0.9885502906464682,True
FBgn0033739,False,0.0,1.0,0.9406474468126749,True
FBgn0033740,False,0.0,0.8571428571428571,0.8722134147534888,True
FBgn0033741,False,0.0,0.42857142857142855,0.8235668291155345,True
FBgn0033742,False,0.0,0.7142857142857143,0.8769156244495332,True
FBgn0033744,False,0.0,0.8571428571428571,0.7834047716908383,True
FBgn0033748,False,0.0,1.0,0.910075744231108,True
FBgn0033749,False,0.0,1.0,0.9248722917033645,True
FBgn0033750,False,0.0,1.0,0.9633315718395866,True
FBgn0033751,False,0.0,1.0,0.9784999902139236,True
FBgn0033752,False,0.0,1.0,0.9763470534124048,True
FBgn0033753,False,0.0,1.0,0.9747861742313038,True
FBgn0033754,False,0.0,1.0,0.951921006791537,True
FBgn0033755,False,0.0,0.8571428571428571,0.8725950717319398,True
FBgn0033756,False,0.0,1.0,0.9433973342727967,True
FBgn0033757,False,0.0,1.0,0.9476151331884994,True
FBgn0033760,False,0.0,1.0,0.9946959466071673,True
FBgn0033761,False,0.0,1.0,0.9704851936664514,True
FBgn0033762,False,0.0,0.8571428571428571,0.9102421075294072,True
FBgn0033763,False,0.0,1.0,0.9900182021020492,True
FBgn0033764,True,0.14285714285714285,1.0,0.9999608556945179,False
FBgn0033765,False,0.0,1.0,0.9623333920497916,True
FBgn0033766,False,0.0,0.7142857142857143,0.8426496780380874,True
FBgn0033767,False,0.0,1.0,0.9425165873994481,True
FBgn0033769,False,0.0,1.0,0.9881392754389056,True
FBgn0033770,False,0.0,0.8571428571428571,0.9391306049752413,True
FBgn0033773,False,0.0,0.5714285714285714,0.8329908206603645,True
FBgn0033774,False,0.0,0.7142857142857143,0.8558510950619459,True
FBgn0033775,True,0.0,1.0,0.9997553480907365,False
FBgn0033777,False,0.0,1.0,0.9955766934805159,True
FBgn0033778,False,0.0,0.5714285714285714,0.8491965631299787,True
FBgn0033781,False,0.0,1.0,0.9789501497269685,True
FBgn0033782,False,0.0,1.0,0.9994128354177676,True
FBgn0033783,False,0.0,0.7142857142857143,0.8758734073160707,True
FBgn0033784,False,0.0,1.0,0.9609437692051749,True
FBgn0033785,False,0.0,1.0,0.9879631260642359,True
FBgn0033786,False,0.0,1.0,0.965983598536003,True
FBgn0033787,False,0.0,0.5714285714285714,0.7392108508014796,True
FBgn0033788,False,0.0,1.0,0.9735041982267629,True
FBgn0033789,False,0.0,,0.9732742254320552,True
FBgn0033791,False,0.0,0.5714285714285714,0.868049439257824,True
FBgn0033792,False,0.0,1.0,0.9526989998629949,True
FBgn0033793,False,0.0,1.0,0.9445423052081499,True
FBgn0033794,False,0.0,1.0,0.9235756365842679,True
FBgn0033798,False,0.0,0.7142857142857143,0.8145244945491554,True
FBgn0033799,False,0.0,0.8571428571428571,0.8956804258900436,True
FBgn0033802,False,0.0,1.0,0.9671872859295794,True
FBgn0033806,False,0.0,0.5714285714285714,0.7739612079932672,True
FBgn0033807,False,0.0,1.0,0.9816706789579785,True
FBgn0033808,False,0.0,1.0,0.9313017438788093,True
FBgn0033809,False,0.0,1.0,0.9816706789579785,True
FBgn0033810,False,0.0,1.0,0.9298534045759693,True
FBgn0033812,False,0.0,1.0,0.9620300236823048,True
FBgn0033813,False,0.0,1.0,0.9621474565987513,True
FBgn0033814,False,0.0,1.0,0.9703775468263754,True
FBgn0033815,False,0.0,1.0,0.986916015892588,True
FBgn0033816,False,0.0,0.5714285714285714,0.849744583406729,True
FBgn0033817,False,0.0,0.8571428571428571,0.9094151840760966,True
FBgn0033818,False,0.0,0.8571428571428571,0.9710283209050163,True
FBgn0033819,False,0.0,1.0,0.9622453173624567,True
FBgn0033820,False,0.0,0.7142857142857143,0.8488149061515275,True
FBgn0033821,False,0.0,1.0,0.9850273031530739,True
FBgn0033826,False,0.0,0.7142857142857143,0.8715919989039594,True
FBgn0033827,False,0.0,1.0,0.9624899692717203,True
FBgn0033828,False,0.0,0.8571428571428571,0.9480310414342473,True
FBgn0033830,False,0.0,0.7142857142857143,0.8531990683655295,True
FBgn0033831,False,0.0,,0.9732742254320552,True
FBgn0033832,False,0.0,,0.9732742254320552,True
FBgn0033834,False,0.0,0.8571428571428571,0.9198813927543891,True
FBgn0033835,False,0.0,,0.9732742254320552,True
FBgn0033836,False,0.0,1.0,0.8865695887890709,True
FBgn0033842,False,0.0,0.42857142857142855,0.7842855185641868,True
FBgn0033844,False,0.0,1.0,0.9874836083220794,True
FBgn0033845,False,0.0,1.0,0.9612960679545143,True
FBgn0033846,False,0.0,1.0,0.951558921965827,True
FBgn0033848,False,0.0,,0.9732742254320552,True
FBgn0033850,False,0.0,0.5714285714285714,0.8260916368191338,True
FBgn0033851,False,0.0,,0.9732742254320552,True
FBgn0033853,False,0.0,1.0,0.9749965748732703,True
FBgn0033855,False,0.0,1.0,0.9479282876323567,True
FBgn0033856,False,0.0,0.8571428571428571,0.9689585657526472,True
FBgn0033857,False,0.0,1.0,0.9970054606306148,True
FBgn0033859,False,0.0,1.0,0.9760730432740297,True
FBgn0033860,False,0.0,1.0,0.9795911377292388,True
FBgn0033861,False,0.0,,0.9732742254320552,True
FBgn0033862,False,0.0,1.0,0.9525228504883252,True
FBgn0033863,False,0.0,0.8571428571428571,0.9225383124889907,True
FBgn0033864,False,0.0,1.0,0.9685230853541581,True
FBgn0033865,False,0.0,1.0,0.964642906073239,True
FBgn0033866,False,0.0,1.0,0.9700594993443329,True
FBgn0033867,False,0.0,1.0,0.958154737439571,True
FBgn0033868,False,0.0,,0.9732742254320552,True
FBgn0033869,False,0.0,1.0,0.9150079267218602,True
FBgn0033871,False,0.0,0.7142857142857143,0.8083592664357153,True
FBgn0033872,False,0.0,1.0,0.9712974380052062,True
FBgn0033873,False,0.0,0.8571428571428571,0.9001428767150099,True
FBgn0033874,False,0.0,1.0,0.9451686140958644,True
FBgn0033875,False,0.0,0.8571428571428571,0.8717730413168144,True
FBgn0033876,False,0.0,1.0,0.9661988922161548,True
FBgn0033879,False,0.0,0.8571428571428571,0.9034309983755113,True
FBgn0033880,False,0.0,1.0,0.9608165502123579,True
FBgn0033882,False,0.0,1.0,0.9704558354373397,True
FBgn0033883,False,0.0,1.0,0.9614820034055546,True
FBgn0033884,False,0.0,1.0,0.9523515941518408,True
FBgn0033885,False,0.0,1.0,0.9548666157790696,True
FBgn0033886,False,0.0,1.0,0.9328479439453545,True
FBgn0033887,False,0.0,1.0,0.9510304738418178,True
FBgn0033888,False,0.0,1.0,0.9818566144090188,True
FBgn0033889,False,0.0,0.5714285714285714,0.8873231166696025,True
FBgn0033890,False,0.0,1.0,0.9740375393889574,True
FBgn0033891,False,0.0,1.0,0.9599358033390092,True
FBgn0033893,False,0.0,0.5714285714285714,0.8100522576478186,True
FBgn0033897,False,0.0,1.0,0.9621866009042335,True
FBgn0033899,False,0.0,1.0,0.9289530855498797,True
FBgn0033900,False,0.0,0.8571428571428571,0.8728397236412033,True
FBgn0033901,False,0.0,1.0,0.9745953457420782,True
FBgn0033902,False,0.0,0.8571428571428571,0.8945941714129136,True
FBgn0033903,False,0.0,1.0,0.9434266925019082,True
FBgn0033904,False,0.0,0.42857142857142855,0.8221576341181767,True
FBgn0033905,False,0.0,1.0,0.9773256610494588,True
FBgn0033906,False,0.0,1.0,0.951412130820269,True
FBgn0033907,False,0.0,1.0,0.9227584992073279,True
FBgn0033911,False,0.0,0.5714285714285714,0.8709754760926154,True
FBgn0033912,False,0.0,1.0,0.9197737459143132,True
FBgn0033913,True,0.0,1.0,0.9996085569451784,False
FBgn0033915,False,0.0,1.0,0.9702698999862995,True
FBgn0033916,False,0.0,0.8571428571428571,0.9356174035582173,True
FBgn0033917,False,0.0,1.0,0.9751629381715695,True
FBgn0033918,False,0.0,1.0,0.9894506096725579,True
FBgn0033919,False,0.0,1.0,0.9535063511635645,True
FBgn0033921,False,0.0,0.7142857142857143,0.8246432975162938,True
FBgn0033924,False,0.0,1.0,0.9943142896287163,True
FBgn0033925,False,0.0,1.0,0.9742332609163682,True
FBgn0033926,False,0.0,1.0,0.9958213453897794,True
FBgn0033927,False,0.0,1.0,0.9681952517957451,True
FBgn0033928,False,0.0,1.0,0.9551895562992974,True
FBgn0033929,False,0.0,1.0,0.9594856438259645,True
FBgn0033931,False,0.0,0.8571428571428571,0.9016107881705909,True
FBgn0033932,False,0.0,1.0,0.950961971307224,True
FBgn0033933,False,0.0,,0.9732742254320552,True
FBgn0033934,False,0.0,1.0,0.9503943788777328,True
FBgn0033935,False,0.0,0.5714285714285714,0.8859628520540974,True
FBgn0033936,False,0.0,0.8571428571428571,0.8907482433992915,True
FBgn0033937,False,0.0,0.8571428571428571,0.9445863425518173,True
FBgn0033938,False,0.0,,0.9732742254320552,True
FBgn0033939,False,0.0,0.42857142857142855,0.8542755367662889,True
FBgn0033942,False,0.0,0.8571428571428571,0.887352474898714,True
FBgn0033943,False,0.0,1.0,0.9903607147750181,True
FBgn0033945,False,0.0,0.8571428571428571,0.8246432975162938,True
FBgn0033948,False,0.0,0.7142857142857143,0.8427964691836456,True
FBgn0033949,False,0.0,1.0,0.9863484234630967,True
FBgn0033950,False,0.0,,0.9732742254320552,True
FBgn0033951,False,0.0,0.5714285714285714,0.8582780420018398,True
FBgn0033952,False,0.0,,0.9732742254320552,True
FBgn0033953,False,0.0,0.8571428571428571,0.9689585657526472,True
FBgn0033954,False,0.0,,0.9732742254320552,True
FBgn0033955,False,0.0,,0.9732742254320552,True
FBgn0033957,False,0.0,,0.9732742254320552,True
FBgn0033958,False,0.0,0.8571428571428571,0.8842062513455855,True
FBgn0033960,False,0.0,1.0,0.9317714755445952,True
FBgn0033961,False,0.0,1.0,0.9620789540641576,True
FBgn0033962,False,0.0,1.0,0.9617951578494118,True
FBgn0033963,False,0.0,1.0,0.9629009844792829,True
FBgn0033968,False,0.0,1.0,0.9669377409821306,True
FBgn0033969,False,0.0,0.8571428571428571,0.9650881725480985,True
FBgn0033970,False,0.0,0.8571428571428571,0.9094151840760966,True
FBgn0033971,False,0.0,0.8571428571428571,0.9183547648405849,True
FBgn0033972,False,0.0,1.0,0.9649756326698373,True
FBgn0033973,False,0.0,0.5714285714285714,0.8133305932319496,True
FBgn0033978,False,0.0,1.0,0.9297163995067818,True
FBgn0033979,False,0.0,0.7142857142857143,0.8859139216722447,True
FBgn0033980,False,0.0,0.8571428571428571,0.8810893860215685,True
FBgn0033981,False,0.0,1.0,0.9556788601178243,True
FBgn0033982,False,0.0,1.0,0.9778345370207269,True
FBgn0033983,False,0.0,1.0,0.9722417943749633,True
FBgn0033984,False,0.0,1.0,0.9697316657859198,True
FBgn0033985,False,0.0,0.5714285714285714,0.8477531168653241,True
FBgn0033987,False,0.0,1.0,0.9611492768089562,True
FBgn0033988,False,0.0,1.0,0.9386510872330848,True
FBgn0033989,False,0.0,1.0,0.9690368543636114,True
FBgn0033990,False,0.0,0.8571428571428571,0.9018652261562249,True
FBgn0033993,False,0.0,0.5714285714285714,0.7785215195819388,True
FBgn0033994,False,0.0,1.0,0.9549449043900339,True
FBgn0033995,False,0.0,0.42857142857142855,0.7106648660286146,True
FBgn0033996,False,0.0,0.8571428571428571,0.8621631143209442,True
FBgn0033997,False,0.0,0.7142857142857143,0.9024328185857162,True
FBgn0033998,False,0.0,1.0,0.9594856438259645,True
FBgn0033999,False,0.0,0.8571428571428571,0.9275977139725599,True
FBgn0034000,False,0.0,0.42857142857142855,0.752030610846887,True
FBgn0034001,False,0.0,0.8571428571428571,0.8968351829017673,True
FBgn0034002,False,0.0,1.0,0.9692227898146517,True
FBgn0034005,False,0.0,1.0,0.9552384866811501,True
FBgn0034007,False,0.0,1.0,0.9619223768422289,True
FBgn0034008,False,0.0,0.7142857142857143,0.789941870706359,True
FBgn0034009,False,0.0,1.0,0.9656312997866635,True
FBgn0034010,True,0.0,1.0,0.9998629949308124,False
FBgn0034011,False,0.0,1.0,0.9941577124067876,True
FBgn0034012,False,0.0,1.0,0.9806235687863308,True
FBgn0034013,False,0.0,1.0,0.9939815630321179,True
FBgn0034020,False,0.0,,0.9732742254320552,True
FBgn0034021,False,0.0,1.0,0.9927387313330593,True
FBgn0034022,False,0.0,1.0,0.9664533302017889,True
FBgn0034023,False,0.0,1.0,0.9641291370637857,True
FBgn0034025,False,0.0,1.0,0.9582330260505353,True
FBgn0034027,False,0.0,0.8571428571428571,0.8776740453682501,True
FBgn0034029,False,0.0,1.0,0.988149061515276,True
FBgn0034030,False,0.0,1.0,0.9860548411719805,True
FBgn0034031,False,0.0,0.8571428571428571,0.8903665864208404,True
FBgn0034032,False,0.0,1.0,0.9250190828489225,True
FBgn0034033,False,0.0,1.0,0.9277983285381559,True
FBgn0034035,False,0.0,1.0,0.960474037539389,True
FBgn0034037,False,0.0,1.0,0.9925430098056485,True
FBgn0034045,False,0.0,0.5714285714285714,0.886334722956178,True
FBgn0034046,False,0.0,0.5714285714285714,0.8736421819035876,True
FBgn0034047,False,0.0,1.0,0.9819349030199832,True
FBgn0034049,False,0.0,1.0,0.9533791321707474,True
FBgn0034050,False,0.0,1.0,0.9573522791771867,True
FBgn0034051,False,0.0,1.0,0.9745562014365959,True
FBgn0034052,False,0.0,0.8571428571428571,0.8849793513788582,True
FBgn0034053,False,0.0,1.0,0.9510696181473,True
FBgn0034054,False,0.0,1.0,0.9871117374199988,True
FBgn0034056,False,0.0,1.0,0.9718112070146595,True
FBgn0034057,False,0.0,0.7142857142857143,0.8105219893136046,True
FBgn0034058,False,0.0,0.8571428571428571,0.9011116982756933,True
FBgn0034059,False,0.0,,0.9732742254320552,True
FBgn0034060,False,0.0,1.0,0.9562855968527978,True
FBgn0034061,False,0.0,1.0,0.9635077212142563,True
FBgn0034062,False,0.0,1.0,0.9531442663378545,True
FBgn0034063,False,0.0,1.0,0.9879435539114947,True
FBgn0034065,False,0.0,0.42857142857142855,0.8289002407374787,True
FBgn0034066,False,0.0,0.5714285714285714,0.8963165208541287,True
FBgn0034067,False,0.0,1.0,0.9990801088211693,True
FBgn0034068,False,0.0,0.7142857142857143,0.9202434775800991,True
FBgn0034069,False,0.0,0.8571428571428571,0.9480310414342473,True
FBgn0034070,False,0.0,1.0,0.9199792535180944,True
FBgn0034071,False,0.0,0.7142857142857143,0.8845830152858513,True
FBgn0034072,False,0.0,1.0,0.9755935255318733,True
FBgn0034073,False,0.0,1.0,0.9463820875658113,True
FBgn0034075,False,0.0,0.8571428571428571,0.9055252187188069,True
FBgn0034076,False,0.0,1.0,0.925263734758186,True
FBgn0034081,False,0.0,,0.9732742254320552,True
FBgn0034082,False,0.0,0.5714285714285714,0.7197267727477346,True
FBgn0034083,False,0.0,1.0,0.9780889750063609,True
FBgn0034084,False,0.0,1.0,0.939199107509835,True
FBgn0034085,False,0.0,1.0,0.9474096255847181,True
FBgn0034086,False,0.0,0.8571428571428571,0.8825866557062612,True
FBgn0034087,False,0.0,1.0,0.9754565204626857,True
FBgn0034088,False,0.0,1.0,0.972236901336778,True
FBgn0034089,False,0.0,1.0,0.948006576243321,True
FBgn0034091,False,0.0,0.7142857142857143,0.8713228818037696,True
FBgn0034092,False,0.0,0.8571428571428571,0.901214452077584,True
FBgn0034093,False,0.0,1.0,0.9558647955688646,True
FBgn0034094,False,0.0,1.0,0.9858689057209402,True
FBgn0034095,False,0.0,0.7142857142857143,0.8122736969839313,True
FBgn0034096,False,0.0,,0.9732742254320552,True
FBgn0034097,False,0.0,0.8571428571428571,0.9801636231969154,True
FBgn0034098,False,0.0,0.7142857142857143,0.8236940481083515,True
FBgn0034099,False,0.0,,0.9732742254320552,True
FBgn0034100,False,0.0,0.8571428571428571,0.9480310414342473,True
FBgn0034103,False,0.0,,0.9732742254320552,True
FBgn0034104,False,0.0,,0.9732742254320552,True
FBgn0034105,False,0.0,,0.9732742254320552,True
FBgn0034106,False,0.0,0.5714285714285714,0.832584698490987,True
FBgn0034109,False,0.0,1.0,0.9505901004051436,True
FBgn0034110,False,0.0,1.0,0.9458340672890612,True
FBgn0034113,False,0.0,1.0,0.9198813927543891,True
FBgn0034114,False,0.0,0.7142857142857143,0.8789364492200497,True
FBgn0034117,False,0.0,1.0,0.9725304836278942,True
FBgn0034118,False,0.0,1.0,0.9506781750924784,True
FBgn0034120,False,0.0,0.8571428571428571,0.9801636231969154,True
FBgn0034121,False,0.0,0.8571428571428571,0.9186385610553305,True
FBgn0034122,False,0.0,,0.9732742254320552,True
FBgn0034126,False,0.0,0.7142857142857143,0.8229405202278199,True
FBgn0034127,False,0.0,1.0,0.9966923061867575,True
FBgn0034128,False,0.0,1.0,0.9610024856633981,True
FBgn0034129,False,0.0,,0.9732742254320552,True
FBgn0034131,False,0.0,,0.9732742254320552,True
FBgn0034132,False,0.0,0.8571428571428571,0.9480310414342473,True
FBgn0034133,False,0.0,,0.9732742254320552,True
FBgn0034135,False,0.0,0.8571428571428571,0.898024191180788,True
FBgn0034136,False,0.0,1.0,0.9577828665374905,True
FBgn0034137,False,0.0,1.0,0.9938249858101893,True
FBgn0034138,False,0.0,0.7142857142857143,0.8732213806196544,True
FBgn0034139,False,0.0,1.0,0.9988060986827941,True
FBgn0034140,False,0.0,1.0,0.9832070929481534,True
FBgn0034141,False,0.0,1.0,0.9300882704088622,True
FBgn0034142,False,0.0,1.0,0.9917209793905232,True
FBgn0034143,False,0.0,0.42857142857142855,0.8548871665394477,True
FBgn0034144,False,0.0,0.8571428571428571,0.9650881725480985,True
FBgn0034145,False,0.0,0.8571428571428571,0.9358522693911103,True
FBgn0034151,False,0.0,0.7142857142857143,0.8489519112207151,True
FBgn0034152,False,0.0,,0.9732742254320552,True
FBgn0034153,False,0.0,0.8571428571428571,0.9494598085843462,True
FBgn0034154,False,0.0,1.0,0.9422915076429256,True
FBgn0034155,False,0.0,1.0,0.9711995772415007,True
FBgn0034156,False,0.0,1.0,0.9773158749730882,True
FBgn0034157,False,0.0,1.0,0.9246423189086568,True
FBgn0034158,False,0.0,0.5714285714285714,0.8337834928463781,True
FBgn0034159,False,0.0,1.0,0.9981602176423385,True
FBgn0034160,False,0.0,1.0,0.9965846593466815,True
FBgn0034162,False,0.0,1.0,0.9222104789305776,True
FBgn0034165,False,0.0,,0.9732742254320552,True
FBgn0034166,False,0.0,0.5714285714285714,0.7889045466110818,True
FBgn0034168,False,0.0,0.8571428571428571,0.9801636231969154,True
FBgn0034169,False,0.0,,0.9732742254320552,True
FBgn0034172,False,0.0,1.0,0.9531931967197071,True
FBgn0034173,False,0.0,1.0,0.9692766132346897,True
FBgn0034175,False,0.0,1.0,0.9841759145088368,True
FBgn0034176,False,0.0,1.0,0.972853424148122,True
FBgn0034177,False,0.0,1.0,0.9308613704421349,True
FBgn0034179,False,0.0,1.0,0.9726968469261934,True
FBgn0034180,False,0.0,0.8571428571428571,0.9248331473978822,True
FBgn0034181,False,0.0,1.0,0.9848413677020336,True
FBgn0034182,False,0.0,0.7142857142857143,0.8621631143209442,True
FBgn0034183,False,0.0,1.0,0.9810003327265966,True
FBgn0034184,False,0.0,1.0,0.978216193999178,True
FBgn0034186,False,0.0,0.8571428571428571,0.9297066134304112,True
FBgn0034187,False,0.0,1.0,0.9636251541307028,True
FBgn0034191,False,0.0,1.0,0.9245493511831366,True
FBgn0034194,False,0.0,1.0,0.9617951578494118,True
FBgn0034195,False,0.0,0.7142857142857143,0.8550437437613763,True
FBgn0034196,False,0.0,1.0,0.9718943886638092,True
FBgn0034197,False,0.0,0.7142857142857143,0.8725950717319397,True
FBgn0034198,False,0.0,1.0,0.9660423149942262,True
FBgn0034199,False,0.0,1.0,0.9860744133247216,True
FBgn0034200,False,0.0,1.0,0.987258528565557,True
FBgn0034201,False,0.0,0.5714285714285714,0.8596529857319006,True
FBgn0034202,False,0.0,0.5714285714285714,0.863175973225295,True
FBgn0034204,False,0.0,0.8571428571428571,0.9445863425518173,True
FBgn0034205,False,0.0,,0.9732742254320552,True
FBgn0034206,False,0.0,0.8571428571428571,0.9480310414342473,True
FBgn0034210,False,0.0,0.5714285714285714,0.8327853130565831,True
FBgn0034214,False,0.0,1.0,0.9497778560663888,True
FBgn0034215,False,0.0,1.0,0.9646918364550917,True
FBgn0034217,False,0.0,1.0,0.9516959270350146,True
FBgn0034218,False,0.0,1.0,0.9557180044233066,True
FBgn0034219,False,0.0,1.0,0.9938543440393008,True
FBgn0034221,False,0.0,1.0,0.9967510226449807,True
FBgn0034223,False,0.0,1.0,0.9515687080421976,True
FBgn0034224,False,0.0,,0.9732742254320552,True
FBgn0034225,False,0.0,1.0,0.9990703227447987,True
FBgn0034228,False,0.0,,0.9732742254320552,True
FBgn0034229,False,0.0,0.7142857142857143,0.8778991251247724,True
FBgn0034230,False,0.0,1.0,0.9688019885307184,True
FBgn0034231,False,0.0,1.0,0.9758675356702484,True
FBgn0034232,False,0.0,0.7142857142857143,0.817450531383947,True
FBgn0034237,False,0.0,1.0,0.9825612119076977,True
FBgn0034238,False,0.0,1.0,0.9714148709216527,True
FBgn0034239,False,0.0,1.0,0.9662478225980076,True
FBgn0034240,False,0.0,1.0,0.9518427181805726,True
FBgn0034242,False,0.0,0.5714285714285714,0.7392206368778502,True
FBgn0034243,False,0.0,0.5714285714285714,0.8210615935646761,True
FBgn0034245,False,0.0,1.0,0.9156440216859453,True
FBgn0034246,False,0.0,0.7142857142857143,0.8168242224962323,True
FBgn0034247,False,0.0,0.5714285714285714,0.8498913745522869,True
FBgn0034248,False,0.0,0.5714285714285714,0.8028399193627307,True
FBgn0034249,False,0.0,1.0,0.9948427377527255,True
FBgn0034251,False,0.0,1.0,0.9629499148611356,True
FBgn0034253,False,0.0,1.0,0.951666568805903,True
FBgn0034255,False,0.0,0.8571428571428571,0.8612823674475956,True
FBgn0034258,False,0.0,0.8571428571428571,0.900309240013309,True
FBgn0034259,False,0.0,1.0,0.9831581625663007,True
FBgn0034261,False,0.0,1.0,0.9860841994010922,True
FBgn0034262,False,0.0,0.7142857142857143,0.8251815317166735,True
FBgn0034263,False,0.0,0.8571428571428571,0.9650881725480985,True
FBgn0034264,False,0.0,1.0,0.9481827256179908,True
FBgn0034265,False,0.0,0.7142857142857143,0.8744250680132307,True
FBgn0034266,False,0.0,1.0,0.9182177597713973,True
FBgn0034267,False,0.0,0.8571428571428571,0.8851114634098605,True
FBgn0034269,False,0.0,1.0,0.9760045407394359,True
FBgn0034270,False,0.0,1.0,0.9792241598653436,True
FBgn0034271,False,0.0,1.0,0.9559137259507173,True
FBgn0034272,False,0.0,0.7142857142857143,0.8564969761024015,True
FBgn0034274,False,0.0,0.5714285714285714,0.8747822598007555,True
FBgn0034275,False,0.0,1.0,0.9857808310336054,True
FBgn0034276,False,0.0,1.0,0.9699322803515158,True
FBgn0034277,False,0.0,1.0,0.9800266181277278,True
FBgn0034278,False,0.0,0.8571428571428571,0.9351868161979136,True
FBgn0034279,False,0.0,1.0,0.9007789716790949,True
FBgn0034281,False,0.0,0.7142857142857143,0.791899085980467,True
FBgn0034282,False,0.0,0.8571428571428571,0.8808055898068229,True
FBgn0034283,False,0.0,0.8571428571428571,0.9302057033253087,True
FBgn0034284,False,0.0,0.8571428571428571,0.9801636231969154,True
FBgn0034286,False,0.0,,0.9732742254320552,True
FBgn0034288,False,0.0,,0.9732742254320552,True
FBgn0034289,False,0.0,,0.9732742254320552,True
FBgn0034290,False,0.0,1.0,0.9924549351183136,True
FBgn0034291,False,0.0,0.8571428571428571,0.9650881725480985,True
FBgn0034292,False,0.0,,0.9732742254320552,True
FBgn0034293,False,0.0,,0.9732742254320552,True
FBgn0034294,False,0.0,1.0,0.930719472334762,True
FBgn0034295,False,0.0,,0.9732742254320552,True
FBgn0034296,False,0.0,1.0,0.9669377409821306,True
FBgn0034299,False,0.0,0.7142857142857143,0.8237331924138336,True
FBgn0034300,False,0.0,0.5714285714285714,0.8298984205272738,True
FBgn0034301,False,0.0,1.0,0.9228270017419216,True
FBgn0034304,False,0.0,1.0,0.9616581527802243,True
FBgn0034307,False,0.0,0.7142857142857143,0.8890650382635586,True
FBgn0034308,False,0.0,1.0,0.9241089777464623,True
FBgn0034310,False,0.0,0.8571428571428571,0.9128158456148592,True
FBgn0034312,False,0.0,1.0,0.9815630321179026,True
FBgn0034313,False,0.0,1.0,0.9680288884974458,True
FBgn0034314,False,0.0,1.0,0.9844107803417298,True
FBgn0034315,False,0.0,1.0,0.9726087722388586,True
FBgn0034317,False,0.0,1.0,0.9618734464603762,True
FBgn0034318,False,0.0,0.8571428571428571,0.9650881725480985,True
FBgn0034321,False,0.0,1.0,0.9898224805746384,True
FBgn0034322,False,0.0,0.7142857142857143,0.8423365235942302,True
FBgn0034323,False,0.0,1.0,0.9814455992014561,True
FBgn0034324,False,0.0,0.8571428571428571,0.889652202845791,True
FBgn0034325,False,0.0,0.8571428571428571,0.8815493316109839,True
FBgn0034326,False,0.0,0.8571428571428571,0.8928522498189576,True
FBgn0034327,False,0.0,0.7142857142857143,0.7605444972892568,True
FBgn0034328,False,0.0,,0.9732742254320552,True
FBgn0034329,False,0.0,0.42857142857142855,0.8040484997944923,True
FBgn0034330,False,0.0,,0.9732742254320552,True
FBgn0034331,False,0.0,1.0,0.9353923238016949,True
FBgn0034335,False,0.0,1.0,0.9731763646683499,True
FBgn0034345,False,0.0,0.5714285714285714,0.8328831738202884,True
FBgn0034346,False,0.0,0.7142857142857143,0.8739259781183333,True
FBgn0034350,False,0.0,,0.9732742254320552,True
FBgn0034351,False,0.0,1.0,0.9763079091069227,True
FBgn0034352,False,0.0,0.8571428571428571,0.9445863425518173,True
FBgn0034354,False,0.0,1.0,0.9988746012173879,True
FBgn0034355,False,0.0,,0.9732742254320552,True
FBgn0034356,False,0.0,1.0,0.9743898381382968,True
FBgn0034360,False,0.0,0.7142857142857143,0.827853130565831,True
FBgn0034361,False,0.0,1.0,0.9421055721918854,True
FBgn0034362,False,0.0,1.0,0.9799091852112813,True
FBgn0034363,False,0.0,1.0,0.9561877360890925,True
FBgn0034364,False,0.0,,0.9732742254320552,True
FBgn0034365,False,0.0,1.0,0.9964182960483824,True
FBgn0034366,False,0.0,1.0,0.9771984420566419,True
FBgn0034367,False,0.0,0.8571428571428571,0.9082163897207054,True
FBgn0034368,False,0.0,0.42857142857142855,0.8238604114066506,True
FBgn0034371,False,0.0,1.0,0.9255573170493022,True
FBgn0034372,False,0.0,0.8571428571428571,0.9585461804943926,True
FBgn0034374,False,0.0,1.0,0.9489264674221518,True
FBgn0034376,False,0.0,1.0,0.992533223729278,True
FBgn0034377,False,0.0,1.0,0.9603076742410898,True
FBgn0034378,False,0.0,1.0,0.9944610807742743,True
FBgn0034379,False,0.0,1.0,0.9732937975847964,True
FBgn0034380,False,0.0,1.0,0.9760926154267707,True
FBgn0034381,False,0.0,,0.9732742254320552,True
FBgn0034382,False,0.0,1.0,0.9655627972520697,True
FBgn0034383,False,0.0,,0.9732742254320552,True
FBgn0034387,False,0.0,1.0,0.9872389564128159,True
FBgn0034389,False,0.0,1.0,0.9999314974654062,True
FBgn0034390,False,0.0,1.0,0.98985183880375,True
FBgn0034391,False,0.0,1.0,0.9996966316325133,True
FBgn0034392,False,0.0,1.0,0.9653083592664358,True
FBgn0034394,False,0.0,1.0,0.9811618029867105,True
FBgn0034396,False,0.0,0.8571428571428571,0.8452625604290216,True
FBgn0034397,False,0.0,1.0,0.9600043058736031,True
FBgn0034398,False,0.0,1.0,0.9930812440060283,True
FBgn0034399,False,0.0,1.0,0.9707689898811971,True
FBgn0034400,False,0.0,1.0,0.9967118783394986,True
FBgn0034401,False,0.0,0.8571428571428571,0.9197443876852015,True
FBgn0034402,False,0.0,1.0,0.9704558354373397,True
FBgn0034403,False,0.0,1.0,0.9978862075039634,True
FBgn0034405,False,0.0,1.0,0.9979155657330749,True
FBgn0034406,False,0.0,0.8571428571428571,0.8281564989333177,True
FBgn0034407,False,0.0,0.7142857142857143,0.7916446479948329,True
FBgn0034408,False,0.0,1.0,0.9916329047031883,True
FBgn0034410,False,0.0,1.0,0.9759066799757306,True
FBgn0034411,False,0.0,1.0,0.9616972970857064,True
FBgn0034412,False,0.0,0.5714285714285714,0.8630340751179222,True
FBgn0034413,False,0.0,,0.9732742254320552,True
FBgn0034415,False,0.0,,0.9732742254320552,True
FBgn0034416,False,0.0,,0.9732742254320552,True
FBgn0034417,False,0.0,1.0,0.9906738692188753,True
FBgn0034418,False,0.0,1.0,0.9913882527939248,True
FBgn0034419,False,0.0,1.0,0.9747812811931185,True
FBgn0034420,False,0.0,1.0,0.9243340575029847,True
FBgn0034421,False,0.0,1.0,0.9666392656528291,True
FBgn0034422,False,0.0,0.8571428571428571,0.8918932143346446,True
FBgn0034423,False,0.0,,0.9732742254320552,True
FBgn0034425,False,0.0,0.8571428571428571,0.8882821521539154,True
FBgn0034426,False,0.0,,0.9732742254320552,True
FBgn0034427,False,0.0,0.8571428571428571,0.9480310414342473,True
FBgn0034428,False,0.0,,0.9732742254320552,True
FBgn0034429,False,0.0,0.8571428571428571,0.9585461804943926,True
FBgn0034430,False,0.0,1.0,0.967089425165874,True
FBgn0034432,False,0.0,1.0,0.9875325387039321,True
FBgn0034433,False,0.0,0.7142857142857143,0.869590746286184,True
FBgn0034434,True,0.2857142857142857,1.0,0.9999706417708883,False
FBgn0034435,False,0.0,1.0,0.9839752999432407,True
FBgn0034436,False,0.0,1.0,0.9784608459084414,True
FBgn0034437,False,0.0,0.5714285714285714,0.865583348012448,True
FBgn0034438,False,0.0,1.0,0.9998042784725892,True
FBgn0034439,False,0.0,0.7142857142857143,0.8072338676531032,True
FBgn0034440,False,0.0,0.8571428571428571,0.9434462646546493,True
FBgn0034441,False,0.0,0.8571428571428571,0.9710283209050163,True
FBgn0034442,False,0.0,0.7142857142857143,0.852210674652105,True
FBgn0034443,False,0.0,0.42857142857142855,0.6848981269449826,True
FBgn0034446,False,0.0,0.5714285714285714,0.8864423697962539,True
FBgn0034447,False,0.0,1.0,0.9886677235629147,True
FBgn0034451,False,0.0,1.0,0.9652887871136946,True
FBgn0034452,False,0.0,1.0,0.9739983950834753,True
FBgn0034454,False,0.0,0.8571428571428571,0.9585461804943926,True
FBgn0034455,False,0.0,1.0,0.9840780537451315,True
FBgn0034456,False,0.0,,0.9732742254320552,True
FBgn0034457,False,0.0,0.8571428571428571,0.9801636231969154,True
FBgn0034458,False,0.0,0.8571428571428571,0.9801636231969154,True
FBgn0034459,False,0.0,0.42857142857142855,0.7895161763842404,True
FBgn0034460,False,0.0,,0.9732742254320552,True
FBgn0034461,False,0.0,,0.9732742254320552,True
FBgn0034462,False,0.0,,0.9732742254320552,True
FBgn0034463,False,0.0,,0.9732742254320552,True
FBgn0034464,False,0.0,,0.9732742254320552,True
FBgn0034467,False,0.0,1.0,0.9379464897344059,True
FBgn0034468,False,0.0,0.42857142857142855,0.8062748321687903,True
FBgn0034470,False,0.0,,0.9732742254320552,True
FBgn0034471,False,0.0,,0.9732742254320552,True
FBgn0034472,False,0.0,,0.9732742254320552,True
FBgn0034473,False,0.0,1.0,0.9596666862388195,True
FBgn0034474,False,0.0,0.8571428571428571,0.9627150490282426,True
FBgn0034475,False,0.0,0.8571428571428571,0.9465533439022958,True
FBgn0034476,False,0.0,1.0,0.9985712328499011,True
FBgn0034477,False,0.0,1.0,0.9655627972520697,True
FBgn0034478,False,0.0,,0.9732742254320552,True
FBgn0034479,False,0.0,1.0,0.988364355195428,True
FBgn0034480,False,0.0,0.8571428571428571,0.9585461804943926,True
FBgn0034481,False,0.0,0.8571428571428571,0.9473460160883096,True
FBgn0034483,False,0.0,,0.9732742254320552,True
FBgn0034484,False,0.0,1.0,0.9574207817117805,True
FBgn0034485,False,0.0,,0.9732742254320552,True
FBgn0034486,False,0.0,0.5714285714285714,0.9041111306832639,True
FBgn0034487,False,0.0,1.0,0.9459759653964339,True
FBgn0034488,False,0.0,0.5714285714285714,0.8015090129763373,True
FBgn0034489,False,0.0,0.8571428571428571,0.9037050085138865,True
FBgn0034490,False,0.0,1.0,0.9725304836278942,True
FBgn0034491,False,0.0,1.0,0.9827080030532558,True
FBgn0034493,False,0.0,1.0,0.9616875110093359,True
FBgn0034494,False,0.0,1.0,0.976004540739436,True
FBgn0034495,False,0.0,1.0,0.9206251345585501,True
FBgn0034496,False,0.0,1.0,0.9799679016695046,True
FBgn0034497,False,0.0,1.0,0.9761219736558824,True
FBgn0034498,False,0.0,1.0,0.9279549057600845,True
FBgn0034499,False,0.0,,0.9732742254320552,True
FBgn0034500,False,0.0,0.7142857142857143,0.8153660971170219,True
FBgn0034501,False,0.0,1.0,0.9915350439394829,True
FBgn0034502,False,0.0,1.0,0.9773305540876441,True
FBgn0034503,False,0.0,0.8571428571428571,0.8914332687452293,True
FBgn0034504,False,0.0,0.7142857142857143,0.856976493844558,True
FBgn0034505,False,0.0,,0.9732742254320552,True
FBgn0034506,False,0.0,0.8571428571428571,0.9445863425518173,True
FBgn0034507,False,0.0,,0.9732742254320552,True
FBgn0034509,False,0.0,,0.9732742254320552,True
FBgn0034510,False,0.0,,0.9732742254320552,True
FBgn0034511,False,0.0,0.8571428571428571,0.9801636231969154,True
FBgn0034512,False,0.0,0.5714285714285714,0.9041111306832639,True
FBgn0034513,False,0.0,,0.9732742254320552,True
FBgn0034514,False,0.0,,0.9732742254320552,True
FBgn0034515,False,0.0,0.8571428571428571,0.9501350478539135,True
FBgn0034517,False,0.0,,0.9732742254320552,True
FBgn0034518,False,0.0,,0.9732742254320552,True
FBgn0034519,False,0.0,,0.9732742254320552,True
FBgn0034520,False,0.0,0.7142857142857143,0.8520932417356586,True
FBgn0034521,False,0.0,1.0,0.9409312430274206,True
FBgn0034523,False,0.0,1.0,0.9929246667840995,True
FBgn0034527,False,0.0,1.0,0.9440432153132523,True
FBgn0034528,False,0.0,0.5714285714285714,0.7719159180318244,True
FBgn0034529,False,0.0,1.0,0.9239132562190515,True
FBgn0034530,False,0.0,1.0,0.9899496995674554,True
FBgn0034532,False,0.0,1.0,0.9936292642827784,True
FBgn0034534,False,0.0,0.7142857142857143,0.8972070538038479,True
FBgn0034535,False,0.0,0.8571428571428571,0.8777523339792144,True
FBgn0034537,False,0.0,1.0,0.9557767208815298,True
FBgn0034538,False,0.0,0.8571428571428571,0.9446695242009668,True
FBgn0034539,False,0.0,0.8571428571428571,0.9390523163642769,True
FBgn0034540,False,0.0,0.8571428571428571,0.9133442937388684,True
FBgn0034541,False,0.0,1.0,0.9695261581821385,True
FBgn0034542,False,0.0,1.0,0.9537412169964574,True
FBgn0034543,False,0.0,0.5714285714285714,0.8810404556397158,True
FBgn0034545,False,0.0,,0.9732742254320552,True
FBgn0034546,False,0.0,,0.9732742254320552,True
FBgn0034548,False,0.0,0.8571428571428571,0.9650881725480985,True
FBgn0034550,False,0.0,,0.9732742254320552,True
FBgn0034551,False,0.0,,0.9732742254320552,True
FBgn0034552,False,0.0,0.8571428571428571,0.9506830681306637,True
FBgn0034553,False,0.0,1.0,0.9673634353042492,True
FBgn0034554,False,0.0,0.8571428571428571,0.9585461804943926,True
FBgn0034558,False,0.0,0.8571428571428571,0.8480124478891433,True
FBgn0034560,False,0.0,,0.9732742254320552,True
FBgn0034563,False,0.0,,0.9732742254320552,True
FBgn0034564,False,0.0,1.0,0.9942947174759752,True
FBgn0034565,False,0.0,1.0,0.9447037754682638,True
FBgn0034566,False,0.0,1.0,0.9349274851740943,True
FBgn0034567,False,0.0,,0.9732742254320552,True
FBgn0034568,False,0.0,1.0,0.9626563325700194,True
FBgn0034569,False,0.0,1.0,0.9877380463077134,True
FBgn0034570,False,0.0,1.0,0.9422719354901846,True
FBgn0034572,False,0.0,0.5714285714285714,0.8952302663769988,True
FBgn0034573,False,0.0,1.0,0.9253322372927798,True
FBgn0034576,False,0.0,1.0,0.9816315346524964,True
FBgn0034577,False,0.0,1.0,0.9711408607832775,True
FBgn0034578,False,0.0,1.0,0.9289139412443974,True
FBgn0034579,False,0.0,1.0,0.9892744602978881,True
FBgn0034580,False,0.0,0.8571428571428571,0.8785743643943397,True
FBgn0034582,False,0.0,1.0,0.9839899790577966,True
FBgn0034583,False,0.0,1.0,0.9839508347523144,True
FBgn0034585,False,0.0,0.8571428571428571,0.9051631338930969,True
FBgn0034588,False,0.0,0.5714285714285714,0.8662977315874973,True
FBgn0034590,False,0.0,1.0,0.9376626935196603,True
FBgn0034592,False,0.0,1.0,0.9550721233828509,True
FBgn0034595,False,0.0,0.8571428571428571,0.8583465445364336,True
FBgn0034598,False,0.0,0.8571428571428571,0.8956706398136731,True
FBgn0034599,False,0.0,0.8571428571428571,0.9075117922220265,True
FBgn0034601,False,0.0,1.0,0.9426731646213767,True
FBgn0034602,False,0.0,1.0,0.9832266651008944,True
FBgn0034603,False,0.0,1.0,0.9915839743213356,True
FBgn0034605,False,0.0,1.0,0.9778443230970975,True
FBgn0034606,False,0.0,0.42857142857142855,0.7643610670737675,True
FBgn0034611,False,0.0,1.0,0.948241442076214,True
FBgn0034612,False,0.0,1.0,0.9471747597518251,True
FBgn0034614,False,0.0,0.5714285714285714,0.8071066486602861,True
FBgn0034617,False,0.0,1.0,0.9869551601980702,True
FBgn0034618,False,0.0,0.5714285714285714,0.8846221595913335,True
FBgn0034622,False,0.0,1.0,0.9501007965866166,True
FBgn0034623,False,0.0,0.8571428571428571,0.9801636231969154,True
FBgn0034624,False,0.0,1.0,0.9718943886638092,True
FBgn0034626,False,0.0,1.0,0.9808290763901122,True
FBgn0034627,False,0.0,1.0,0.9126592683929305,True
FBgn0034628,False,0.0,0.8571428571428571,0.8941048675943867,True
FBgn0034629,False,0.0,0.5714285714285714,0.8302898635820954,True
FBgn0034631,False,0.0,0.8571428571428571,0.9154678723112755,True
FBgn0034634,False,0.0,1.0,0.9370853150137983,True
FBgn0034636,False,0.0,1.0,0.999256258195839,True
FBgn0034638,False,0.0,1.0,0.9990409645156871,True
FBgn0034639,False,0.0,1.0,0.9662086782925254,True
FBgn0034641,False,0.0,1.0,0.9627737654864659,True
FBgn0034642,False,0.0,1.0,0.9622453173624567,True
FBgn0034643,False,0.0,1.0,0.9784021294502182,True
FBgn0034644,False,0.0,1.0,0.9801831953496565,True
FBgn0034645,False,0.0,1.0,0.9125026911710019,True
FBgn0034646,False,0.0,0.8571428571428571,0.8904840193372869,True
FBgn0034647,False,0.0,1.0,0.989000450159513,True
FBgn0034649,False,0.0,,0.9732742254320552,True
FBgn0034650,False,0.0,0.8571428571428571,0.8799933454680681,True
FBgn0034651,False,0.0,0.8571428571428571,0.9801636231969154,True
FBgn0034654,False,0.0,1.0,0.9338950541170024,True
FBgn0034655,False,0.0,0.8571428571428571,0.8804141467520012,True
FBgn0034656,False,0.0,1.0,0.951177264987376,True
FBgn0034657,False,0.0,1.0,0.9531736245669662,True
FBgn0034658,False,0.0,,0.9732742254320552,True
FBgn0034659,False,0.0,0.8571428571428571,0.9650881725480985,True
FBgn0034660,False,0.0,0.8571428571428571,0.9094151840760966,True
FBgn0034661,False,0.0,0.8571428571428571,0.9445863425518173,True
FBgn0034662,False,0.0,1.0,0.9610416299688802,True
FBgn0034663,False,0.0,1.0,0.9669377409821306,True
FBgn0034664,False,0.0,0.8571428571428571,0.9273970994069638,True
FBgn0034665,False,0.0,0.8571428571428571,0.9710283209050163,True
FBgn0034666,False,0.0,0.8571428571428571,0.9650881725480985,True
FBgn0034667,False,0.0,,0.9732742254320552,True
FBgn0034670,False,0.0,1.0,0.924192159395612,True
FBgn0034671,False,0.0,0.8571428571428571,0.9585461804943926,True
FBgn0034674,False,0.0,1.0,0.973792887479694,True
FBgn0034681,False,0.0,0.8571428571428571,0.9650881725480985,True
FBgn0034683,False,0.0,1.0,0.940177715146889,True
FBgn0034684,False,0.0,0.7142857142857143,0.8309259585461806,True
FBgn0034687,False,0.0,0.7142857142857143,0.8435010666823244,True
FBgn0034688,False,0.0,1.0,0.9838823322177206,True
FBgn0034689,False,0.0,0.8571428571428571,0.9362926428277847,True
FBgn0034691,False,0.0,1.0,0.9409606012565322,True
FBgn0034692,False,0.0,1.0,0.9894310375198168,True
FBgn0034693,False,0.0,0.7142857142857143,0.8551269254105259,True
FBgn0034694,False,0.0,1.0,0.9978177049693696,True
FBgn0034697,False,0.0,1.0,0.9595737185132993,True
FBgn0034700,False,0.0,0.8571428571428571,0.915839743213356,True
FBgn0034703,False,0.0,0.8571428571428571,0.892118294091167,True
FBgn0034704,False,0.0,1.0,0.9485545965200712,True
FBgn0034705,False,0.0,1.0,0.910819486035269,True
FBgn0034706,False,0.0,0.8571428571428571,0.8964633119996869,True
FBgn0034707,False,0.0,1.0,0.9659346681541503,True
FBgn0034708,False,0.0,1.0,0.9702111835280762,True
FBgn0034709,False,0.0,1.0,0.9328773021744662,True
FBgn0034710,False,0.0,0.7142857142857143,0.8611160041492965,True
FBgn0034711,False,0.0,0.8571428571428571,0.9650881725480985,True
FBgn0034712,False,0.0,1.0,0.9647260877223885,True
FBgn0034713,False,0.0,1.0,0.9718307791674007,True
FBgn0034715,False,0.0,,0.9732742254320552,True
FBgn0034716,False,0.0,0.5714285714285714,0.8909635370794434,True
FBgn0034717,False,0.0,,0.9732742254320552,True
FBgn0034718,False,0.14285714285714285,1.0,0.999618343021549,False
FBgn0034720,False,0.0,1.0,0.9574501399408921,True
FBgn0034721,False,0.0,,0.9732742254320552,True
FBgn0034722,False,0.0,0.7142857142857143,0.8823615759497387,True
FBgn0034723,False,0.0,0.5714285714285714,0.8548627013485213,True
FBgn0034724,False,0.0,0.7142857142857143,0.8687099994128354,True
FBgn0034725,False,0.0,0.8571428571428571,0.8938161783414558,True
FBgn0034726,False,0.0,1.0,0.9376920517487719,True
FBgn0034727,False,0.0,0.7142857142857143,0.8682598398997906,True
FBgn0034728,False,0.0,0.5714285714285714,0.8161489832266651,True
FBgn0034729,False,0.0,0.8571428571428571,0.8949856144677353,True
FBgn0034730,False,0.0,0.7142857142857143,0.807047932202063,True
FBgn0034731,False,0.0,0.8571428571428571,0.9346436889593487,True
FBgn0034732,False,0.0,1.0,0.9551161607265183,True
FBgn0034733,False,0.0,1.0,0.9815141017360499,True
FBgn0034734,False,0.0,1.0,0.9638306617344842,True
FBgn0034735,False,0.0,1.0,0.9706809151938621,True
FBgn0034736,True,0.42857142857142855,1.0,0.9999608556945179,False
FBgn0034737,False,0.0,1.0,0.9674564030297692,True
FBgn0034739,False,0.0,0.7142857142857143,0.8586352337893645,True
FBgn0034740,False,0.0,1.0,0.9607089033722819,True
FBgn0034741,False,0.0,1.0,0.9310962362750279,True
FBgn0034742,False,0.0,0.42857142857142855,0.7892274871313095,True
FBgn0034743,False,0.0,0.8571428571428571,0.8622414029319085,True
FBgn0034744,False,0.0,1.0,0.9550036208482571,True
FBgn0034745,False,0.0,1.0,0.9832462372536356,True
FBgn0034748,False,0.0,1.0,0.9634490047560331,True
FBgn0034750,False,0.0,1.0,0.9694674417239152,True
FBgn0034751,False,0.0,1.0,0.99963791517429,True
FBgn0034753,False,0.0,1.0,0.9849196563129978,True
FBgn0034755,False,0.0,0.42857142857142855,0.8510461315640108,True
FBgn0034756,False,0.0,1.0,0.9621180983696397,True
FBgn0034758,False,0.0,1.0,0.9617755856966708,True
FBgn0034759,False,0.0,1.0,0.9621768148278629,True
FBgn0034761,False,0.0,1.0,0.9435049811128726,True
FBgn0034763,False,0.0,1.0,0.9694870138766563,True
FBgn0034766,False,0.0,0.8571428571428571,0.9689585657526472,True
FBgn0034768,False,0.0,0.5714285714285714,0.9041111306832639,True
FBgn0034769,False,0.0,,0.9732742254320552,True
FBgn0034770,False,0.0,0.8571428571428571,0.9094151840760966,True
FBgn0034774,False,0.0,,0.9732742254320552,True
FBgn0034776,False,0.0,0.8571428571428571,0.9801636231969154,True
FBgn0034782,False,0.0,0.8571428571428571,0.9801636231969154,True
FBgn0034783,False,0.0,0.8571428571428571,0.9465533439022958,True
FBgn0034784,False,0.0,0.5714285714285714,0.8680347601432682,True
FBgn0034785,False,0.0,1.0,0.9771299395220481,True
FBgn0034786,False,0.0,1.0,0.9801244788914333,True
FBgn0034788,False,0.0,1.0,0.966673516920126,True
FBgn0034789,False,0.0,0.8571428571428571,0.8542461785371773,True
FBgn0034791,False,0.0,1.0,0.9288258665570626,True
FBgn0034792,False,0.0,1.0,0.9534182764762297,True
FBgn0034793,False,0.0,1.0,0.9957626289315562,True
FBgn0034794,False,0.0,1.0,0.9436517722584307,True
FBgn0034795,False,0.0,,0.9732742254320552,True
FBgn0034796,False,0.0,,0.9732742254320552,True
FBgn0034797,False,0.0,1.0,0.9836376803084571,True
FBgn0034800,False,0.0,1.0,0.9492494079423796,True
FBgn0034802,False,0.0,1.0,0.9638795921163369,True
FBgn0034803,False,0.0,1.0,0.9822969878456932,True
FBgn0034804,False,0.0,1.0,0.9991388252793925,True
FBgn0034807,False,0.0,0.5714285714285714,0.8875922337697923,True
FBgn0034808,False,0.0,1.0,0.9949503845928014,True
FBgn0034809,False,0.0,0.8571428571428571,0.9351868161979136,True
FBgn0034810,False,0.0,1.0,0.9673634353042492,True
FBgn0034814,False,0.0,0.42857142857142855,0.8124889906640832,True
FBgn0034816,False,0.0,1.0,0.9836376803084571,True
FBgn0034817,False,0.0,0.42857142857142855,0.7960483823615759,True
FBgn0034819,False,0.0,,0.9732742254320552,True
FBgn0034820,False,0.0,,0.9732742254320552,True
FBgn0034821,False,0.0,0.8571428571428571,0.9473460160883096,True
FBgn0034822,False,0.0,1.0,0.932529896463312,True
FBgn0034824,False,0.0,,0.9732742254320552,True
FBgn0034825,False,0.0,,0.9732742254320552,True
FBgn0034826,False,0.0,,0.9732742254320552,True
FBgn0034827,False,0.0,,0.9732742254320552,True
FBgn0034828,False,0.0,0.8571428571428571,0.9650881725480985,True
FBgn0034829,False,0.0,0.5714285714285714,0.9041111306832639,True
FBgn0034833,False,0.0,,0.9732742254320552,True
FBgn0034834,False,0.0,1.0,0.9586782925253948,True
FBgn0034835,False,0.0,,0.9732742254320552,True
FBgn0034837,False,0.0,0.7142857142857143,0.8387156753371303,True
FBgn0034838,False,0.0,0.5714285714285714,0.9041111306832639,True
FBgn0034839,False,0.0,0.8571428571428571,0.9689585657526472,True
FBgn0034840,False,0.0,0.8571428571428571,0.8729082261757971,True
FBgn0034841,False,0.0,,0.9732742254320552,True
FBgn0034842,False,0.0,,0.9732742254320552,True
FBgn0034844,False,0.0,,0.9732742254320552,True
FBgn0034846,False,0.0,1.0,0.9642025326365646,True
FBgn0034849,False,0.0,1.0,0.9554048499794492,True
FBgn0034850,False,0.0,0.5714285714285714,0.753841034975437,True
FBgn0034853,False,0.0,1.0,0.9837746853776447,True
FBgn0034854,False,0.0,0.7142857142857143,0.9054469301078426,True
FBgn0034856,False,0.0,0.5714285714285714,0.7927994050065567,True
FBgn0034858,False,0.0,1.0,0.9419489949699568,True
FBgn0034859,False,0.0,1.0,0.9725011253987826,True
FBgn0034860,False,0.0,1.0,0.9577975456520462,True
FBgn0034861,False,0.0,1.0,0.9513680934766015,True
FBgn0034862,False,0.0,1.0,0.9672900397314701,True
FBgn0034863,False,0.0,,0.9732742254320552,True
FBgn0034865,False,0.0,,0.9732742254320552,True
FBgn0034866,False,0.0,,0.9732742254320552,True
FBgn0034867,False,0.0,0.8571428571428571,0.9473460160883096,True
FBgn0034869,False,0.0,,0.9732742254320552,True
FBgn0034870,False,0.0,1.0,0.9511038694145969,True
FBgn0034871,False,0.0,,0.9732742254320552,True
FBgn0034873,False,0.0,1.0,0.9743409077564441,True
FBgn0034876,False,0.0,1.0,0.9197639598379426,True
FBgn0034877,False,0.0,1.0,0.9897931223455267,True
FBgn0034878,False,0.0,1.0,0.9109662771808271,True
FBgn0034879,False,0.0,1.0,0.9483099446108078,True
FBgn0034880,False,0.0,1.0,0.9918677705360812,True
FBgn0034882,False,0.0,,0.9732742254320552,True
FBgn0034883,False,0.0,0.8571428571428571,0.9026970426477208,True
FBgn0034884,False,0.0,,0.9732742254320552,True
FBgn0034885,False,0.0,1.0,0.9996477012506605,True
FBgn0034886,False,0.0,1.0,0.9864952146086549,True
FBgn0034887,False,0.0,1.0,0.9170336445305619,True
FBgn0034888,False,0.0,1.0,0.9840486955160198,True
FBgn0034889,False,0.0,1.0,0.9358767345820367,True
FBgn0034893,False,0.0,0.5714285714285714,0.8746501477697533,True
FBgn0034894,False,0.0,1.0,0.9944121503924217,True
FBgn0034897,True,0.0,1.0,0.999872781007183,False
FBgn0034898,False,0.0,1.0,0.9969075998669094,True
FBgn0034899,False,0.0,0.8571428571428571,0.9801636231969154,True
FBgn0034900,False,0.0,,0.9732742254320552,True
FBgn0034901,False,0.0,,0.9732742254320552,True
FBgn0034902,False,0.0,1.0,0.9438083494803593,True
FBgn0034903,False,0.0,0.8571428571428571,0.9099632043528468,True
FBgn0034904,False,0.0,1.0,0.972652809582526,True
FBgn0034906,False,0.0,1.0,0.9554831385904136,True
FBgn0034907,False,0.0,0.5714285714285714,0.80989568042589,True
FBgn0034908,False,0.0,0.8571428571428571,0.9142739709940696,True
FBgn0034909,False,0.0,0.8571428571428571,0.8606462724835104,True
FBgn0034910,False,0.0,,0.9732742254320552,True
FBgn0034911,False,0.0,1.0,0.9945295833088681,True
FBgn0034913,False,0.0,1.0,0.971982463351144,True
FBgn0034914,False,0.0,1.0,0.9866909361360656,True
FBgn0034915,False,0.0,1.0,0.9172978685925665,True
FBgn0034918,False,0.0,1.0,0.9303622805472374,True
FBgn0034919,False,0.0,0.7142857142857143,0.8228230873113733,True
FBgn0034920,False,0.0,0.42857142857142855,0.8666842816041337,True
FBgn0034921,False,0.0,0.8571428571428571,0.9072279960072809,True
FBgn0034922,False,0.0,1.0,0.9649267022879846,True
FBgn0034923,False,0.0,1.0,0.964642906073239,True
FBgn0034924,False,0.0,0.7142857142857143,0.7857925743252501,True
FBgn0034925,False,0.0,0.8571428571428571,0.8792202454347954,True
FBgn0034926,False,0.0,1.0,0.9707592038048265,True
FBgn0034928,False,0.0,0.7142857142857143,0.8334116219442976,True
FBgn0034931,False,0.0,0.5714285714285714,0.7869962617188264,True
FBgn0034933,False,0.0,1.0,0.9762100483432172,True
FBgn0034935,False,0.0,1.0,0.9706907012702327,True
FBgn0034936,False,0.0,1.0,0.9562660247000567,True
FBgn0034937,False,0.0,1.0,0.950453095335956,True
FBgn0034938,False,0.0,1.0,0.9857123284990116,True
FBgn0034939,False,0.0,0.8571428571428571,0.9188734268882235,True
FBgn0034940,False,0.0,1.0,0.9732742254320552,True
FBgn0034942,False,0.0,0.8571428571428571,0.9710283209050163,True
FBgn0034943,False,0.0,0.8571428571428571,0.9107411974243047,True
FBgn0034945,False,0.0,0.8571428571428571,0.8693069500714383,True
FBgn0034946,False,0.0,1.0,0.9467246002387802,True
FBgn0034948,False,0.0,1.0,0.9488188205820758,True
FBgn0034950,False,0.0,1.0,0.9987180239954593,True
FBgn0034951,False,0.0,1.0,0.9644863288513104,True
FBgn0034956,False,0.0,1.0,0.9570195525805884,True
FBgn0034957,False,0.0,1.0,0.9553412404830407,True
FBgn0034958,False,0.0,0.5714285714285714,0.7941694556984322,True
FBgn0034959,False,0.0,1.0,0.9755935255318733,True
FBgn0034961,False,0.0,0.8571428571428571,0.9165443407120349,True
FBgn0034962,False,0.0,1.0,0.9611394907325856,True
FBgn0034963,False,0.0,1.0,0.9283561348912767,True
FBgn0034964,False,0.0,1.0,0.9740081811598458,True
FBgn0034965,False,0.0,0.7142857142857143,0.8047873485604682,True
FBgn0034966,False,0.0,0.8571428571428571,0.9063863934394144,True
FBgn0034967,False,0.0,0.42857142857142855,0.7836689957528429,True
FBgn0034968,False,0.0,0.8571428571428571,0.9053686414968782,True
FBgn0034970,False,0.0,1.0,0.990086704636643,True
FBgn0034971,False,0.0,1.0,0.9754271622335741,True
FBgn0034972,False,0.0,1.0,0.9646037617677569,True
FBgn0034973,False,0.0,1.0,0.9676912688626622,True
FBgn0034974,False,0.0,0.42857142857142855,0.8264635077212142,True
FBgn0034975,False,0.0,0.8571428571428571,0.9111130683263852,True
FBgn0034976,False,0.0,0.42857142857142855,0.8100424715714482,True
FBgn0034978,False,0.0,1.0,0.9708962088740141,True
FBgn0034979,False,0.0,1.0,0.9260466208678293,True
FBgn0034982,False,0.0,1.0,0.9429080304542696,True
FBgn0034985,False,0.0,1.0,0.954259879044096,True
FBgn0034986,False,0.0,1.0,0.9789207914978568,True
FBgn0034987,False,0.0,0.42857142857142855,0.8597753116865324,True
FBgn0034988,False,0.0,1.0,0.9472139040573072,True
FBgn0034989,False,0.0,0.7142857142857143,0.9259194018750122,True
FBgn0034990,False,0.0,0.8571428571428571,0.9236930695007144,True
FBgn0034994,False,0.0,0.8571428571428571,0.8946088505274695,True
FBgn0034996,False,0.0,1.0,0.938401542285636,True
FBgn0034997,False,0.0,1.0,0.9851447360695202,True
FBgn0034998,False,0.0,0.7142857142857143,0.8624469105356898,True
FBgn0034999,False,0.0,1.0,0.9510696181473001,True
FBgn0035000,False,0.0,0.8571428571428571,0.9473460160883096,True
FBgn0035001,False,0.0,1.0,0.9945295833088681,True
FBgn0035002,False,0.0,0.8571428571428571,0.9051729199694675,True
FBgn0035003,False,0.0,,0.9732742254320552,True
FBgn0035004,False,0.0,,0.9732742254320552,True
FBgn0035005,False,0.0,,0.9732742254320552,True
FBgn0035006,False,0.0,,0.9732742254320552,True
FBgn0035007,False,0.0,0.8571428571428571,0.9480310414342473,True
FBgn0035008,False,0.0,0.8571428571428571,0.9650881725480985,True
FBgn0035009,False,0.0,,0.9732742254320552,True
FBgn0035010,False,0.0,1.0,0.9596862583915605,True
FBgn0035011,False,0.0,,0.9732742254320552,True
FBgn0035012,False,0.0,0.8571428571428571,0.9445863425518173,True
FBgn0035014,False,0.0,0.8571428571428571,0.9236930695007144,True
FBgn0035016,False,0.0,1.0,0.976278550877811,True
FBgn0035019,False,0.0,0.5714285714285714,0.8513152486642006,True
FBgn0035020,False,0.0,1.0,0.9983755113224904,True
FBgn0035021,False,0.0,1.0,0.9592899222985536,True
FBgn0035022,False,0.0,,0.9732742254320552,True
FBgn0035023,False,0.0,1.0,0.9822480574638405,True
FBgn0035024,False,0.0,0.8571428571428571,0.9253615955218915,True
FBgn0035025,False,0.0,0.8571428571428571,0.908715479615603,True
FBgn0035026,False,0.0,0.7142857142857143,0.9063178909048206,True
FBgn0035027,False,0.0,0.5714285714285714,0.8935764194703776,True
FBgn0035028,False,0.0,0.42857142857142855,0.8014502965181141,True
FBgn0035031,False,0.0,0.5714285714285714,0.7732957548000705,True
FBgn0035032,False,0.0,0.5714285714285714,0.8266494431722545,True
FBgn0035033,False,0.0,0.8571428571428571,0.8919617168692384,True
FBgn0035034,False,0.0,1.0,0.9436419861820602,True
FBgn0035035,False,0.0,0.8571428571428571,0.9010725539702112,True
FBgn0035036,False,0.0,1.0,0.9706515569647506,True
FBgn0035039,False,0.0,1.0,0.9712876519288357,True
FBgn0035040,False,0.0,0.7142857142857143,0.8038576713052669,True
FBgn0035041,False,0.0,1.0,0.9907913021353218,True
FBgn0035042,False,0.0,0.8571428571428571,0.9446695242009668,True
FBgn0035043,False,0.0,1.0,0.9718943886638092,True
FBgn0035044,False,0.0,1.0,0.9697023075568082,True
FBgn0035046,False,0.0,1.0,0.9644471845458282,True
FBgn0035047,False,0.0,1.0,0.9533399878652653,True
FBgn0035049,False,0.0,0.8571428571428571,0.8646389916426908,True
FBgn0035050,False,0.0,1.0,0.9657878770085921,True
FBgn0035056,False,0.0,1.0,0.9754858786917973,True
FBgn0035057,False,0.0,0.7142857142857143,0.846446675669857,True
FBgn0035059,False,0.0,0.7142857142857143,0.8594915154717868,True
FBgn0035060,False,0.0,0.8571428571428571,0.9252050182999628,True
FBgn0035063,False,0.0,0.5714285714285714,0.8499598770868808,True
FBgn0035064,False,0.0,1.0,0.9782944826101423,True
FBgn0035065,False,0.0,1.0,0.945902569823655,True
FBgn0035068,False,0.0,,0.9732742254320552,True
FBgn0035069,False,0.0,,0.9732742254320552,True
FBgn0035070,False,0.0,,0.9732742254320552,True
FBgn0035073,False,0.0,1.0,0.9895093261307811,True
FBgn0035076,False,0.0,1.0,0.9988746012173879,True
FBgn0035077,False,0.0,0.8571428571428571,0.8477188655980271,True
FBgn0035078,False,0.0,0.8571428571428571,0.8873133305932319,True
FBgn0035082,False,0.0,0.8571428571428571,0.8808153758831934,True
FBgn0035083,False,0.0,1.0,0.9856340398880473,True
FBgn0035084,False,0.0,1.0,0.9980525708022625,True
FBgn0035085,True,0.42857142857142855,1.0,0.9999608556945179,False
FBgn0035086,False,0.0,1.0,0.9540641575166853,True
FBgn0035087,False,0.0,0.5714285714285714,0.811236372888654,True
FBgn0035088,False,0.0,0.7142857142857143,0.8641692599769049,True
FBgn0035089,False,0.0,1.0,0.9560018006380522,True
FBgn0035090,False,0.0,0.7142857142857143,0.8376489930127415,True
FBgn0035091,False,0.0,1.0,0.9949210263636897,True
FBgn0035092,False,0.0,1.0,0.9526941068248097,True
FBgn0035094,False,0.0,0.7142857142857143,0.8773364257334664,True
FBgn0035097,False,0.0,1.0,0.9090286340594602,True
FBgn0035099,False,0.0,0.8571428571428571,0.9112500733955727,True
FBgn0035100,False,0.0,1.0,0.9749672166441588,True
FBgn0035101,False,0.0,1.0,0.976151331884994,True
FBgn0035102,False,0.0,1.0,0.9886187931810619,True
FBgn0035103,False,0.0,1.0,0.9855068208952302,True
FBgn0035104,False,0.0,0.5714285714285714,0.7957939443759419,True
FBgn0035106,False,0.0,1.0,0.9741647583817744,True
FBgn0035107,False,0.0,1.0,0.9528800422758499,True
FBgn0035109,False,0.0,1.0,0.9812303055213043,True
FBgn0035110,False,0.0,1.0,0.9329066604035778,True
FBgn0035111,False,0.0,0.42857142857142855,0.8447732566104946,True
FBgn0035112,False,0.0,0.8571428571428571,0.9546806803280293,True
FBgn0035113,False,0.0,1.0,0.9987180239954593,True
FBgn0035120,False,0.0,1.0,0.9829037245806667,True
FBgn0035121,False,0.0,0.7142857142857143,0.9319574109956354,True
FBgn0035122,False,0.0,0.8571428571428571,0.8858943495195036,True
FBgn0035124,False,0.0,0.8571428571428571,0.8906601687119566,True
FBgn0035131,False,0.0,1.0,0.9062689605229679,True
FBgn0035132,False,0.0,1.0,0.9876010412385259,True
FBgn0035133,False,0.0,1.0,0.9506390307869963,True
FBgn0035134,False,0.0,1.0,0.9535944258508994,True
FBgn0035136,False,0.0,1.0,0.9499246472119468,True
FBgn0035137,False,0.0,1.0,0.9867202943651773,True
FBgn0035138,False,0.0,1.0,0.9353923238016949,True
FBgn0035139,False,0.0,0.7142857142857143,0.9200917933963557,True
FBgn0035140,False,0.0,1.0,0.8837414127179848,True
FBgn0035141,False,0.0,1.0,0.9572152741079991,True
FBgn0035142,False,0.0,1.0,0.9572348462607402,True
FBgn0035143,False,0.0,1.0,0.9604251071575363,True
FBgn0035144,False,0.0,1.0,0.9610318438925097,True
FBgn0035145,False,0.0,0.7142857142857143,0.9091069226704245,True
FBgn0035146,False,0.0,1.0,0.953643356232752,True
FBgn0035147,False,0.0,1.0,0.9990507505920576,True
FBgn0035148,False,0.0,1.0,0.976151331884994,True
FBgn0035149,False,0.0,1.0,0.985066447458556,True
FBgn0035150,False,0.0,1.0,0.9965846593466816,True
FBgn0035151,False,0.0,1.0,0.9906836552952459,True
FBgn0035152,False,0.0,1.0,0.9605621122267238,True
FBgn0035153,False,0.0,0.7142857142857143,0.884994030493414,True
FBgn0035154,False,0.0,1.0,0.9954201162585873,True
FBgn0035155,False,0.0,1.0,0.9531051220323724,True
FBgn0035157,False,0.0,1.0,0.9760632571976592,True
FBgn0035158,False,0.0,1.0,0.9919949895288983,True
FBgn0035159,False,0.0,1.0,0.9343941440118999,True
FBgn0035160,False,0.0,1.0,0.9606501869140587,True
FBgn0035161,False,0.0,1.0,0.98078993208463,True
FBgn0035162,False,0.0,0.5714285714285714,0.8098271778912962,True
FBgn0035164,False,0.0,1.0,0.9800070459749868,True
FBgn0035165,False,0.0,1.0,0.9908793768226567,True
FBgn0035166,False,0.0,1.0,0.9640850997201182,True
FBgn0035167,False,0.0,1.0,0.9939130604975241,True
FBgn0035168,False,0.0,0.2857142857142857,0.7191885385473549,True
FBgn0035169,False,0.0,1.0,0.9735580216468009,True
FBgn0035170,False,0.0,1.0,0.9776779597987982,True
FBgn0035171,False,0.0,1.0,0.9680973910320396,True
FBgn0035173,False,0.0,1.0,0.9973577593799542,True
FBgn0035176,False,0.0,1.0,0.9757501027538019,True
FBgn0035178,False,0.0,1.0,0.9597107235824869,True
FBgn0035179,False,0.0,1.0,0.9718943886638092,True
FBgn0035181,False,0.0,0.7142857142857143,0.832168790245239,True
FBgn0035186,False,0.0,0.8571428571428571,0.8826551582408549,True
FBgn0035187,False,0.0,1.0,0.9684545828195643,True
FBgn0035189,True,0.0,1.0,0.9999902139236294,False
FBgn0035192,False,0.0,0.8571428571428571,0.9035141800246609,True
FBgn0035193,False,0.0,1.0,0.9511381206818939,True
FBgn0035194,False,0.0,1.0,0.9536237840800109,True
FBgn0035195,False,0.0,1.0,0.9344235022410114,True
FBgn0035196,False,0.0,0.8571428571428571,0.8899262129841661,True
FBgn0035197,False,0.0,,0.9732742254320552,True
FBgn0035198,False,0.0,,0.9732742254320552,True
FBgn0035199,False,0.0,0.8571428571428571,0.9253224512164093,True
FBgn0035202,False,0.0,0.8571428571428571,0.938073708727223,True
FBgn0035203,False,0.0,1.0,0.9894603957489284,True
FBgn0035204,False,0.0,1.0,0.9886677235629147,True
FBgn0035205,False,0.0,0.7142857142857143,0.945922141976396,True
FBgn0035206,False,0.0,0.7142857142857143,0.8754917503376196,True
FBgn0035207,False,0.0,1.0,0.9766112774744095,True
FBgn0035208,False,0.0,0.8571428571428571,0.8943299473509091,True
FBgn0035209,False,0.0,1.0,0.9482218699234729,True
FBgn0035210,False,0.0,1.0,0.9909478793572505,True
FBgn0035211,False,0.0,1.0,0.9820327637836885,True
FBgn0035213,False,0.0,1.0,0.972491339322412,True
FBgn0035216,False,0.0,0.5714285714285714,0.7584404908695908,True
FBgn0035217,False,0.0,0.8571428571428571,0.9458878907090991,True
FBgn0035218,False,0.0,1.0,0.9779911142426556,True
FBgn0035227,False,0.0,1.0,0.9660031706887441,True
FBgn0035228,False,0.0,1.0,0.936537294737048,True
FBgn0035229,False,0.0,1.0,0.9578709412248253,True
FBgn0035231,False,0.0,1.0,0.9984244417043431,True
FBgn0035232,False,0.0,1.0,0.9964965846593467,True
FBgn0035233,False,0.0,1.0,0.9683126847121915,True
FBgn0035234,False,0.0,1.0,0.9573914234826688,True
FBgn0035235,False,0.0,1.0,0.9738809621670288,True
FBgn0035236,False,0.0,1.0,0.9772278002857534,True
FBgn0035237,False,0.0,1.0,0.9593779969858884,True
FBgn0035238,False,0.0,1.0,0.956579179143914,True
FBgn0035239,False,0.0,,0.9732742254320552,True
FBgn0035240,False,0.0,,0.9732742254320552,True
FBgn0035241,False,0.0,1.0,0.9940892098721938,True
FBgn0035243,False,0.0,1.0,0.9560213727907932,True
FBgn0035244,False,0.0,1.0,0.9345507212338285,True
FBgn0035245,False,0.0,1.0,0.9617657996203002,True
FBgn0035246,False,0.0,1.0,0.9046836161509404,True
FBgn0035247,False,0.0,1.0,0.9817000371870902,True
FBgn0035248,False,0.0,0.2857142857142857,0.7688333039751042,True
FBgn0035249,False,0.0,1.0,0.9515295637367154,True
FBgn0035251,False,0.0,0.8571428571428571,0.9241774802810562,True
FBgn0035252,False,0.0,0.42857142857142855,0.8302017888947606,True
FBgn0035253,False,0.0,0.8571428571428571,0.8603722623451353,True
FBgn0035254,False,0.0,0.5714285714285714,0.8454093515745797,True
FBgn0035255,False,0.0,,0.9732742254320552,True
FBgn0035256,False,0.0,0.8571428571428571,0.9465533439022958,True
FBgn0035257,False,0.0,0.8571428571428571,0.8903568003444698,True
FBgn0035258,False,0.0,0.8571428571428571,0.9346436889593487,True
FBgn0035259,False,0.0,,0.9732742254320552,True
FBgn0035260,False,0.0,1.0,0.9916916211614115,True
FBgn0035262,False,0.0,1.0,0.9933454680680328,True
FBgn0035263,False,0.0,0.8571428571428571,0.8935959916231186,True
FBgn0035264,False,0.0,0.7142857142857143,0.8236157594973871,True
FBgn0035265,False,0.0,1.0,0.9401434638795921,True
FBgn0035266,False,0.0,1.0,0.9990801088211693,True
FBgn0035267,False,0.0,1.0,0.9964085099720118,True
FBgn0035268,False,0.0,0.8571428571428571,0.9221028320905016,True
FBgn0035270,False,0.0,1.0,0.9603957489284246,True
FBgn0035271,False,0.0,1.0,0.9527430372066624,True
FBgn0035272,False,0.0,0.7142857142857143,0.8822441430332922,True
FBgn0035273,False,0.0,0.8571428571428571,0.8909831092321845,True
FBgn0035279,False,0.0,0.8571428571428571,0.9473460160883096,True
FBgn0035280,False,0.0,,0.9732742254320552,True
FBgn0035281,False,0.0,1.0,0.949709353531795,True
FBgn0035282,False,0.0,0.8571428571428571,0.9145773393615564,True
FBgn0035283,False,0.0,1.0,0.9767776407727086,True
FBgn0035285,False,0.0,1.0,0.995234180807547,True
FBgn0035286,False,0.0,0.7142857142857143,0.8429041160237215,True
FBgn0035287,False,0.0,1.0,0.997191396081655,True
FBgn0035289,False,0.0,1.0,0.9763568394887754,True
FBgn0035290,False,0.0,1.0,0.9676912688626622,True
FBgn0035293,False,0.0,0.8571428571428571,0.9028193686023526,True
FBgn0035294,False,0.0,0.8571428571428571,0.874826297144423,True
FBgn0035295,False,0.0,1.0,0.9925136515765369,True
FBgn0035296,False,0.0,1.0,0.9788620750396336,True
FBgn0035297,False,0.0,1.0,0.9620789540641576,True
FBgn0035298,False,0.0,1.0,0.9669524200966865,True
FBgn0035299,False,0.0,0.5714285714285714,0.9041111306832639,True
FBgn0035300,False,0.0,0.5714285714285714,0.8875922337697923,True
FBgn0035308,False,0.0,1.0,0.9366449415771241,True
FBgn0035309,False,0.0,1.0,0.9432407570508681,True
FBgn0035311,False,0.0,1.0,0.9556788601178243,True
FBgn0035312,False,0.0,1.0,0.9966335897285342,True
FBgn0035313,False,0.0,0.7142857142857143,0.8790979194801637,True
FBgn0035315,False,0.0,1.0,0.9770712230638248,True
FBgn0035316,False,0.0,0.8571428571428571,0.9318693363083006,True
FBgn0035317,False,0.0,0.7142857142857143,0.8181355567298847,True
FBgn0035318,False,0.0,1.0,0.9581351652868298,True
FBgn0035321,False,0.0,0.7142857142857143,0.8653729473704812,True
FBgn0035323,False,0.0,1.0,0.9738026735560644,True
FBgn0035325,False,0.0,1.0,0.9599113381480829,True
FBgn0035328,False,0.0,1.0,0.9161039672753606,True
FBgn0035329,False,0.0,,0.9732742254320552,True
FBgn0035330,False,0.0,,0.9732742254320552,True
FBgn0035331,False,0.0,0.7142857142857143,0.814661499618343,True
FBgn0035332,False,0.0,0.8571428571428571,0.9445863425518173,True
FBgn0035333,False,0.0,0.5714285714285714,0.8802673556064432,True
FBgn0035334,False,0.0,0.7142857142857143,0.8664983461530934,True
FBgn0035335,False,0.0,0.8571428571428571,0.8790538821364962,True
FBgn0035336,False,0.0,0.5714285714285714,0.8545984772865167,True
FBgn0035337,False,0.0,0.5714285714285714,0.7974575773589337,True
FBgn0035338,False,0.0,1.0,0.9889319476249193,True
FBgn0035343,False,0.0,1.0,0.9620006654531932,True
FBgn0035344,True,0.14285714285714285,1.0,0.9997944923962186,False
FBgn0035346,False,0.0,1.0,0.9901454210948663,True
FBgn0035347,False,0.0,1.0,0.9923081439727556,True
FBgn0035348,False,0.0,1.0,0.9682343961012272,True
FBgn0035355,False,0.0,0.5714285714285714,0.740629831875208,True
FBgn0035356,False,0.0,1.0,0.9377214099778834,True
FBgn0035357,False,0.0,0.7142857142857143,0.7539388957391424,True
FBgn0035358,False,0.0,1.0,0.907776016284031,True
FBgn0035359,False,0.0,0.8571428571428571,0.8377077094709647,True
FBgn0035360,False,0.0,1.0,0.9074041453819506,True
FBgn0035364,False,0.0,0.7142857142857143,0.8407120349167205,True
FBgn0035366,False,0.0,1.0,0.9219364687922025,True
FBgn0035367,False,0.0,0.7142857142857143,0.8260720646663926,True
FBgn0035370,False,0.0,1.0,0.9645646174622746,True
FBgn0035371,False,0.0,0.5714285714285714,0.8210126631828234,True
FBgn0035372,False,0.0,0.8571428571428571,0.9048793376783513,True
FBgn0035374,False,0.0,1.0,0.9661793200634138,True
FBgn0035375,False,0.0,0.8571428571428571,0.9190397901865226,True
FBgn0035376,False,0.0,1.0,0.9642416769420469,True
FBgn0035377,False,0.0,0.7142857142857143,0.829957136985497,True
FBgn0035378,False,0.0,0.8571428571428571,0.8420527273794844,True
FBgn0035379,False,0.0,1.0,0.9451050045994559,True
FBgn0035380,False,0.0,0.8571428571428571,0.9465533439022958,True
FBgn0035381,False,0.0,1.0,0.9668594523711663,True
FBgn0035382,False,0.0,,0.9732742254320552,True
FBgn0035383,False,0.0,0.8571428571428571,0.9511283346055233,True
FBgn0035384,False,0.0,,0.9732742254320552,True
FBgn0035385,False,0.0,1.0,0.9619223768422289,True
FBgn0035388,False,0.0,1.0,0.9834615309337874,True
FBgn0035390,False,0.0,1.0,0.9938445579629304,True
FBgn0035392,False,0.0,1.0,0.9668839175620927,True
FBgn0035393,False,0.0,1.0,0.9455111267688333,True
FBgn0035397,False,0.0,0.7142857142857143,0.8403695222437516,True
FBgn0035398,False,0.0,0.7142857142857143,0.8481103086528488,True
FBgn0035399,False,0.0,1.0,0.9636153680543323,True
FBgn0035400,False,0.0,1.0,0.9530659777268902,True
FBgn0035401,False,0.0,0.8571428571428571,0.883183606364864,True
FBgn0035402,False,0.0,1.0,0.9798308966003171,True
FBgn0035403,False,0.0,1.0,0.9990018202102049,True
FBgn0035404,False,0.0,1.0,0.9339733427279667,True
FBgn0035405,False,0.0,1.0,0.972598986162488,True
FBgn0035407,False,0.0,0.5714285714285714,0.7968214823948486,True
FBgn0035409,False,0.0,1.0,0.9827080030532558,True
FBgn0035410,False,0.0,1.0,0.9822284853110994,True
FBgn0035411,False,0.0,1.0,0.9574501399408921,True
FBgn0035412,False,0.0,1.0,0.9682833264830799,True
FBgn0035413,False,0.0,1.0,0.9384309005147476,True
FBgn0035414,False,0.0,0.8571428571428571,0.8539917405515433,True
FBgn0035415,False,0.0,0.5714285714285714,0.7844910261679683,True
FBgn0035416,False,0.0,0.7142857142857143,0.9114457949229836,True
FBgn0035420,False,0.0,0.7142857142857143,0.8547550545084455,True
FBgn0035421,False,0.0,1.0,0.9880512007515706,True
FBgn0035422,False,0.0,1.0,0.931839978079189,True
FBgn0035423,False,0.0,1.0,0.9517154991877557,True
FBgn0035424,False,0.0,0.7142857142857143,0.8275497621983442,True
FBgn0035425,False,0.0,1.0,0.9431820405926448,True
FBgn0035426,False,0.0,0.8571428571428571,0.912776701309377,True
FBgn0035427,False,0.0,1.0,0.9485594895582565,True
FBgn0035428,False,0.0,0.8571428571428571,0.9801636231969154,True
FBgn0035429,False,0.0,1.0,0.9657878770085921,True
FBgn0035430,False,0.0,0.8571428571428571,0.9689585657526472,True
FBgn0035431,False,0.0,0.8571428571428571,0.8885806274832169,True
FBgn0035432,False,0.0,0.8571428571428571,0.8920497915565733,True
FBgn0035434,False,0.0,1.0,0.9588593349382498,True
FBgn0035435,False,0.0,0.7142857142857143,0.8477775820562503,True
FBgn0035436,False,0.0,0.8571428571428571,0.9801636231969154,True
FBgn0035437,False,0.0,0.8571428571428571,0.9100561720783669,True
FBgn0035438,False,0.0,1.0,0.9875912551621553,True
FBgn0035439,False,0.0,1.0,0.9470671129117492,True
FBgn0035440,False,0.0,0.8571428571428571,0.8737889730491457,True
FBgn0035443,False,0.0,1.0,0.9741843305345155,True
FBgn0035444,False,0.0,0.7142857142857143,0.8831738202884936,True
FBgn0035445,False,0.0,1.0,0.9542794511968371,True
FBgn0035449,False,0.0,1.0,0.9391306049752413,True
FBgn0035452,False,0.0,1.0,0.953643356232752,True
FBgn0035453,False,0.0,1.0,0.9503160902667684,True
FBgn0035454,False,0.0,1.0,0.9563834576165032,True
FBgn0035455,False,0.0,0.8571428571428571,0.9650881725480985,True
FBgn0035458,False,0.0,1.0,0.958081341866792,True
FBgn0035461,False,0.0,0.8571428571428571,0.852827197463449,True
FBgn0035462,False,0.0,1.0,0.9345702933865696,True
FBgn0035464,False,0.0,1.0,0.9713463683870589,True
FBgn0035468,False,0.0,0.7142857142857143,0.8193686023525728,True
FBgn0035469,False,0.0,0.5714285714285714,0.8085941322686082,True
FBgn0035470,False,0.0,1.0,0.9247059284050653,True
FBgn0035471,False,0.0,1.0,0.9681169631847807,True
FBgn0035473,False,0.0,1.0,0.958428747577946,True
FBgn0035475,False,0.0,0.5714285714285714,0.8297516293817158,True
FBgn0035476,False,0.0,0.42857142857142855,0.8441175894936683,True
FBgn0035477,False,0.0,0.5714285714285714,0.8595698040827511,True
FBgn0035478,False,0.0,,0.9732742254320552,True
FBgn0035479,False,0.0,,0.9732742254320552,True
FBgn0035480,False,0.0,0.8571428571428571,0.8967862525199146,True
FBgn0035481,False,0.0,0.7142857142857143,0.8298690622981622,True
FBgn0035482,False,0.0,0.8571428571428571,0.8932436928737791,True
FBgn0035483,False,0.0,1.0,0.950091010510246,True
FBgn0035484,False,0.0,0.8571428571428571,0.8660971170219012,True
FBgn0035486,False,0.0,,0.9732742254320552,True
FBgn0035488,False,0.0,1.0,0.9591920615348483,True
FBgn0035489,False,0.0,1.0,0.9713072240815768,True
FBgn0035490,False,0.0,1.0,0.9703971189791165,True
FBgn0035491,False,0.0,,0.9732742254320552,True
FBgn0035495,False,0.0,0.8571428571428571,0.9445863425518173,True
FBgn0035496,False,0.0,1.0,0.9964574403538645,True
FBgn0035497,False,0.0,0.5714285714285714,0.8219521265143953,True
FBgn0035498,False,0.0,0.7142857142857143,0.889417337012898,True
FBgn0035499,False,0.0,1.0,0.9532519131779305,True
FBgn0035500,False,0.0,1.0,0.9968390973323156,True
FBgn0035501,False,0.0,1.0,0.9576165032391912,True
FBgn0035504,False,0.0,1.0,0.9467539584678919,True
FBgn0035505,False,0.0,0.7142857142857143,0.8496467226430235,True
FBgn0035507,False,0.0,1.0,0.9759066799757306,True
FBgn0035508,False,0.0,0.7142857142857143,0.9092047834341299,True
FBgn0035509,False,0.0,1.0,0.9827080030532558,True
FBgn0035510,False,0.0,1.0,0.9434658368073905,True
FBgn0035511,False,0.0,0.5714285714285714,0.8676775683557434,True
FBgn0035512,False,0.0,1.0,0.9704460493609692,True
FBgn0035513,False,0.0,1.0,0.9484175914508837,True
FBgn0035514,False,0.0,1.0,0.9529485448104437,True
FBgn0035515,False,0.0,1.0,0.9941674984831582,True
FBgn0035517,False,0.0,1.0,0.984939228465739,True
FBgn0035518,False,0.0,1.0,0.9597009375061163,True
FBgn0035519,False,0.0,1.0,0.9499246472119468,True
FBgn0035520,False,0.0,1.0,0.9652104985027303,True
FBgn0035521,False,0.0,,0.9732742254320552,True
FBgn0035522,False,0.0,1.0,0.93113538058051,True
FBgn0035523,False,0.0,1.0,0.9990116062865755,True
FBgn0035524,False,0.0,1.0,0.9774920243477581,True
FBgn0035525,False,0.0,0.5714285714285714,0.9041111306832639,True
FBgn0035526,False,0.0,1.0,0.976278550877811,True
FBgn0035528,False,0.0,0.7142857142857143,0.8542657506899183,True
FBgn0035529,False,0.0,1.0,0.9630086313193589,True
FBgn0035532,False,0.0,0.8571428571428571,0.866057972716419,True
FBgn0035533,False,0.0,1.0,0.9832070929481533,True
FBgn0035534,False,0.0,1.0,0.9184232673751787,True
FBgn0035537,False,0.0,1.0,0.9818761865617599,True
FBgn0035538,False,0.0,0.7142857142857143,0.8958174309592312,True
FBgn0035539,False,0.0,1.0,0.9980525708022626,True
FBgn0035540,False,0.0,1.0,0.9861820601647975,True
FBgn0035541,False,0.0,1.0,0.9800266181277278,True
FBgn0035542,False,0.0,1.0,0.9967412365686101,True
FBgn0035543,False,0.0,1.0,0.9416260544497289,True
FBgn0035544,False,0.0,,0.9732742254320552,True
FBgn0035545,False,0.0,,0.9732742254320552,True
FBgn0035546,False,0.0,0.8571428571428571,0.9710283209050163,True
FBgn0035547,False,0.0,,0.9732742254320552,True
FBgn0035548,False,0.0,0.8571428571428571,0.9585461804943926,True
FBgn0035550,False,0.0,0.8571428571428571,0.9465533439022958,True
FBgn0035551,False,0.0,,0.9732742254320552,True
FBgn0035552,False,0.0,,0.9732742254320552,True
FBgn0035553,False,0.0,1.0,0.9502084434266925,True
FBgn0035554,False,0.0,,0.9732742254320552,True
FBgn0035555,False,0.0,,0.9732742254320552,True
FBgn0035557,False,0.0,1.0,0.9851838803750025,True
FBgn0035558,False,0.0,1.0,0.9821795549292467,True
FBgn0035562,False,0.0,1.0,0.9326815806470554,True
FBgn0035563,False,0.0,0.8571428571428571,0.9650881725480985,True
FBgn0035567,False,0.0,,0.9732742254320552,True
FBgn0035568,False,0.0,,0.9732742254320552,True
FBgn0035569,False,0.0,0.8571428571428571,0.9465533439022958,True
FBgn0035570,False,0.0,,0.9732742254320552,True
FBgn0035571,False,0.0,0.8571428571428571,0.9017380071634079,True
FBgn0035572,False,0.0,,0.9732742254320552,True
FBgn0035574,False,0.0,1.0,0.9601168457518643,True
FBgn0035575,False,0.0,1.0,0.9883349969663163,True
FBgn0035577,False,0.0,1.0,0.9683518290176737,True
FBgn0035578,False,0.0,1.0,0.972652809582526,True
FBgn0035581,False,0.0,1.0,0.959152917229366,True
FBgn0035582,False,0.0,1.0,0.8724384945100112,True
FBgn0035583,False,0.0,0.8571428571428571,0.9465533439022958,True
FBgn0035584,False,0.0,,0.9732742254320552,True
FBgn0035585,False,0.0,,0.9732742254320552,True
FBgn0035586,False,0.0,0.8571428571428571,0.9075313643747676,True
FBgn0035587,False,0.0,1.0,0.8972853424148122,True
FBgn0035588,False,0.0,1.0,0.9559137259507173,True
FBgn0035589,False,0.0,1.0,0.9683518290176737,True
FBgn0035590,False,0.0,1.0,0.9905075059205762,True
FBgn0035591,False,0.0,1.0,0.9549351183136633,True
FBgn0035592,False,0.0,1.0,0.9255768892020434,True
FBgn0035593,False,0.0,1.0,0.9531834106433367,True
FBgn0035594,False,0.0,0.8571428571428571,0.9689585657526472,True
FBgn0035598,False,0.0,1.0,0.9499246472119468,True
FBgn0035600,False,0.0,1.0,0.941900064588104,True
FBgn0035601,False,0.0,0.5714285714285714,0.7811833323547257,True
FBgn0035603,False,0.0,1.0,0.9936586225118901,True
FBgn0035604,False,0.0,,0.9732742254320552,True
FBgn0035607,False,0.0,1.0,0.9377996985888478,True
FBgn0035608,False,0.0,1.0,0.9705439101246747,True
FBgn0035610,False,0.0,0.8571428571428571,0.9122042158417004,True
FBgn0035611,False,0.0,,0.9732742254320552,True
FBgn0035612,False,0.0,1.0,0.9636055819779618,True
FBgn0035617,False,0.0,0.42857142857142855,0.7750278903176561,True
FBgn0035619,False,0.0,0.5714285714285714,0.8286947331336973,True
FBgn0035620,False,0.0,0.7142857142857143,0.8734856046816589,True
FBgn0035621,False,0.0,1.0,0.9700594993443329,True
FBgn0035622,False,0.0,1.0,0.9484273775272543,True
FBgn0035623,False,0.0,1.0,0.9673340770751375,True
FBgn0035624,False,0.0,1.0,0.9730197874464213,True
FBgn0035625,False,0.0,1.0,0.9590746286184018,True
FBgn0035626,False,0.0,0.8571428571428571,0.8468968351829017,True
FBgn0035627,False,0.0,0.7142857142857143,0.8251228152584502,True
FBgn0035630,False,0.0,1.0,0.9626367604172783,True
FBgn0035631,False,0.0,1.0,0.9552091284520384,True
FBgn0035632,False,0.0,0.8571428571428571,0.8711467324290999,True
FBgn0035636,False,0.0,1.0,0.9526598555575128,True
FBgn0035638,False,0.0,0.5714285714285714,0.8263558608811383,True
FBgn0035639,False,0.0,0.8571428571428571,0.8879592116336875,True
FBgn0035640,False,0.0,0.7142857142857143,0.8817450531383947,True
FBgn0035641,False,0.0,0.7142857142857143,0.8080167537627464,True
FBgn0035642,False,0.0,0.8571428571428571,0.9071203491672049,True
FBgn0035643,False,0.0,1.0,0.9720509658857378,True
FBgn0035644,False,0.0,1.0,0.9910163818918443,True
FBgn0035645,False,0.0,1.0,0.9775115965004991,True
FBgn0035647,False,0.0,0.8571428571428571,0.9650881725480985,True
FBgn0035648,False,0.0,0.8571428571428571,0.9650881725480985,True
FBgn0035649,False,0.0,0.8571428571428571,0.8867848824692227,True
FBgn0035656,False,0.0,0.5714285714285714,0.8693460943769206,True
FBgn0035657,False,0.0,,0.9732742254320552,True
FBgn0035661,False,0.0,0.8571428571428571,0.9710283209050163,True
FBgn0035663,False,0.0,0.8571428571428571,0.9650881725480985,True
FBgn0035665,False,0.0,0.8571428571428571,0.911416436693872,True
FBgn0035666,False,0.0,,0.9732742254320552,True
FBgn0035667,False,0.0,0.7142857142857143,0.8496320435284677,True
FBgn0035669,False,0.0,0.8571428571428571,0.8843285773002173,True
FBgn0035670,False,0.0,0.42857142857142855,0.8239974164758381,True
FBgn0035673,False,0.0,1.0,0.9523711663045819,True
FBgn0035674,False,0.0,0.8571428571428571,0.9105846202023761,True
FBgn0035675,False,0.0,0.8571428571428571,0.8711271602763588,True
FBgn0035676,False,0.0,1.0,0.9852817411387078,True
FBgn0035677,False,0.0,0.8571428571428571,0.8864521558726244,True
FBgn0035678,False,0.0,1.0,0.9884230716536512,True
FBgn0035679,False,0.0,1.0,0.9767874268490792,True
FBgn0035685,False,0.0,0.8571428571428571,0.9134764057698707,True
FBgn0035686,False,0.0,0.8571428571428571,0.9458829976709138,True
FBgn0035687,False,0.0,0.42857142857142855,0.7787270271857202,True
FBgn0035688,False,0.0,0.7142857142857143,0.8917855674945687,True
FBgn0035689,False,0.0,1.0,0.9626367604172783,True
FBgn0035690,False,0.0,1.0,0.9329360186326894,True
FBgn0035691,False,0.0,0.7142857142857143,0.86480535494099,True
FBgn0035692,False,0.0,0.8571428571428571,0.8668408588260623,True
FBgn0035693,False,0.0,1.0,0.9527821815121446,True
FBgn0035694,False,0.0,0.8571428571428571,0.9522439473117648,True
FBgn0035695,False,0.0,1.0,0.9608948388233222,True
FBgn0035696,False,0.0,0.8571428571428571,0.9172636173252696,True
FBgn0035697,False,0.0,0.8571428571428571,0.894672460023878,True
FBgn0035699,False,0.0,,0.9732742254320552,True
FBgn0035700,False,0.0,,0.9732742254320552,True
FBgn0035701,False,0.0,,0.9732742254320552,True
FBgn0035702,False,0.0,0.8571428571428571,0.86552952459241,True
FBgn0035703,False,0.0,0.7142857142857143,0.8685338500381656,True
FBgn0035704,False,0.0,0.5714285714285714,0.8492454935118314,True
FBgn0035707,False,0.0,1.0,0.9821991270819878,True
FBgn0035708,False,0.0,1.0,0.9913393224120721,True
FBgn0035709,False,0.0,,0.9732742254320552,True
FBgn0035710,False,0.0,1.0,0.9995596265633258,True
FBgn0035711,False,0.0,0.5714285714285714,0.9194752705850117,True
FBgn0035713,False,0.0,0.7142857142857143,0.8333724776388155,True
FBgn0035714,False,0.0,1.0,0.9752901571643865,True
FBgn0035715,False,0.0,1.0,0.946646311627816,True
FBgn0035718,False,0.0,,0.9732742254320552,True
FBgn0035719,False,0.0,1.0,0.9438279216331005,True
FBgn0035720,False,0.0,1.0,0.9662184643688959,True
FBgn0035721,False,0.0,0.5714285714285714,0.7374885013602646,True
FBgn0035722,False,0.0,0.5714285714285714,0.8252108899457851,True
FBgn0035724,False,0.0,1.0,0.9786272092067406,True
FBgn0035725,False,0.0,1.0,0.9496799953026833,True
FBgn0035726,False,0.0,1.0,0.9784021294502183,True
FBgn0035727,True,0.2857142857142857,1.0,0.9997749202434776,False
FBgn0035730,False,0.0,,0.9732742254320552,True
FBgn0035733,False,0.0,1.0,0.9432016127453858,True
FBgn0035734,False,0.0,,0.9732742254320552,True
FBgn0035735,False,0.0,,0.9732742254320552,True
FBgn0035736,False,0.0,0.42857142857142855,0.8273736128236745,True
FBgn0035737,False,0.0,0.5714285714285714,0.8823371107588124,True
FBgn0035741,False,0.0,0.7142857142857143,0.888110895817431,True
FBgn0035742,False,0.0,,0.9732742254320552,True
FBgn0035743,False,0.0,0.8571428571428571,0.9271377683831444,True
FBgn0035746,False,0.0,0.8571428571428571,0.9271769126886266,True
FBgn0035750,False,0.0,1.0,0.9473411230501243,True
FBgn0035751,False,0.0,1.0,0.9538390777601629,True
FBgn0035753,False,0.0,0.8571428571428571,0.8824007202552209,True
FBgn0035754,False,0.0,0.7142857142857143,0.8833303975104222,True
FBgn0035755,False,0.0,1.0,0.9553216683302996,True
FBgn0035756,False,0.0,0.8571428571428571,0.9346436889593487,True
FBgn0035760,False,0.0,1.0,0.9702894721390406,True
FBgn0035761,False,0.0,1.0,0.9984440138570841,True
FBgn0035762,False,0.0,0.8571428571428571,0.95251795745014,True
FBgn0035763,False,0.0,1.0,0.959260564069442,True
FBgn0035765,False,0.0,1.0,0.9991192531266514,True
FBgn0035766,False,0.0,1.0,0.9926017262638718,True
FBgn0035767,False,0.0,1.0,0.9262619145479811,True
FBgn0035768,False,0.0,0.8571428571428571,0.8641888321296459,True
FBgn0035769,False,0.0,1.0,0.989724619810933,True
FBgn0035770,False,0.0,1.0,0.9394144011899869,True
FBgn0035771,False,0.0,0.8571428571428571,0.9117295911377292,True
FBgn0035772,False,0.0,1.0,0.9419979253518095,True
FBgn0035776,False,0.0,1.0,0.9566476816785078,True
FBgn0035777,False,0.0,1.0,0.9200183978235766,True
FBgn0035779,False,0.0,1.0,0.9685230853541581,True
FBgn0035780,False,0.0,0.5714285714285714,0.8749828743663516,True
FBgn0035781,False,0.0,1.0,0.9604593584248331,True
FBgn0035782,False,0.0,0.42857142857142855,0.8044839801929814,True
FBgn0035785,False,0.0,,0.9732742254320552,True
FBgn0035786,False,0.0,,0.9732742254320552,True
FBgn0035787,False,0.0,0.8571428571428571,0.9585461804943926,True
FBgn0035788,False,0.0,,0.9732742254320552,True
FBgn0035789,False,0.0,1.0,0.9977198442056642,True
FBgn0035790,False,0.0,0.8571428571428571,0.9370902080519836,True
FBgn0035791,False,0.0,1.0,0.9601951343628286,True
FBgn0035792,False,0.0,,0.9732742254320552,True
FBgn0035793,False,0.0,1.0,0.9764742724052219,True
FBgn0035795,False,0.0,1.0,0.9835691777738633,True
FBgn0035797,False,0.0,0.8571428571428571,0.9275977139725599,True
FBgn0035798,False,0.0,1.0,0.9752656919734601,True
FBgn0035799,False,0.0,,0.9732742254320552,True
FBgn0035800,False,0.0,,0.9732742254320552,True
FBgn0035802,False,0.0,1.0,0.9814651713541973,True
FBgn0035805,False,0.0,1.0,0.9600336641027146,True
FBgn0035806,False,0.0,1.0,0.983980192981426,True
FBgn0035807,False,0.0,0.5714285714285714,0.8918638561055331,True
FBgn0035811,False,0.0,1.0,0.9987571683009414,True
FBgn0035812,False,0.0,0.8571428571428571,0.906034094690075,True
FBgn0035813,False,0.0,1.0,0.9657878770085921,True
FBgn0035815,False,0.0,0.7142857142857143,0.8639392871821971,True
FBgn0035816,False,0.0,,0.9732742254320552,True
FBgn0035817,False,0.0,,0.9732742254320552,True
FBgn0035823,False,0.0,0.8571428571428571,0.8976523202787074,True
FBgn0035824,False,0.0,0.8571428571428571,0.8935862055467481,True
FBgn0035825,False,0.0,1.0,0.9052316364276907,True
FBgn0035827,False,0.0,0.8571428571428571,0.811236372888654,True
FBgn0035829,False,0.0,1.0,0.9793024484763079,True
FBgn0035830,False,0.0,1.0,0.9629107705556534,True
FBgn0035831,False,0.0,0.5714285714285714,0.8174407453075764,True
FBgn0035832,False,0.0,1.0,0.9104867594386706,True
FBgn0035833,False,0.0,1.0,0.9560800892490164,True
FBgn0035838,False,0.0,1.0,0.9226508523672519,True
FBgn0035839,False,0.0,1.0,0.9308124400602822,True
FBgn0035842,False,0.0,0.7142857142857143,0.8075665942497015,True
FBgn0035844,False,0.0,1.0,0.9700741784588887,True
FBgn0035845,False,0.0,0.42857142857142855,0.8739700154620007,True
FBgn0035847,False,0.0,0.8571428571428571,0.935519542794512,True
FBgn0035848,False,0.0,1.0,0.9821991270819878,True
FBgn0035849,False,0.0,1.0,0.9729512849118275,True
FBgn0035850,False,0.0,1.0,0.9761709040377351,True
FBgn0035851,False,0.0,1.0,0.9730980760573855,True
FBgn0035852,False,0.0,1.0,0.9535259233163056,True
FBgn0035853,False,0.0,1.0,0.9463723014894408,True
FBgn0035854,False,0.0,0.42857142857142855,0.8604407648797292,True
FBgn0035855,False,0.0,1.0,0.9676863758244769,True
FBgn0035856,False,0.0,0.42857142857142855,0.741481220519445,True
FBgn0035857,False,0.0,1.0,0.9501105826629871,True
FBgn0035858,False,0.0,0.8571428571428571,0.9480310414342473,True
FBgn0035859,False,0.0,0.8571428571428571,0.9337531560096295,True
FBgn0035860,False,0.0,0.5714285714285714,0.8705497817704969,True
FBgn0035861,False,0.0,0.8571428571428571,0.9168330299649659,True
FBgn0035865,False,0.0,1.0,0.958154737439571,True
FBgn0035866,False,0.0,0.5714285714285714,0.8520932417356585,True
FBgn0035867,False,0.0,0.8571428571428571,0.8979018652261562,True
FBgn0035868,False,0.0,0.7142857142857143,0.7768187422934649,True
FBgn0035870,False,0.0,1.0,0.9692032176619106,True
FBgn0035871,False,0.0,0.7142857142857143,0.8529152721507839,True
FBgn0035872,False,0.0,0.5714285714285714,0.839508347523144,True
FBgn0035873,False,0.0,0.7142857142857143,0.8576810913432369,True
FBgn0035875,False,0.0,0.8571428571428571,0.9445863425518173,True
FBgn0035876,False,0.0,1.0,0.9638698060399663,True
FBgn0035877,False,0.0,1.0,0.9810639422230051,True
FBgn0035878,False,0.0,0.8571428571428571,0.8993599906053666,True
FBgn0035879,False,0.0,1.0,0.9951852504256943,True
FBgn0035880,False,0.0,1.0,0.9531442663378545,True
FBgn0035886,False,0.0,0.8571428571428571,0.9480310414342473,True
FBgn0035887,False,0.0,0.8571428571428571,0.9480310414342473,True
FBgn0035888,False,0.0,0.8571428571428571,0.9014248527195506,True
FBgn0035889,False,0.0,,0.9732742254320552,True
FBgn0035890,False,0.0,1.0,0.9739298925488815,True
FBgn0035891,False,0.0,1.0,0.9908989489753978,True
FBgn0035892,False,0.0,0.5714285714285714,0.8281467128569471,True
FBgn0035895,False,0.0,1.0,0.9337776212005559,True
FBgn0035896,False,0.0,0.8571428571428571,0.8899849294423894,True
FBgn0035898,False,0.0,0.8571428571428571,0.849529289726577,True
FBgn0035899,False,0.0,0.8571428571428571,0.9465533439022958,True
FBgn0035900,False,0.0,1.0,0.9686747695379014,True
FBgn0035901,False,0.0,1.0,0.9760730432740298,True
FBgn0035902,False,0.0,1.0,0.9404712974380052,True
FBgn0035903,False,0.0,1.0,0.9985418746207896,True
FBgn0035904,False,0.0,0.8571428571428571,0.8755406807194723,True
FBgn0035906,False,0.0,1.0,0.9558647955688646,True
FBgn0035907,False,0.0,1.0,0.947027968606267,True
FBgn0035909,False,0.0,0.5714285714285714,0.8640909713659406,True
FBgn0035911,False,0.0,1.0,0.9700350341534065,True
FBgn0035914,False,0.0,1.0,0.9379660618871469,True
FBgn0035915,False,0.0,1.0,0.9709353531794962,True
FBgn0035916,False,0.0,0.8571428571428571,0.8407022488403499,True
FBgn0035917,False,0.0,0.7142857142857143,0.87422934648582,True
FBgn0035918,False,0.0,1.0,0.9647603389896855,True
FBgn0035921,False,0.0,0.8571428571428571,0.894398449885503,True
FBgn0035922,False,0.0,1.0,0.9231988726440021,True
FBgn0035923,False,0.0,1.0,0.9627346211809837,True
FBgn0035924,False,0.0,,0.9732742254320552,True
FBgn0035926,False,0.0,1.0,0.9810003327265966,True
FBgn0035928,False,0.0,0.8571428571428571,0.9121846436889594,True
FBgn0035929,False,0.0,0.8571428571428571,0.9710283209050163,True
FBgn0035931,False,0.0,1.0,0.9514512751257511,True
FBgn0035932,False,0.0,1.0,0.99927583034858,True
FBgn0035933,False,0.0,1.0,0.9967803808740924,True
FBgn0035934,False,0.0,1.0,0.9100855303074785,True
FBgn0035935,False,0.0,1.0,0.9691151429745758,True
FBgn0035936,False,0.0,1.0,0.9677450922827002,True
FBgn0035937,False,0.0,1.0,0.997299042921731,True
FBgn0035938,False,0.0,0.8571428571428571,0.9038713718121856,True
FBgn0035941,False,0.0,1.0,0.931732331239113,True
FBgn0035942,False,0.0,0.7142857142857143,0.866889789207915,True
FBgn0035943,False,0.0,1.0,0.9291977374591431,True
FBgn0035944,False,0.0,0.5714285714285714,0.8541581038498425,True
FBgn0035945,False,0.0,0.7142857142857143,0.9186581332080715,True
FBgn0035947,False,0.0,1.0,0.9633413579159572,True
FBgn0035948,False,0.0,0.7142857142857143,0.8326287358346545,True
FBgn0035949,False,0.0,0.8571428571428571,0.8380893664494158,True
FBgn0035950,False,0.0,1.0,0.9816511068052375,True
FBgn0035951,False,0.0,1.0,0.971600806372693,True
FBgn0035952,False,0.0,0.8571428571428571,0.8976767854696338,True
FBgn0035953,False,0.0,0.42857142857142855,0.8577887381833128,True
FBgn0035954,False,0.0,0.42857142857142855,0.8280146008259448,True
FBgn0035955,False,0.0,0.8571428571428571,0.9710283209050163,True
FBgn0035956,False,0.0,0.8571428571428571,0.9473460160883096,True
FBgn0035957,False,0.0,1.0,0.9978274910457401,True
FBgn0035959,False,0.0,0.8571428571428571,0.9175914508836827,True
FBgn0035960,False,0.0,1.0,0.9575969310864502,True
FBgn0035964,False,0.0,1.0,0.9628226958683186,True
FBgn0035965,False,0.0,1.0,0.9603859628520541,True
FBgn0035966,False,0.0,1.0,0.9794394535454956,True
FBgn0035967,False,0.0,1.0,0.9651713541972482,True
FBgn0035968,False,0.0,1.0,0.9994715518759909,True
FBgn0035969,False,0.0,1.0,0.9977589885111464,True
FBgn0035970,False,0.0,0.8571428571428571,0.9650881725480985,True
FBgn0035971,False,0.0,0.8571428571428571,0.9473460160883096,True
FBgn0035975,False,0.0,1.0,0.9899496995674554,True
FBgn0035976,False,0.0,1.0,0.9574403538645215,True
FBgn0035977,False,0.0,1.0,0.95741099563541,True
FBgn0035978,False,0.0,1.0,0.9748302115749712,True
FBgn0035980,False,0.0,0.5714285714285714,0.8160804806920714,True
FBgn0035981,False,0.0,0.7142857142857143,0.902119664141859,True
FBgn0035982,False,0.0,0.8571428571428571,0.9066604035777895,True
FBgn0035983,False,0.0,1.0,0.9674417239152134,True
FBgn0035985,False,0.0,1.0,0.94236979625389,True
FBgn0035986,False,0.0,1.0,0.9866420057542129,True
FBgn0035987,False,0.0,0.7142857142857143,0.8918247118000509,True
FBgn0035988,False,0.0,1.0,0.9410388898674965,True
FBgn0035989,False,0.0,0.8571428571428571,0.9123363278727027,True
FBgn0035993,False,0.0,1.0,0.9629205566320239,True
FBgn0035995,False,0.0,1.0,0.9582721703560174,True
FBgn0035996,False,0.0,0.8571428571428571,0.8911984029123363,True
FBgn0035997,False,0.0,1.0,0.9749965748732703,True
FBgn0035998,False,0.0,0.8571428571428571,0.8943886638091324,True
FBgn0035999,False,0.0,0.5714285714285714,0.7972422836787818,True
FBgn0036000,False,0.0,0.7142857142857143,0.880463077133854,True
FBgn0036003,False,0.0,1.0,0.9706368778501947,True
FBgn0036004,False,0.0,1.0,0.9696631632513261,True
FBgn0036005,False,0.0,0.42857142857142855,0.8304660129567651,True
FBgn0036007,False,0.0,1.0,0.9980036404204099,True
FBgn0036008,False,0.0,1.0,0.9356859060928111,True
FBgn0036009,False,0.0,0.8571428571428571,0.9152868298984205,True
FBgn0036010,False,0.0,0.8571428571428571,0.9271377683831444,True
FBgn0036013,False,0.0,0.8571428571428571,0.9346436889593487,True
FBgn0036014,False,0.0,1.0,0.9760583641594739,True
FBgn0036015,False,0.0,0.8571428571428571,0.9627150490282426,True
FBgn0036016,False,0.0,1.0,0.9657878770085921,True
FBgn0036017,False,0.0,0.7142857142857143,0.8449591920615349,True
FBgn0036018,False,0.0,1.0,0.9720901101912199,True
FBgn0036019,False,0.0,0.8571428571428571,0.8973636310257765,True
FBgn0036020,False,0.0,0.8571428571428571,0.9018750122325955,True
FBgn0036022,False,0.0,1.0,0.9606110426085765,True
FBgn0036023,False,0.0,1.0,0.9601755622100875,True
FBgn0036024,False,0.0,1.0,0.9782455522282896,True
FBgn0036028,False,0.0,1.0,0.9814358131250857,True
FBgn0036029,False,0.0,0.5714285714285714,0.8172548098565362,True
FBgn0036030,False,0.0,0.8571428571428571,0.9126299101638189,True
FBgn0036031,False,0.0,0.2857142857142857,0.7967823380893664,True
FBgn0036032,False,0.0,0.7142857142857143,0.8488834086861214,True
FBgn0036035,False,0.0,0.8571428571428571,0.9035288591392168,True
FBgn0036036,False,0.0,1.0,0.9523613802282113,True
FBgn0036038,False,0.0,0.7142857142857143,0.8396355665159612,True
FBgn0036039,False,0.0,0.5714285714285714,0.89416358405261,True
FBgn0036040,False,0.0,0.5714285714285714,0.8237821227956863,True
FBgn0036043,False,0.0,0.8571428571428571,0.9026970426477208,True
FBgn0036044,False,0.0,0.8571428571428571,0.9473460160883096,True
FBgn0036046,False,0.0,,0.9732742254320552,True
FBgn0036052,False,0.0,1.0,0.9661401757579317,True
FBgn0036053,False,0.0,1.0,0.9891863856105533,True
FBgn0036056,False,0.0,,0.9732742254320552,True
FBgn0036057,False,0.0,,0.9732742254320552,True
FBgn0036058,False,0.0,1.0,0.9860450550956099,True
FBgn0036059,False,0.0,1.0,0.9936879807410017,True
FBgn0036062,False,0.0,1.0,0.9784510598320709,True
FBgn0036063,False,0.0,0.7142857142857143,0.8492552795882019,True
FBgn0036064,False,0.0,,0.9732742254320552,True
FBgn0036066,False,0.0,0.8571428571428571,0.9465533439022958,True
FBgn0036068,False,0.0,0.8571428571428571,0.8869903900730042,True
FBgn0036070,False,0.0,,0.9732742254320552,True
FBgn0036072,False,0.0,,0.9732742254320552,True
FBgn0036075,False,0.0,0.8571428571428571,0.9689585657526472,True
FBgn0036078,False,0.0,,0.9732742254320552,True
FBgn0036080,False,0.0,,0.9732742254320552,True
FBgn0036082,False,0.0,1.0,0.9381226391090756,True
FBgn0036083,False,0.0,1.0,0.9305482159982776,True
FBgn0036085,False,0.0,0.8571428571428571,0.8568884191572231,True
FBgn0036089,False,0.0,0.8571428571428571,0.9650881725480985,True
FBgn0036090,False,0.0,0.5714285714285714,0.8414851349499932,True
FBgn0036091,False,0.0,0.5714285714285714,0.8880081420155402,True
FBgn0036093,False,0.0,0.42857142857142855,0.7785508778110505,True
FBgn0036094,False,0.0,1.0,0.9405789442780812,True
FBgn0036096,False,0.0,1.0,0.9758577495938778,True
FBgn0036099,False,0.0,0.7142857142857143,0.8365040220773883,True
FBgn0036101,False,0.0,1.0,0.9892548881451471,True
FBgn0036102,False,0.0,0.7142857142857143,0.8606952028653632,True
FBgn0036104,False,0.0,1.0,0.9854481044370069,True
FBgn0036105,False,0.0,1.0,0.9238056093789756,True
FBgn0036106,False,0.0,1.0,0.9777709275243184,True
FBgn0036107,False,0.0,0.7142857142857143,0.7527058501164543,True
FBgn0036108,False,0.0,,0.9732742254320552,True
FBgn0036109,False,0.0,1.0,0.9416260544497289,True
FBgn0036110,False,0.0,1.0,0.9900377742547903,True
FBgn0036111,False,0.0,0.7142857142857143,0.8897892079149785,True
FBgn0036112,False,0.0,,0.9732742254320552,True
FBgn0036115,False,0.0,0.8571428571428571,0.9161528976572133,True
FBgn0036116,False,0.0,1.0,0.9920145616816394,True
FBgn0036117,False,0.0,0.42857142857142855,0.7299727947076899,True
FBgn0036118,False,0.0,0.7142857142857143,0.7987982698216977,True
FBgn0036121,False,0.0,0.7142857142857143,0.8507134049674123,True
FBgn0036122,False,0.0,1.0,0.9793807370872722,True
FBgn0036124,False,0.0,1.0,0.9849783727712211,True
FBgn0036125,False,0.0,1.0,0.9854774626661187,True
FBgn0036126,False,0.0,0.8571428571428571,0.8284500812244339,True
FBgn0036128,False,0.0,0.8571428571428571,0.9297066134304113,True
FBgn0036131,False,0.0,0.8571428571428571,0.9473460160883096,True
FBgn0036133,False,0.0,0.7142857142857143,0.8510167733348991,True
FBgn0036134,False,0.0,1.0,0.9664239719726773,True
FBgn0036135,False,0.0,1.0,0.9143620456814046,True
FBgn0036136,False,0.0,1.0,0.9777953927152447,True
FBgn0036139,False,0.0,0.7142857142857143,0.8547501614702602,True
FBgn0036141,False,0.0,1.0,0.9677353062063296,True
FBgn0036142,False,0.0,0.7142857142857143,0.8620750396336093,True
FBgn0036143,False,0.0,1.0,0.9440138570841407,True
FBgn0036144,False,0.0,1.0,0.9722662595658896,True
FBgn0036145,False,0.0,1.0,0.9943925782396806,True
FBgn0036146,False,0.0,1.0,0.9551308398410742,True
FBgn0036147,False,0.0,1.0,0.9900084160256787,True
FBgn0036150,False,0.0,1.0,0.9786859256649639,True
FBgn0036152,False,0.0,0.5714285714285714,0.8126455678860118,True
FBgn0036153,False,0.0,1.0,0.9401581429941479,True
FBgn0036154,False,0.0,0.5714285714285714,0.817832188362398,True
FBgn0036155,False,0.0,1.0,0.9577730804611199,True
FBgn0036156,False,0.0,,0.9732742254320552,True
FBgn0036157,False,0.0,1.0,0.9314876793298495,True
FBgn0036158,False,0.0,0.8571428571428571,0.9585461804943926,True
FBgn0036159,False,0.0,0.8571428571428571,0.9180611825494687,True
FBgn0036160,False,0.0,0.5714285714285714,0.8602156851232067,True
FBgn0036161,False,0.0,1.0,0.9660912453760789,True
FBgn0036162,False,0.0,0.5714285714285714,0.8110308652848728,True
FBgn0036164,False,0.0,0.8571428571428571,0.9458829976709138,True
FBgn0036165,False,0.0,0.42857142857142855,0.6970426477208229,True
FBgn0036168,False,0.0,0.5714285714285714,0.8350703618891042,True
FBgn0036169,False,0.0,,0.9732742254320552,True
FBgn0036170,False,0.0,,0.9732742254320552,True
FBgn0036173,False,0.0,0.8571428571428571,0.894652887871137,True
FBgn0036176,False,0.0,,0.9732742254320552,True
FBgn0036177,False,0.0,0.8571428571428571,0.9445863425518173,True
FBgn0036178,False,0.0,,0.9732742254320552,True
FBgn0036179,False,0.0,1.0,0.9588886931673615,True
FBgn0036180,False,0.0,1.0,0.9608067641359873,True
FBgn0036181,False,0.0,1.0,0.9775115965004991,True
FBgn0036183,False,0.0,0.8571428571428571,0.9585461804943926,True
FBgn0036184,False,0.0,1.0,0.9458340672890612,True
FBgn0036186,False,0.0,0.7142857142857143,0.8650206486211418,True
FBgn0036187,False,0.0,1.0,0.9794100953163838,True
FBgn0036188,False,0.0,1.0,0.9777366762570215,True
FBgn0036191,False,0.0,1.0,0.9710332139432016,True
FBgn0036192,False,0.0,0.5714285714285714,0.78126162096569,True
FBgn0036193,False,0.0,0.42857142857142855,0.7155579042138844,True
FBgn0036194,False,0.0,1.0,0.9791458712543792,True
FBgn0036195,False,0.0,1.0,0.9887509052120643,True
FBgn0036196,False,0.0,1.0,0.9944219364687922,True
FBgn0036198,False,0.0,1.0,0.9896561172763393,True
FBgn0036199,False,0.0,1.0,0.9862505626993913,True
FBgn0036202,False,0.0,1.0,0.9547981132444757,True
FBgn0036203,False,0.0,0.8571428571428571,0.9465533439022958,True
FBgn0036204,False,0.0,0.8571428571428571,0.9801636231969154,True
FBgn0036205,False,0.0,1.0,0.9921907110563091,True
FBgn0036206,False,0.0,1.0,0.9153797976239406,True
FBgn0036207,False,0.0,1.0,0.9330632376255064,True
FBgn0036208,False,0.0,1.0,0.9669377409821306,True
FBgn0036210,False,0.0,0.8571428571428571,0.8881157888556163,True
FBgn0036211,False,0.0,1.0,0.971962891198403,True
FBgn0036212,False,0.0,1.0,0.9525081713737694,True
FBgn0036213,False,0.0,0.8571428571428571,0.839126690544693,True
FBgn0036214,False,0.0,1.0,0.9682441821775977,True
FBgn0036217,False,0.0,,0.9732742254320552,True
FBgn0036218,False,0.0,,0.9732742254320552,True
FBgn0036219,False,0.0,0.8571428571428571,0.9473460160883096,True
FBgn0036220,False,0.0,,0.9732742254320552,True
FBgn0036221,False,0.0,,0.9732742254320552,True
FBgn0036222,False,0.0,,0.9732742254320552,True
FBgn0036223,False,0.0,,0.9732742254320552,True
FBgn0036224,False,0.0,1.0,0.9559969075998669,True
FBgn0036225,False,0.0,,0.9732742254320552,True
FBgn0036226,False,0.0,0.8571428571428571,0.9801636231969154,True
FBgn0036227,False,0.0,,0.9732742254320552,True
FBgn0036228,False,0.0,,0.9732742254320552,True
FBgn0036229,False,0.0,1.0,0.9719971424656998,True
FBgn0036230,False,0.0,1.0,0.9684692619341201,True
FBgn0036232,False,0.0,0.8571428571428571,0.9271377683831444,True
FBgn0036233,False,0.0,0.5714285714285714,0.8892705458673399,True
FBgn0036234,False,0.0,1.0,0.9556103575832305,True
FBgn0036235,False,0.0,1.0,0.9584385336543166,True
FBgn0036236,False,0.0,0.8571428571428571,0.9218092497993855,True
FBgn0036237,False,0.0,0.7142857142857143,0.8226175797075921,True
FBgn0036239,False,0.0,1.0,0.9537999334546807,True
FBgn0036240,False,0.0,1.0,0.9643493237821228,True
FBgn0036242,False,0.0,0.8571428571428571,0.9351868161979136,True
FBgn0036246,False,0.0,,0.9732742254320552,True
FBgn0036248,False,0.0,0.42857142857142855,0.8218836239798015,True
FBgn0036249,False,0.0,1.0,0.9492689800951206,True
FBgn0036250,False,0.0,1.0,0.9268099348247314,True
FBgn0036254,False,0.0,1.0,0.9794785978509777,True
FBgn0036255,False,0.0,0.8571428571428571,0.8278824887949425,True
FBgn0036257,False,0.0,1.0,0.9921026363689742,True
FBgn0036258,False,0.0,1.0,0.9502475877321747,True
FBgn0036259,False,0.0,0.2857142857142857,0.7991897128765193,True
FBgn0036260,False,0.0,1.0,0.9082163897207054,True
FBgn0036262,False,0.0,0.42857142857142855,0.7846965337717495,True
FBgn0036263,False,0.0,1.0,0.943240757050868,True
FBgn0036264,False,0.0,0.8571428571428571,0.9106775879278962,True
FBgn0036266,False,0.0,0.5714285714285714,0.7473430802653983,True
FBgn0036271,False,0.0,1.0,0.9666588378055703,True
FBgn0036272,False,0.0,1.0,0.9924745072710547,True
FBgn0036273,False,0.0,1.0,0.9564421740747264,True
FBgn0036274,False,0.0,,0.9732742254320552,True
FBgn0036277,False,0.0,1.0,0.9833049537118588,True
FBgn0036278,False,0.0,1.0,0.9298044741941166,True
FBgn0036279,False,0.0,1.0,0.9884720020355039,True
FBgn0036282,False,0.0,1.0,0.9849098702366273,True
FBgn0036285,False,0.0,0.8571428571428571,0.9465533439022958,True
FBgn0036286,False,0.0,0.7142857142857143,0.8445579629303427,True
FBgn0036287,False,0.0,1.0,0.9970543910124675,True
FBgn0036288,False,0.0,0.8571428571428571,0.9228661460474038,True
FBgn0036289,False,0.0,1.0,0.9779715420899144,True
FBgn0036290,False,0.0,1.0,0.9899496995674554,True
FBgn0036291,False,0.0,0.8571428571428571,0.8433542755367663,True
FBgn0036292,False,0.0,1.0,0.9603761767756835,True
FBgn0036294,False,0.0,1.0,0.9961344998336367,True
FBgn0036298,False,0.0,0.7142857142857143,0.83925390953751,True
FBgn0036299,False,0.0,1.0,0.9992366860430979,True
FBgn0036300,False,0.0,1.0,0.9384064353238213,True
FBgn0036301,False,0.0,1.0,0.949709353531795,True
FBgn0036302,False,0.0,1.0,0.9245884954886188,True
FBgn0036305,False,0.0,0.42857142857142855,0.8130565830935744,True
FBgn0036306,False,0.0,0.5714285714285714,0.7579022566692111,True
FBgn0036309,False,0.0,0.7142857142857143,0.83019200281839,True
FBgn0036310,False,0.0,1.0,0.9753782318517213,True
FBgn0036311,False,0.0,0.8571428571428571,0.8974712778658525,True
FBgn0036312,False,0.0,1.0,0.9752216546297927,True
FBgn0036314,False,0.0,1.0,0.9386510872330848,True
FBgn0036316,False,0.0,1.0,0.987150881725481,True
FBgn0036317,False,0.0,1.0,0.9913588945648132,True
FBgn0036318,False,0.0,1.0,0.983109232184448,True
FBgn0036319,False,0.0,1.0,0.9405887303544517,True
FBgn0036320,False,0.0,,0.9732742254320552,True
FBgn0036321,False,0.0,0.8571428571428571,0.9346436889593487,True
FBgn0036322,False,0.0,,0.9732742254320552,True
FBgn0036323,False,0.0,0.8571428571428571,0.9801636231969154,True
FBgn0036324,False,0.0,0.8571428571428571,0.8347523144070617,True
FBgn0036325,False,0.0,0.8571428571428571,0.9801636231969154,True
FBgn0036327,False,0.0,,0.9732742254320552,True
FBgn0036328,False,0.0,,0.9732742254320552,True
FBgn0036329,False,0.0,1.0,0.964642906073239,True
FBgn0036330,False,0.0,0.8571428571428571,0.9011116982756934,True
FBgn0036331,False,0.0,0.7142857142857143,0.8001683205135732,True
FBgn0036332,False,0.0,1.0,0.9267022879846555,True
FBgn0036333,False,0.0,0.7142857142857143,0.7914880707729043,True
FBgn0036334,False,0.0,1.0,0.9256453917366371,True
FBgn0036335,False,0.0,1.0,0.9778932534789502,True
FBgn0036336,False,0.0,1.0,0.9344528604701231,True
FBgn0036337,False,0.0,1.0,0.9788816471923747,True
FBgn0036338,False,0.0,0.5714285714285714,0.8606658446362515,True
FBgn0036340,False,0.0,1.0,0.948495880061848,True
FBgn0036341,False,0.0,1.0,0.9609926995870276,True
FBgn0036342,False,0.0,0.7142857142857143,0.8543048949954005,True
FBgn0036343,False,0.0,,0.9732742254320552,True
FBgn0036345,False,0.0,,0.9732742254320552,True
FBgn0036346,False,0.0,,0.9732742254320552,True
FBgn0036348,False,0.0,1.0,0.9888536590139549,True
FBgn0036349,False,0.0,,0.9732742254320552,True
FBgn0036350,False,0.0,,0.9732742254320552,True
FBgn0036351,False,0.0,1.0,0.9613303192218112,True
FBgn0036352,False,0.0,1.0,0.9367085510735326,True
FBgn0036353,False,0.0,1.0,0.9840389094396492,True
FBgn0036354,False,0.0,1.0,0.9787152838940755,True
FBgn0036356,False,0.0,1.0,0.9829330828097782,True
FBgn0036359,False,0.0,0.8571428571428571,0.9650881725480985,True
FBgn0036360,False,0.0,0.5714285714285714,0.8744593192805277,True
FBgn0036361,False,0.0,,0.9732742254320552,True
FBgn0036362,False,0.0,,0.9732742254320552,True
FBgn0036363,False,0.0,1.0,0.952283091617247,True
FBgn0036364,False,0.0,1.0,0.9262521284716106,True
FBgn0036365,False,0.0,1.0,0.9853110993678195,True
FBgn0036366,False,0.0,0.8571428571428571,0.8859041355958742,True
FBgn0036367,False,0.0,1.0,0.9675493707552894,True
FBgn0036368,False,0.0,1.0,0.9741549723054038,True
FBgn0036369,False,0.0,1.0,0.9658661656195565,True
FBgn0036372,False,0.0,1.0,0.9832070929481533,True
FBgn0036373,False,0.0,1.0,0.9978568492748517,True
FBgn0036374,False,0.0,0.7142857142857143,0.8605581977961756,True
FBgn0036376,False,0.0,1.0,0.9796547472256474,True
FBgn0036377,False,0.0,0.42857142857142855,0.8493237821227957,True
FBgn0036379,False,0.0,1.0,0.9953516137239935,True
FBgn0036380,False,0.0,0.8571428571428571,0.9710283209050163,True
FBgn0036381,False,0.0,0.8571428571428571,0.8464075313643747,True
FBgn0036382,False,0.0,1.0,0.9494940598516431,True
FBgn0036386,False,0.0,0.8571428571428571,0.8596383066173449,True
FBgn0036389,False,0.0,1.0,0.9872487424891864,True
FBgn0036390,False,0.0,0.42857142857142855,0.8666255651459104,True
FBgn0036391,False,0.0,1.0,0.9798406826766876,True
FBgn0036393,False,0.0,0.8571428571428571,0.9801636231969154,True
FBgn0036394,False,0.0,,0.9732742254320552,True
FBgn0036395,False,0.0,0.5714285714285714,0.7862035895328128,True
FBgn0036396,False,0.0,1.0,0.9471649736754545,True
FBgn0036397,False,0.0,1.0,0.9610514160452508,True
FBgn0036398,False,0.0,1.0,0.9691053568982052,True
FBgn0036402,False,0.0,1.0,0.9581058070577183,True
FBgn0036403,False,0.0,,0.9732742254320552,True
FBgn0036405,False,0.0,1.0,0.9202336915037285,True
FBgn0036406,False,0.0,0.5714285714285714,0.7856555692560625,True
FBgn0036410,False,0.0,0.5714285714285714,0.7507290626896053,True
FBgn0036411,False,0.0,1.0,0.9354950776035856,True
FBgn0036414,False,0.0,0.8571428571428571,0.9650881725480985,True
FBgn0036415,False,0.0,1.0,0.9655627972520697,True
FBgn0036416,False,0.0,0.5714285714285714,0.8766954377311961,True
FBgn0036417,False,0.0,,0.9732742254320552,True
FBgn0036419,False,0.0,1.0,0.99130017810659,True
FBgn0036421,False,0.0,,0.9732742254320552,True
FBgn0036422,False,0.0,1.0,0.9562073082418335,True
FBgn0036423,False,0.0,1.0,0.9560507310199049,True
FBgn0036426,False,0.0,,0.9732742254320552,True
FBgn0036427,False,0.0,,0.9732742254320552,True
FBgn0036428,False,0.0,1.0,0.9643591098584934,True
FBgn0036433,False,0.0,0.7142857142857143,0.8582388976963576,True
FBgn0036436,False,0.0,,0.9732742254320552,True
FBgn0036437,False,0.0,,0.9732742254320552,True
FBgn0036438,False,0.0,,0.9732742254320552,True
FBgn0036439,False,0.0,,0.9732742254320552,True
FBgn0036440,False,0.0,1.0,0.9700594993443329,True
FBgn0036441,False,0.0,,0.9732742254320552,True
FBgn0036442,False,0.0,1.0,0.9699958898479244,True
FBgn0036443,False,0.0,1.0,0.9671579277004678,True
FBgn0036446,False,0.0,0.8571428571428571,0.9105454758968939,True
FBgn0036447,False,0.0,0.7142857142857143,0.8404869551601981,True
FBgn0036448,False,0.0,0.7142857142857143,0.8765584326620085,True
FBgn0036449,False,0.0,1.0,0.9923766465073494,True
FBgn0036450,False,0.0,1.0,0.955727790499677,True
FBgn0036451,False,0.0,0.8571428571428571,0.8765192883565264,True
FBgn0036454,False,0.0,0.5714285714285714,0.7630497328401151,True
FBgn0036459,False,0.0,0.8571428571428571,0.9650881725480985,True
FBgn0036460,False,0.0,1.0,0.982747147358738,True
FBgn0036461,False,0.0,0.42857142857142855,0.7780615739925234,True
FBgn0036462,False,0.0,1.0,0.9821208384710234,True
FBgn0036463,False,0.0,1.0,0.9733623001193902,True
FBgn0036465,False,0.0,0.8571428571428571,0.9218092497993855,True
FBgn0036466,False,0.0,1.0,0.9439844988550291,True
FBgn0036467,False,0.0,0.7142857142857143,0.8875922337697923,True
FBgn0036468,False,0.0,1.0,0.9725011253987826,True
FBgn0036469,False,0.0,0.8571428571428571,0.9801636231969154,True
FBgn0036470,False,0.0,1.0,0.9551210537647036,True
FBgn0036471,False,0.0,,0.9732742254320552,True
FBgn0036474,False,0.0,0.5714285714285714,0.8997318615074472,True
FBgn0036476,False,0.0,0.7142857142857143,0.8579942457870942,True
FBgn0036478,False,0.0,1.0,0.9840584815923904,True
FBgn0036479,False,0.0,1.0,0.9664337580490479,True
FBgn0036480,False,0.0,1.0,0.9887068678683968,True
FBgn0036481,False,0.0,1.0,0.9882371362026109,True
FBgn0036482,False,0.0,1.0,0.9389348834478304,True
FBgn0036483,False,0.0,0.8571428571428571,0.8924705928405066,True
FBgn0036484,False,0.0,1.0,0.9555320689722663,True
FBgn0036485,False,0.0,0.5714285714285714,0.7930734151449318,True
FBgn0036486,False,0.0,0.7142857142857143,0.8913060497524122,True
FBgn0036487,False,0.0,1.0,0.9824144207621397,True
FBgn0036488,False,0.0,1.0,0.9761121875795119,True
FBgn0036489,False,0.0,0.8571428571428571,0.916436693871959,True
FBgn0036490,False,0.0,,0.9732742254320552,True
FBgn0036491,False,0.0,1.0,0.9617217622766328,True
FBgn0036492,False,0.0,1.0,0.9577045779265261,True
FBgn0036493,False,0.0,0.5714285714285714,0.7804591627033057,True
FBgn0036494,False,0.0,0.5714285714285714,0.8707699684888341,True
FBgn0036495,False,0.0,,0.9732742254320552,True
FBgn0036496,False,0.0,0.7142857142857143,0.8567807723171472,True
FBgn0036497,False,0.0,,0.9732742254320552,True
FBgn0036498,False,0.0,0.8571428571428571,0.8912179750650774,True
FBgn0036499,False,0.0,0.8571428571428571,0.9801636231969154,True
FBgn0036500,False,0.0,0.8571428571428571,0.9018750122325955,True
FBgn0036501,False,0.0,1.0,0.9654649364883644,True
FBgn0036502,False,0.0,0.5714285714285714,0.8466032528917856,True
FBgn0036503,False,0.0,1.0,0.9759458242812127,True
FBgn0036504,False,0.0,,0.9732742254320552,True
FBgn0036505,False,0.0,0.8571428571428571,0.8897207053803848,True
FBgn0036509,False,0.0,0.8571428571428571,0.9180024660912454,True
FBgn0036510,False,0.0,0.8571428571428571,0.8883506546885092,True
FBgn0036511,False,0.0,1.0,0.9383672910183392,True
FBgn0036512,False,0.0,1.0,0.9258704714931595,True
FBgn0036514,False,0.0,0.5714285714285714,0.8066173448417592,True
FBgn0036515,False,0.0,1.0,0.9577535083083788,True
FBgn0036516,False,0.0,1.0,0.9559430841798289,True
FBgn0036518,False,0.0,1.0,0.9522048030062826,True
FBgn0036519,False,0.0,0.8571428571428571,0.9141565380776232,True
FBgn0036520,False,0.0,1.0,0.9599162311862681,True
FBgn0036522,False,0.0,1.0,0.9492787661714912,True
FBgn0036527,False,0.0,,0.9732742254320552,True
FBgn0036528,False,0.0,,0.9732742254320552,True
FBgn0036529,False,0.0,0.8571428571428571,0.9801636231969154,True
FBgn0036531,False,0.0,,0.9732742254320552,True
FBgn0036532,False,0.0,0.8571428571428571,0.9515246706985301,True
FBgn0036533,False,0.0,1.0,0.9721292544967021,True
FBgn0036534,False,0.0,0.7142857142857143,0.8650695790029945,True
FBgn0036536,False,0.0,1.0,0.9819740473254653,True
FBgn0036537,False,0.0,0.5714285714285714,0.7654864658563796,True
FBgn0036538,False,0.0,0.8571428571428571,0.8756189693304366,True
FBgn0036541,False,0.0,,0.9732742254320552,True
FBgn0036542,False,0.0,0.7142857142857143,0.8875922337697923,True
FBgn0036544,False,0.0,1.0,0.9680288884974458,True
FBgn0036545,False,0.0,1.0,0.988961305854031,True
FBgn0036546,False,0.0,1.0,0.9904194312332414,True
FBgn0036547,False,0.0,1.0,0.9572935627189635,True
FBgn0036548,False,0.0,1.0,0.9591822754584777,True
FBgn0036549,False,0.0,1.0,0.9729708570645685,True
FBgn0036550,False,0.0,1.0,0.9520971561662067,True
FBgn0036551,False,0.0,1.0,0.9641046718728593,True
FBgn0036552,False,0.0,0.7142857142857143,0.8483843187912239,True
FBgn0036553,False,0.0,0.8571428571428571,0.9280821247529015,True
FBgn0036556,False,0.0,0.5714285714285714,0.7719159180318244,True
FBgn0036557,False,0.0,0.8571428571428571,0.9151057874855655,True
FBgn0036558,False,0.0,1.0,0.954837257549958,True
FBgn0036560,False,0.0,1.0,0.9989822480574638,True
FBgn0036563,False,0.0,0.7142857142857143,0.8565459064842542,True
FBgn0036564,False,0.0,1.0,0.9752412267825338,True
FBgn0036565,False,0.0,0.8571428571428571,0.8934883447830426,True
FBgn0036566,False,0.0,0.7142857142857143,0.8760984870725931,True
FBgn0036567,False,0.0,1.0,0.9780498307008788,True
FBgn0036568,False,0.0,1.0,0.971385512692541,True
FBgn0036569,False,0.0,0.7142857142857143,0.8556749456872761,True
FBgn0036570,False,0.0,1.0,0.9784119155265888,True
FBgn0036571,False,0.0,0.42857142857142855,0.7469222789814651,True
FBgn0036573,False,0.0,0.7142857142857143,0.8306030180259527,True
FBgn0036574,False,0.0,1.0,0.9468224610024857,True
FBgn0036575,False,0.0,1.0,0.9410976063257198,True
FBgn0036576,False,0.0,1.0,0.9983755113224904,True
FBgn0036577,False,0.0,1.0,0.9656753371303309,True
FBgn0036578,False,0.0,0.8571428571428571,0.9121993228035151,True
FBgn0036579,False,0.0,1.0,0.9564128158456149,True
FBgn0036580,False,0.0,0.8571428571428571,0.8886246648268843,True
FBgn0036581,False,0.0,0.7142857142857143,0.7967725520129959,True
FBgn0036583,False,0.0,,0.9732742254320552,True
FBgn0036584,False,0.0,0.8571428571428571,0.9346436889593487,True
FBgn0036585,False,0.0,,0.9732742254320552,True
FBgn0036586,False,0.0,0.8571428571428571,0.9585461804943926,True
FBgn0036587,False,0.0,0.7142857142857143,0.8783003542559646,True
FBgn0036588,False,0.0,,0.9732742254320552,True
FBgn0036589,False,0.0,,0.9732742254320552,True
FBgn0036590,False,0.0,0.5714285714285714,0.9041111306832639,True
FBgn0036591,False,0.0,,0.9732742254320552,True
FBgn0036592,False,0.0,,0.9732742254320552,True
FBgn0036593,False,0.0,0.8571428571428571,0.9650881725480985,True
FBgn0036594,False,0.0,,0.9732742254320552,True
FBgn0036595,False,0.0,1.0,0.9742087957254418,True
FBgn0036596,False,0.0,0.8571428571428571,0.9465533439022958,True
FBgn0036597,False,0.0,,0.9732742254320552,True
FBgn0036598,False,0.0,,0.9732742254320552,True
FBgn0036599,False,0.0,,0.9732742254320552,True
FBgn0036600,False,0.0,0.8571428571428571,0.9650881725480985,True
FBgn0036601,False,0.0,0.8571428571428571,0.9465533439022958,True
FBgn0036602,False,0.0,0.8571428571428571,0.9271377683831444,True
FBgn0036603,False,0.0,,0.9732742254320552,True
FBgn0036605,False,0.0,0.8571428571428571,0.9650881725480985,True
FBgn0036606,False,0.0,,0.9732742254320552,True
FBgn0036607,False,0.0,,0.9732742254320552,True
FBgn0036608,False,0.0,,0.9732742254320552,True
FBgn0036609,False,0.0,,0.9732742254320552,True
FBgn0036610,False,0.0,1.0,0.9695799816021764,True
FBgn0036612,False,0.0,1.0,0.9454817685397217,True
FBgn0036614,False,0.0,0.7142857142857143,0.8571624292955982,True
FBgn0036615,False,0.0,1.0,0.9670992112422445,True
FBgn0036616,False,0.0,1.0,0.9976024112892177,True
FBgn0036617,False,0.0,0.8571428571428571,0.9458829976709138,True
FBgn0036618,False,0.0,,0.9732742254320552,True
FBgn0036619,False,0.0,1.0,0.9332589591529172,True
FBgn0036620,False,0.0,1.0,0.9946372301489441,True
FBgn0036621,False,0.0,1.0,0.9859569804082751,True
FBgn0036622,False,0.0,0.8571428571428571,0.8883995850703619,True
FBgn0036623,False,0.0,1.0,0.9704460493609692,True
FBgn0036624,False,0.0,1.0,0.9357054782455523,True
FBgn0036626,False,0.0,1.0,0.9690955708218347,True
FBgn0036627,False,0.0,0.8571428571428571,0.8898577104495724,True
FBgn0036628,False,0.0,1.0,0.9557473626524181,True
FBgn0036629,False,0.0,0.7142857142857143,0.8717045387822207,True
FBgn0036637,False,0.0,,0.9732742254320552,True
FBgn0036638,False,0.0,0.8571428571428571,0.9465533439022958,True
FBgn0036639,False,0.0,0.8571428571428571,0.9585461804943926,True
FBgn0036640,False,0.0,1.0,0.9850566613821854,True
FBgn0036641,False,0.0,1.0,0.9979840682676687,True
FBgn0036643,False,0.0,1.0,0.9667664846456462,True
FBgn0036646,False,0.0,1.0,0.9597400818115984,True
FBgn0036648,False,0.0,1.0,0.8594523711663046,True
FBgn0036652,False,0.0,1.0,0.9120818898870687,True
FBgn0036654,False,0.0,0.8571428571428571,0.8771945276260936,True
FBgn0036655,False,0.0,1.0,0.9686747695379014,True
FBgn0036656,False,0.0,1.0,0.9223964143816178,True
FBgn0036659,False,0.0,1.0,0.9197248155324604,True
FBgn0036660,False,0.0,1.0,0.987786976689566,True
FBgn0036661,False,0.0,0.5714285714285714,0.8157281819427319,True
FBgn0036662,False,0.0,0.7142857142857143,0.8384123069696436,True
FBgn0036663,False,0.0,1.0,0.997064177088838,True
FBgn0036665,False,0.0,1.0,0.9333372477638815,True
FBgn0036666,False,0.0,0.8571428571428571,0.8937232106159356,True
FBgn0036667,False,0.0,0.7142857142857143,0.729013759223377,True
FBgn0036668,False,0.0,0.8571428571428571,0.9199205370598712,True
FBgn0036670,False,0.0,0.7142857142857143,0.8581410369326522,True
FBgn0036671,False,0.0,1.0,0.9786663535122228,True
FBgn0036676,False,0.0,1.0,0.9657878770085921,True
FBgn0036677,False,0.0,1.0,0.9609535552815455,True
FBgn0036678,False,0.0,1.0,0.9904145381950561,True
FBgn0036679,False,0.0,1.0,0.96049360969213,True
FBgn0036680,False,0.0,1.0,0.9794394535454956,True
FBgn0036681,False,0.0,0.8571428571428571,0.9141271798485116,True
FBgn0036684,False,0.0,1.0,0.9991388252793925,True
FBgn0036685,False,0.0,1.0,0.9720411798093672,True
FBgn0036686,False,0.0,1.0,0.9844890689526941,True
FBgn0036687,False,0.0,0.5714285714285714,0.8361664024426047,True
FBgn0036688,False,0.0,1.0,0.9955179770222927,True
FBgn0036689,False,0.0,0.8571428571428571,0.8513103556260153,True
FBgn0036690,False,0.0,1.0,0.9572935627189635,True
FBgn0036691,False,0.0,0.7142857142857143,0.8010001370050692,True
FBgn0036695,False,0.0,0.42857142857142855,0.8192120251306441,True
FBgn0036696,False,0.0,1.0,0.9867496525942888,True
FBgn0036697,False,0.0,1.0,0.9613058540308849,True
FBgn0036698,False,0.0,1.0,0.9141565380776232,True
FBgn0036702,False,0.0,1.0,0.9884720020355039,True
FBgn0036703,False,0.0,,0.9732742254320552,True
FBgn0036704,False,0.0,,0.9732742254320552,True
FBgn0036705,False,0.0,,0.9732742254320552,True
FBgn0036706,False,0.0,1.0,0.970260113909929,True
FBgn0036707,False,0.0,0.42857142857142855,0.8972755563384417,True
FBgn0036708,False,0.0,,0.9732742254320552,True
FBgn0036709,False,0.0,0.42857142857142855,0.8972755563384417,True
FBgn0036710,False,0.0,0.5714285714285714,0.9015912160178498,True
FBgn0036711,False,0.0,,0.9732742254320552,True
FBgn0036712,False,0.0,,0.9732742254320552,True
FBgn0036713,False,0.0,,0.9732742254320552,True
FBgn0036714,False,0.0,0.8571428571428571,0.9211535826825592,True
FBgn0036715,False,0.0,1.0,0.9718943886638092,True
FBgn0036716,False,0.0,1.0,0.9879924842933474,True
FBgn0036717,False,0.0,,0.9732742254320552,True
FBgn0036723,False,0.0,1.0,0.9418413481298809,True
FBgn0036725,False,0.0,1.0,0.9268099348247314,True
FBgn0036726,False,0.0,0.7142857142857143,0.8553520051670483,True
FBgn0036727,False,0.0,1.0,0.9672655745405437,True
FBgn0036728,False,0.0,1.0,0.9591724893821071,True
FBgn0036729,False,0.0,1.0,0.9695261581821385,True
FBgn0036730,False,0.0,0.8571428571428571,0.8926075979096941,True
FBgn0036731,False,0.0,1.0,0.9825220676022156,True
FBgn0036732,False,0.0,1.0,0.9968978137905389,True
FBgn0036733,False,0.0,1.0,0.963791517429002,True
FBgn0036734,False,0.0,1.0,0.9421838608028497,True
FBgn0036735,False,0.0,0.42857142857142855,0.7752333979214374,True
FBgn0036738,False,0.0,1.0,0.9433973342727967,True
FBgn0036740,False,0.0,1.0,0.9612275654199205,True
FBgn0036741,False,0.0,1.0,0.9674221517624724,True
FBgn0036742,False,0.0,0.5714285714285714,0.8049537118587673,True
FBgn0036745,False,0.0,1.0,0.9398645607030317,True
FBgn0036746,False,0.0,1.0,0.9835202473920106,True
FBgn0036747,False,0.0,1.0,0.9734014444248723,True
FBgn0036749,False,0.0,1.0,0.9889221615485487,True
FBgn0036750,False,0.0,1.0,0.9757501027538019,True
FBgn0036751,False,0.0,1.0,0.9462646546493649,True
FBgn0036752,False,0.0,1.0,0.9927387313330593,True
FBgn0036754,False,0.0,0.8571428571428571,0.9159571761298025,True
FBgn0036756,False,0.0,,0.9732742254320552,True
FBgn0036757,False,0.0,,0.9732742254320552,True
FBgn0036759,False,0.0,0.7142857142857143,0.8574560115867145,True
FBgn0036760,False,0.0,0.7142857142857143,0.8836141937251678,True
FBgn0036761,False,0.0,0.8571428571428571,0.9541620182803907,True
FBgn0036762,False,0.0,1.0,0.9579100855303074,True
FBgn0036763,False,0.0,1.0,0.9668839175620927,True
FBgn0036764,False,0.0,1.0,0.9922787857436439,True
FBgn0036765,False,0.0,1.0,0.970876636721273,True
FBgn0036766,False,0.0,0.5714285714285714,0.8117061045544399,True
FBgn0036767,False,0.0,,0.9732742254320552,True
FBgn0036768,False,0.0,1.0,0.9564911044565791,True
FBgn0036769,False,0.0,1.0,0.9446988824300785,True
FBgn0036770,False,0.0,1.0,0.9914371831757776,True
FBgn0036771,False,0.0,1.0,0.9846065018691406,True
FBgn0036772,False,0.0,1.0,0.97444855459652,True
FBgn0036773,False,0.0,1.0,0.972652809582526,True
FBgn0036774,False,0.0,0.8571428571428571,0.8915996320435284,True
FBgn0036775,False,0.0,1.0,0.9582525982032764,True
FBgn0036777,False,0.0,1.0,0.9560507310199049,True
FBgn0036778,False,0.0,1.0,0.9774626661186464,True
FBgn0036780,False,0.0,,0.9732742254320552,True
FBgn0036781,False,0.0,,0.9732742254320552,True
FBgn0036782,False,0.0,0.7142857142857143,0.8659894701818254,True
FBgn0036783,False,0.0,0.8571428571428571,0.9445863425518173,True
FBgn0036784,False,0.0,,0.9732742254320552,True
FBgn0036785,False,0.0,,0.9732742254320552,True
FBgn0036786,False,0.0,1.0,0.9700594993443329,True
FBgn0036787,False,0.0,,0.9732742254320552,True
FBgn0036789,False,0.0,,0.9732742254320552,True
FBgn0036790,False,0.0,,0.9732742254320552,True
FBgn0036791,False,0.0,,0.9732742254320552,True
FBgn0036793,False,0.0,,0.9732742254320552,True
FBgn0036794,False,0.0,0.42857142857142855,0.8972755563384417,True
FBgn0036795,False,0.0,0.8571428571428571,0.9650881725480985,True
FBgn0036796,False,0.0,,0.9732742254320552,True
FBgn0036799,False,0.0,,0.9732742254320552,True
FBgn0036801,False,0.0,1.0,0.9960562112226724,True
FBgn0036804,False,0.0,1.0,0.9848511537784042,True
FBgn0036805,False,0.0,1.0,0.9752607989352748,True
FBgn0036806,False,0.0,0.42857142857142855,0.8484821795549293,True
FBgn0036807,False,0.0,,0.9732742254320552,True
FBgn0036808,False,0.0,,0.9732742254320552,True
FBgn0036809,False,0.0,1.0,0.9795862446910536,True
FBgn0036810,False,0.0,,0.9732742254320552,True
FBgn0036811,False,0.0,1.0,0.9662184643688959,True
FBgn0036812,False,0.0,0.7142857142857143,0.7935235746579766,True
FBgn0036813,False,0.0,1.0,0.943367976043685,True
FBgn0036814,False,0.0,0.8571428571428571,0.8940265789834224,True
FBgn0036815,False,0.0,1.0,0.9620789540641576,True
FBgn0036816,False,0.0,0.8571428571428571,0.9302937780126436,True
FBgn0036817,False,0.0,1.0,0.9560605170962754,True
FBgn0036818,False,0.0,0.8571428571428571,0.8704127767013093,True
FBgn0036819,False,0.0,0.5714285714285714,0.7972520697551524,True
FBgn0036820,False,0.0,0.5714285714285714,0.8269625976161118,True
FBgn0036821,False,0.0,1.0,0.9996477012506606,True
FBgn0036822,False,0.0,1.0,0.9793513788581606,True
FBgn0036824,False,0.0,1.0,0.9952243947311765,True
FBgn0036825,False,0.0,0.8571428571428571,0.8870295343784863,True
FBgn0036826,False,0.0,0.8571428571428571,0.8812361771671267,True
FBgn0036827,False,0.0,0.8571428571428571,0.8919421447164974,True
FBgn0036828,False,0.0,0.8571428571428571,0.9363513592860079,True
FBgn0036829,False,0.0,,0.9732742254320552,True
FBgn0036830,False,0.0,,0.9732742254320552,True
FBgn0036831,False,0.0,,0.9732742254320552,True
FBgn0036832,False,0.0,,0.9732742254320552,True
FBgn0036833,False,0.0,,0.9732742254320552,True
FBgn0036834,False,0.0,1.0,0.9585951108762453,True
FBgn0036835,False,0.0,0.8571428571428571,0.9801636231969154,True
FBgn0036836,False,0.0,1.0,0.9788033585814103,True
FBgn0036837,False,0.0,0.8571428571428571,0.8754526060321375,True
FBgn0036838,False,0.0,1.0,0.9553657056739671,True
FBgn0036839,False,0.0,,0.9732742254320552,True
FBgn0036842,False,0.0,0.7142857142857143,0.8615563775859707,True
FBgn0036843,False,0.0,1.0,0.9560605170962755,True
FBgn0036844,False,0.0,1.0,0.9596813653533752,True
FBgn0036846,False,0.0,1.0,0.9737439570978412,True
FBgn0036847,False,0.0,1.0,0.9426829506977472,True
FBgn0036848,False,0.0,1.0,0.9658270213140744,True
FBgn0036849,False,0.0,0.5714285714285714,0.8100424715714482,True
FBgn0036850,False,0.0,1.0,0.9827862916642202,True
FBgn0036851,False,0.0,1.0,0.9400651752686278,True
FBgn0036853,False,0.0,0.5714285714285714,0.8150627287495351,True
FBgn0036856,False,0.0,,0.9732742254320552,True
FBgn0036857,False,0.0,1.0,0.9909674515099915,True
FBgn0036858,False,0.0,,0.9732742254320552,True
FBgn0036859,False,0.0,1.0,0.9778492161352828,True
FBgn0036860,False,0.0,1.0,0.9652007124263597,True
FBgn0036861,False,0.0,,0.9732742254320552,True
FBgn0036862,False,0.0,1.0,0.9987669543773119,True
FBgn0036868,False,0.0,,0.9732742254320552,True
FBgn0036870,False,0.0,0.5714285714285714,0.7743232928189772,True
FBgn0036871,False,0.0,,0.9732742254320552,True
FBgn0036872,False,0.0,0.8571428571428571,0.9382009277200399,True
FBgn0036873,False,0.0,,0.9732742254320552,True
FBgn0036874,False,0.0,0.8571428571428571,0.9710283209050163,True
FBgn0036875,False,0.0,1.0,0.9424480848648543,True
FBgn0036876,False,0.0,0.8571428571428571,0.9585461804943926,True
FBgn0036877,False,0.0,1.0,0.9498072142955004,True
FBgn0036878,False,0.0,,0.9732742254320552,True
FBgn0036879,False,0.0,,0.9732742254320552,True
FBgn0036880,False,0.0,0.5714285714285714,0.9194752705850117,True
FBgn0036881,False,0.0,1.0,0.9396101227173976,True
FBgn0036882,False,0.0,1.0,0.9606110426085765,True
FBgn0036886,False,0.0,1.0,0.9712680797760945,True
FBgn0036887,False,0.0,0.7142857142857143,0.8315131231284129,True
FBgn0036888,False,0.0,1.0,0.9793807370872722,True
FBgn0036889,False,0.0,1.0,0.9548959740081812,True
FBgn0036890,False,0.0,0.8571428571428571,0.9382009277200399,True
FBgn0036891,False,0.0,1.0,0.9740081811598458,True
FBgn0036892,False,0.0,0.8571428571428571,0.9222398371596892,True
FBgn0036893,False,0.0,1.0,0.9970935353179496,True
FBgn0036895,False,0.0,1.0,0.9650783864717281,True
FBgn0036896,False,0.0,1.0,0.9986984518427182,True
FBgn0036897,False,0.0,1.0,0.9517057131113851,True
FBgn0036899,False,0.0,0.8571428571428571,0.906161313682892,True
FBgn0036900,False,0.0,0.8571428571428571,0.9318693363083005,True
FBgn0036904,False,0.0,0.8571428571428571,0.9473460160883096,True
FBgn0036905,False,0.0,,0.9732742254320552,True
FBgn0036906,False,0.0,0.42857142857142855,0.737077486152702,True
FBgn0036908,False,0.0,0.5714285714285714,0.7745483725754996,True
FBgn0036909,False,0.0,1.0,0.9714442291507643,True
FBgn0036910,False,0.0,0.42857142857142855,0.7245415223220402,True
FBgn0036911,False,0.0,1.0,0.9521656587008005,True
FBgn0036913,False,0.0,1.0,0.9718356722055859,True
FBgn0036915,False,0.0,1.0,0.9736754545632474,True
FBgn0036916,False,0.0,1.0,0.9684692619341202,True
FBgn0036918,False,0.0,0.7142857142857143,0.8878711369463528,True
FBgn0036919,False,0.0,0.8571428571428571,0.8334507662497799,True
FBgn0036920,False,0.0,1.0,0.9631847806940286,True
FBgn0036921,False,0.0,1.0,0.9560018006380522,True
FBgn0036922,False,0.0,1.0,0.9412443974712779,True
FBgn0036923,False,0.0,0.7142857142857143,0.8578670267942772,True
FBgn0036924,False,0.0,,0.9732742254320552,True
FBgn0036925,False,0.0,,0.9732742254320552,True
FBgn0036926,False,0.0,0.8571428571428571,0.850380678370814,True
FBgn0036927,False,0.0,1.0,0.9846260740218816,True
FBgn0036928,False,0.0,1.0,0.9472726205155305,True
FBgn0036929,False,0.0,0.7142857142857143,0.7718669876499716,True
FBgn0036931,False,0.0,1.0,0.9670894251658739,True
FBgn0036932,False,0.0,0.7142857142857143,0.8681913373651968,True
FBgn0036934,False,0.0,0.8571428571428571,0.8942369796253891,True
FBgn0036935,False,0.0,1.0,0.9691053568982052,True
FBgn0036936,False,0.0,,0.9732742254320552,True
FBgn0036937,False,0.0,0.8571428571428571,0.9458829976709138,True
FBgn0036938,False,0.0,,0.9732742254320552,True
FBgn0036939,False,0.0,1.0,0.9764742724052219,True
FBgn0036940,False,0.0,1.0,0.9632728553813634,True
FBgn0036941,False,0.0,1.0,0.9574012095590394,True
FBgn0036942,False,0.0,0.7142857142857143,0.8344098017340927,True
FBgn0036945,False,0.0,1.0,0.9737145988687296,True
FBgn0036947,False,0.0,0.8571428571428571,0.9585461804943926,True
FBgn0036948,False,0.0,1.0,0.934413716164641,True
FBgn0036949,False,0.0,0.8571428571428571,0.9165247685592939,True
FBgn0036950,False,0.0,1.0,0.9549449043900339,True
FBgn0036951,False,0.0,0.5714285714285714,0.8531843892509737,True
FBgn0036952,False,0.0,0.5714285714285714,0.8254017184350106,True
FBgn0036953,False,0.0,1.0,0.9641291370637857,True
FBgn0036956,False,0.0,1.0,0.9401875012232596,True
FBgn0036958,False,0.0,1.0,0.9289335133971386,True
FBgn0036959,False,0.0,1.0,0.9623921085080148,True
FBgn0036960,False,0.0,0.8571428571428571,0.9473460160883096,True
FBgn0036962,False,0.0,0.42857142857142855,0.8506302233182628,True
FBgn0036964,False,0.0,1.0,0.9755641673027616,True
FBgn0036967,False,0.0,0.5714285714285714,0.779901356350185,True
FBgn0036968,False,0.0,1.0,0.9993639050359149,True
FBgn0036969,False,0.0,0.8571428571428571,0.8936791732722682,True
FBgn0036970,False,0.0,1.0,0.9751042217133462,True
FBgn0036972,False,0.0,1.0,0.9523858454191376,True
FBgn0036973,False,0.0,1.0,0.9757794609829135,True
FBgn0036974,False,0.0,1.0,0.9827569334351085,True
FBgn0036975,False,0.0,1.0,0.9588495488618793,True
FBgn0036977,False,0.0,1.0,0.9367330162644589,True
FBgn0036978,False,0.0,1.0,0.9370559567846868,True
FBgn0036979,False,0.0,1.0,0.9551014816119625,True
FBgn0036980,False,0.0,1.0,0.9307732957548001,True
FBgn0036984,False,0.0,1.0,0.9945002250797566,True
FBgn0036985,False,0.0,1.0,0.9997064177088838,True
FBgn0036986,False,0.0,0.8571428571428571,0.9231793004912611,True
FBgn0036987,False,0.0,0.7142857142857143,0.922053901708649,True
FBgn0036988,False,0.0,0.8571428571428571,0.8316697003503415,True
FBgn0036990,False,0.0,0.8571428571428571,0.8630340751179222,True
FBgn0036991,False,0.0,0.5714285714285714,0.7782083651380816,True
FBgn0036992,False,0.0,1.0,0.96085569451784,True
FBgn0036993,False,0.0,1.0,0.967705947977218,True
FBgn0036994,False,0.0,1.0,0.9645744035386452,True
FBgn0036995,False,0.0,0.5714285714285714,0.7681189204000548,True
FBgn0036996,False,0.0,1.0,0.924392773961208,True
FBgn0036997,False,0.0,1.0,0.9518427181805726,True
FBgn0036998,False,0.0,0.7142857142857143,0.7604857808310337,True
FBgn0036999,False,0.0,1.0,0.9621278844460102,True
FBgn0037000,False,0.0,1.0,0.9734601608830955,True
FBgn0037001,False,0.0,0.5714285714285714,0.7855968527978392,True
FBgn0037003,False,0.0,0.5714285714285714,0.7803808740923414,True
FBgn0037004,False,0.0,1.0,0.9714833734562465,True
FBgn0037005,False,0.0,0.7142857142857143,0.7953535709392676,True
FBgn0037007,False,0.0,0.7142857142857143,0.8595795901591216,True
FBgn0037008,False,0.0,0.7142857142857143,0.8364355195427945,True
FBgn0037009,False,0.0,0.7142857142857143,0.8642964789697218,True
FBgn0037010,False,0.0,0.8571428571428571,0.9393165404262815,True
FBgn0037011,False,0.0,1.0,0.9729219266827158,True
FBgn0037012,False,0.0,0.42857142857142855,0.7201475740316678,True
FBgn0037013,False,0.0,0.7142857142857143,0.8385003816569785,True
FBgn0037014,False,0.0,0.8571428571428571,0.9801636231969154,True
FBgn0037015,False,0.0,1.0,0.9656802301685162,True
FBgn0037016,False,0.0,1.0,0.9712485076233535,True
FBgn0037017,False,0.0,0.7142857142857143,0.7798817841974439,True
FBgn0037018,False,0.0,1.0,0.9798798269821698,True
FBgn0037019,False,0.0,0.8571428571428571,0.8944865245728377,True
FBgn0037020,False,0.0,0.5714285714285714,0.8932436928737791,True
FBgn0037021,False,0.0,1.0,0.9881099172097939,True
FBgn0037022,False,0.0,0.42857142857142855,0.7317147163016461,True
FBgn0037023,False,0.0,1.0,0.9307488305638737,True
FBgn0037024,False,0.0,0.42857142857142855,0.7640674847826512,True
FBgn0037025,False,0.0,0.8571428571428571,0.8801303505372556,True
FBgn0037026,False,0.0,1.0,0.9666490517291997,True
FBgn0037027,False,0.0,0.8571428571428571,0.920948075078778,True
FBgn0037028,False,0.0,1.0,0.9925919401875012,True
FBgn0037030,False,0.0,0.8571428571428571,0.8933024093320024,True
FBgn0037031,False,0.0,1.0,0.9582428121269059,True
FBgn0037035,False,0.0,0.5714285714285714,0.8487170453878221,True
FBgn0037036,False,0.0,1.0,0.9583015285851291,True
FBgn0037037,False,0.0,0.7142857142857143,0.7739514219168967,True
FBgn0037038,False,0.0,0.7142857142857143,0.8911396864541131,True
FBgn0037039,False,0.0,0.5714285714285714,0.8768422288767541,True
FBgn0037040,False,0.0,0.5714285714285714,0.8254653279314192,True
FBgn0037042,False,0.0,0.5714285714285714,0.8515550075352788,True
FBgn0037044,False,0.0,1.0,0.9514023447438984,True
FBgn0037045,False,0.0,1.0,0.9743115495273325,True
FBgn0037046,False,0.0,1.0,0.9973871176090658,True
FBgn0037050,False,0.0,0.7142857142857143,0.8565850507897363,True
FBgn0037051,False,0.0,0.8571428571428571,0.9196367408451256,True
FBgn0037057,False,0.0,1.0,0.9853306715205605,True
FBgn0037059,False,0.0,0.8571428571428571,0.9801636231969154,True
FBgn0037060,False,0.0,1.0,0.9325935059597205,True
FBgn0037061,False,0.0,0.5714285714285714,0.7126710116845753,True
FBgn0037063,False,0.0,1.0,0.976748282543597,True
FBgn0037064,False,0.0,0.8571428571428571,0.8554890102362358,True
FBgn0037065,False,0.0,1.0,0.9770516509110837,True
FBgn0037067,False,0.0,0.8571428571428571,0.9465533439022958,True
FBgn0037068,False,0.0,0.8571428571428571,0.9801636231969154,True
FBgn0037069,False,0.0,0.7142857142857143,0.8916534554635664,True
FBgn0037070,False,0.0,0.8571428571428571,0.9161039672753606,True
FBgn0037071,False,0.0,0.8571428571428571,0.8796899771005813,True
FBgn0037073,False,0.0,1.0,0.9846358600982522,True
FBgn0037074,False,0.0,1.0,0.9911338148082908,True
FBgn0037076,False,0.0,1.0,0.9653083592664358,True
FBgn0037078,False,0.0,0.8571428571428571,0.8569177773863348,True
FBgn0037081,False,0.0,0.5714285714285714,0.816980799718161,True
FBgn0037082,False,0.0,0.7142857142857143,0.8062063296341965,True
FBgn0037083,False,0.0,1.0,0.9335965787877009,True
FBgn0037084,False,0.0,1.0,0.9598673008044155,True
FBgn0037085,False,0.0,,0.9732742254320552,True
FBgn0037086,False,0.0,1.0,0.9611492768089562,True
FBgn0037087,False,0.0,1.0,0.9788620750396336,True
FBgn0037090,False,0.0,0.8571428571428571,0.880120564460885,True
FBgn0037092,False,0.0,1.0,0.9710919304014248,True
FBgn0037093,False,0.0,1.0,0.9864560703031726,True
FBgn0037094,False,0.0,1.0,0.9372223200829859,True
FBgn0037097,False,0.0,0.5714285714285714,0.7570900123304563,True
FBgn0037098,False,0.0,1.0,0.9779030395553207,True
FBgn0037099,False,0.0,0.8571428571428571,0.9585461804943926,True
FBgn0037100,False,0.0,0.8571428571428571,0.9022468831346759,True
FBgn0037101,False,0.0,0.5714285714285714,0.8681473000215294,True
FBgn0037102,False,0.0,0.8571428571428571,0.8755308946431019,True
FBgn0037104,False,0.0,,0.9732742254320552,True
FBgn0037105,False,0.0,0.5714285714285714,0.7358542266063844,True
FBgn0037106,False,0.0,1.0,0.9326815806470553,True
FBgn0037107,False,0.0,1.0,0.9591724893821072,True
FBgn0037108,False,0.0,1.0,0.9387880923022723,True
FBgn0037109,False,0.0,1.0,0.9510304738418178,True
FBgn0037110,False,0.0,1.0,0.9788816471923747,True
FBgn0037114,False,0.0,,0.9732742254320552,True
FBgn0037115,False,0.0,0.8571428571428571,0.9480310414342473,True
FBgn0037116,False,0.0,1.0,0.9918188401542286,True
FBgn0037117,False,0.0,0.8571428571428571,0.9112207151664612,True
FBgn0037120,False,0.0,0.2857142857142857,0.8231460278316012,True
FBgn0037121,False,0.0,0.8571428571428571,0.9257138942712309,True
FBgn0037122,False,0.0,0.5714285714285714,0.8053255827608479,True
FBgn0037123,False,0.0,0.8571428571428571,0.9465533439022958,True
FBgn0037124,False,0.0,,0.9732742254320552,True
FBgn0037125,False,0.0,,0.9732742254320552,True
FBgn0037126,False,0.0,1.0,0.9429569608361223,True
FBgn0037127,False,0.0,1.0,0.9476689566085373,True
FBgn0037128,False,0.0,0.8571428571428571,0.9598428356134892,True
FBgn0037129,False,0.0,0.8571428571428571,0.8820533145440667,True
FBgn0037130,False,0.0,1.0,0.9646135478441273,True
FBgn0037131,False,0.0,0.8571428571428571,0.8701779108684164,True
FBgn0037133,False,0.0,0.7142857142857143,0.812214980525708,True
FBgn0037134,False,0.0,1.0,0.9574892842463743,True
FBgn0037135,False,0.0,1.0,0.8974027753312587,True
FBgn0037137,False,0.0,1.0,0.9507075333215901,True
FBgn0037138,False,0.0,1.0,0.9771005812929364,True
FBgn0037139,False,0.0,0.8571428571428571,0.9011802008102872,True
FBgn0037140,False,0.0,1.0,0.9432211848981269,True
FBgn0037141,False,0.0,0.8571428571428571,0.8976865715460043,True
FBgn0037142,False,0.0,1.0,0.9708081341866792,True
FBgn0037143,False,0.0,1.0,0.9859961247137573,True
FBgn0037144,False,0.0,1.0,0.9640655275673772,True
FBgn0037146,False,0.0,1.0,0.9562170943182041,True
FBgn0037147,False,0.0,1.0,0.968249075215783,True
FBgn0037149,False,0.0,1.0,0.9909576654336211,True
FBgn0037150,False,0.0,0.5714285714285714,0.7965474722564736,True
FBgn0037151,False,0.0,1.0,0.9782944826101423,True
FBgn0037152,False,0.0,,0.9732742254320552,True
FBgn0037153,True,0.0,1.0,0.9999021392362946,False
FBgn0037156,False,0.0,1.0,0.9193040142485273,True
FBgn0037162,False,0.0,,0.9732742254320552,True
FBgn0037163,False,0.0,1.0,0.9516567827295325,True
FBgn0037164,False,0.0,0.8571428571428571,0.9445863425518173,True
FBgn0037165,False,0.0,,0.9732742254320552,True
FBgn0037166,False,0.0,0.8571428571428571,0.8958516822265281,True
FBgn0037167,False,0.0,,0.9732742254320552,True
FBgn0037168,False,0.0,,0.9732742254320552,True
FBgn0037169,False,0.0,1.0,0.9728827823772337,True
FBgn0037170,False,0.0,1.0,0.9779715420899145,True
FBgn0037171,False,0.0,,0.9732742254320552,True
FBgn0037172,False,0.0,,0.9732742254320552,True
FBgn0037174,False,0.0,0.8571428571428571,0.9458829976709138,True
FBgn0037175,False,0.0,,0.9732742254320552,True
FBgn0037176,False,0.0,1.0,0.9641291370637857,True
FBgn0037177,False,0.0,,0.9732742254320552,True
FBgn0037178,False,0.0,,0.9732742254320552,True
FBgn0037179,False,0.0,,0.9732742254320552,True
FBgn0037180,False,0.0,,0.9732742254320552,True
FBgn0037181,False,0.0,0.8571428571428571,0.9182177597713973,True
FBgn0037182,False,0.0,1.0,0.9751042217133462,True
FBgn0037183,False,0.0,1.0,0.9503748067249916,True
FBgn0037184,False,0.0,0.8571428571428571,0.8951715499187756,True
FBgn0037185,False,0.0,0.8571428571428571,0.9224355586871,True
FBgn0037186,False,0.0,0.7142857142857143,0.8382850879768265,True
FBgn0037188,False,0.0,0.7142857142857143,0.8806881568903764,True
FBgn0037191,False,0.0,1.0,0.9984733720861957,True
FBgn0037195,False,0.0,1.0,0.917796958487464,True
FBgn0037197,False,0.0,0.8571428571428571,0.9132415399369777,True
FBgn0037199,False,0.0,1.0,0.9508738966198892,True
FBgn0037200,False,0.0,1.0,0.9590942007711428,True
FBgn0037202,False,0.0,1.0,0.982492709373104,True
FBgn0037203,False,0.0,1.0,0.9743115495273325,True
FBgn0037204,False,0.0,1.0,0.9531442663378545,True
FBgn0037205,False,0.0,0.7142857142857143,0.8696690348971483,True
FBgn0037206,False,0.0,1.0,0.9697218797095493,True
FBgn0037207,False,0.0,1.0,0.9808877928483354,True
FBgn0037212,False,0.0,0.5714285714285714,0.7211163955923512,True
FBgn0037213,False,0.0,1.0,0.9923375022018672,True
FBgn0037215,False,0.0,1.0,0.9828156498933318,True
FBgn0037217,False,0.0,0.8571428571428571,0.8693754526060321,True
FBgn0037218,False,0.0,0.7142857142857143,0.9171510774470084,True
FBgn0037220,False,0.0,0.7142857142857143,0.9020805198363768,True
FBgn0037222,False,0.0,1.0,0.9978177049693696,True
FBgn0037223,True,0.0,1.0,0.9997455620143659,False
FBgn0037224,False,0.0,1.0,0.9902237097058305,True
FBgn0037225,False,0.0,1.0,0.9478010686395396,True
FBgn0037227,False,0.0,1.0,0.9536139980036404,True
FBgn0037228,False,0.0,1.0,0.9553559195975966,True
FBgn0037229,False,0.0,0.42857142857142855,0.7362163114320944,True
FBgn0037230,False,0.0,1.0,0.9226410662908814,True
FBgn0037231,False,0.0,0.7142857142857143,0.8694145969115143,True
FBgn0037232,False,0.0,1.0,0.9466756698569275,True
FBgn0037234,False,0.0,0.8571428571428571,0.9128354177676002,True
FBgn0037235,False,0.0,0.7142857142857143,0.8095433816765506,True
FBgn0037236,False,0.0,0.42857142857142855,0.8166187148924511,True
FBgn0037238,False,0.0,1.0,0.9927974477912825,True
FBgn0037239,False,0.0,1.0,0.9993736911122855,True
FBgn0037240,False,0.0,1.0,0.9943240757050869,True
FBgn0037241,False,0.0,1.0,0.9495038459280136,True
FBgn0037242,False,0.0,1.0,0.960474037539389,True
FBgn0037244,False,0.0,1.0,0.9604055350047952,True
FBgn0037245,False,0.0,1.0,0.9602000274010138,True
FBgn0037248,False,0.0,1.0,0.9681658935666334,True
FBgn0037249,False,0.0,0.7142857142857143,0.8698060399663359,True
FBgn0037250,False,0.0,1.0,0.9366938719589768,True
FBgn0037251,False,0.0,1.0,0.9777366762570215,True
FBgn0037252,False,0.0,0.8571428571428571,0.9364492200497132,True
FBgn0037254,False,0.0,0.7142857142857143,0.8258274127571291,True
FBgn0037255,False,0.0,0.8571428571428571,0.9042432427142661,True
FBgn0037260,False,0.0,1.0,0.9170336445305619,True
FBgn0037261,False,0.0,1.0,0.9544164562660247,True
FBgn0037262,False,0.0,1.0,0.9701916113753352,True
FBgn0037263,False,0.0,0.7142857142857143,0.857485369815826,True
FBgn0037265,False,0.0,0.7142857142857143,0.872996300863132,True
FBgn0037270,False,0.0,0.42857142857142855,0.7977022292681972,True
FBgn0037273,False,0.0,,0.9732742254320552,True
FBgn0037275,False,0.0,0.7142857142857143,0.729845575714873,True
FBgn0037276,False,0.0,1.0,0.9499491124028732,True
FBgn0037279,False,0.0,0.8571428571428571,0.8937525688450473,True
FBgn0037280,False,0.0,1.0,0.9581840956686826,True
FBgn0037282,False,0.0,1.0,0.9480750787779147,True
FBgn0037283,False,0.0,0.8571428571428571,0.9465533439022958,True
FBgn0037284,False,0.0,,0.9732742254320552,True
FBgn0037288,False,0.0,1.0,0.9131877165169396,True
FBgn0037290,True,0.0,1.0,0.9999608556945179,False
FBgn0037291,False,0.0,1.0,0.9755494881882059,True
FBgn0037292,False,0.0,0.8571428571428571,0.9337531560096295,True
FBgn0037293,False,0.0,1.0,0.9693695809602099,True
FBgn0037294,False,0.0,0.8571428571428571,0.9689585657526472,True
FBgn0037295,False,0.0,1.0,0.9690123891726851,True
FBgn0037296,False,0.0,1.0,0.9506488168633668,True
FBgn0037297,False,0.0,0.8571428571428571,0.9018554400798544,True
FBgn0037298,False,0.0,1.0,0.9716986671363983,True
FBgn0037299,False,0.0,0.42857142857142855,0.829595052159787,True
FBgn0037301,False,0.0,1.0,0.9769342179946372,True
FBgn0037304,False,0.0,0.8571428571428571,0.8973147006439238,True
FBgn0037305,False,0.0,1.0,0.962812909791948,True
FBgn0037307,False,0.0,0.8571428571428571,0.884504726674887,True
FBgn0037309,False,0.0,1.0,0.989235315992406,True
FBgn0037310,False,0.0,1.0,0.9779372908226176,True
FBgn0037312,False,0.0,0.8571428571428571,0.8642181903587576,True
FBgn0037313,False,0.0,1.0,0.9338559098115201,True
FBgn0037315,False,0.0,0.8571428571428571,0.9122384671089973,True
FBgn0037317,False,0.0,0.8571428571428571,0.8712543792691758,True
FBgn0037320,False,0.0,0.8571428571428571,0.9480310414342473,True
FBgn0037321,False,0.0,1.0,0.9685181923159728,True
FBgn0037322,False,0.0,0.8571428571428571,0.8536492278785743,True
FBgn0037323,False,0.0,0.8571428571428571,0.9236930695007144,True
FBgn0037324,False,0.0,1.0,0.9574012095590394,True
FBgn0037325,False,0.0,0.8571428571428571,0.9598428356134892,True
FBgn0037326,False,0.0,1.0,0.9546464290607324,True
FBgn0037327,False,0.0,1.0,0.9784804180611826,True
FBgn0037328,False,0.0,0.8571428571428571,0.8694439551406259,True
FBgn0037329,False,0.0,1.0,0.930009981797898,True
FBgn0037330,False,0.0,1.0,0.9796156029201651,True
FBgn0037332,False,0.0,0.8571428571428571,0.9270545867339949,True
FBgn0037336,False,0.0,0.8571428571428571,0.937496330221361,True
FBgn0037338,False,0.0,0.5714285714285714,0.7973205722897462,True
FBgn0037339,False,0.0,1.0,0.9755054508445383,True
FBgn0037340,False,0.0,1.0,0.9823850625330279,True
FBgn0037341,False,0.0,1.0,0.9691249290509463,True
FBgn0037342,False,0.0,0.7142857142857143,0.9086469770810092,True
FBgn0037344,False,0.0,0.7142857142857143,0.8643454093515746,True
FBgn0037345,False,0.0,0.8571428571428571,0.8845340849039985,True
FBgn0037347,False,0.0,0.7142857142857143,0.8718317577750376,True
FBgn0037350,False,0.0,1.0,0.9837942575303857,True
FBgn0037351,False,0.0,0.8571428571428571,0.8360147182588613,True
FBgn0037352,False,0.0,0.8571428571428571,0.8732018084669133,True
FBgn0037354,False,0.0,0.8571428571428571,0.8903959446499521,True
FBgn0037356,False,0.0,1.0,0.9857221145753822,True
FBgn0037357,False,0.0,0.7142857142857143,0.8457616503239191,True
FBgn0037358,False,0.0,0.8571428571428571,0.9060243086137044,True
FBgn0037359,False,0.0,1.0,0.9677940226645528,True
FBgn0037360,False,0.0,1.0,0.9340907756444131,True
FBgn0037363,False,0.0,1.0,0.9857710449572349,True
FBgn0037364,False,0.0,1.0,0.9530366194977785,True
FBgn0037365,False,0.0,0.5714285714285714,0.8413089855753235,True
FBgn0037368,False,0.0,1.0,0.9269273677411779,True
FBgn0037369,False,0.0,1.0,0.9928855224786174,True
FBgn0037370,False,0.0,1.0,0.9901356350184957,True
FBgn0037371,False,0.0,1.0,0.9597205096588574,True
FBgn0037372,False,0.0,1.0,0.9432701152799796,True
FBgn0037374,False,0.0,0.5714285714285714,0.8425713894271231,True
FBgn0037375,False,0.0,1.0,0.9793905231636427,True
FBgn0037376,False,0.0,0.8571428571428571,0.9176795255710175,True
FBgn0037377,False,0.0,1.0,0.9781770496936958,True
FBgn0037378,False,0.0,1.0,0.9539760828293504,True
FBgn0037379,False,0.0,0.8571428571428571,0.9172587242870843,True
FBgn0037380,False,0.0,1.0,0.9347806940285361,True
FBgn0037382,False,0.0,1.0,0.9639089503454485,True
FBgn0037383,False,0.0,0.42857142857142855,0.8931556181864443,True
FBgn0037384,False,0.0,1.0,0.9533791321707474,True
FBgn0037385,False,0.0,1.0,0.9729317127590864,True
FBgn0037386,False,0.0,0.8571428571428571,0.8855714089992759,True
FBgn0037387,False,0.0,1.0,0.9732252950502026,True
FBgn0037388,False,0.0,0.42857142857142855,0.8739700154620007,True
FBgn0037389,False,0.0,0.8571428571428571,0.9352895699998043,True
FBgn0037391,False,0.0,1.0,0.9129234924549351,True
FBgn0037395,False,0.0,0.8571428571428571,0.9480310414342473,True
FBgn0037396,False,0.0,,0.9732742254320552,True
FBgn0037397,False,0.0,,0.9732742254320552,True
FBgn0037398,False,0.0,0.8571428571428571,0.9801636231969154,True
FBgn0037399,False,0.0,0.8571428571428571,0.9585461804943926,True
FBgn0037402,False,0.0,0.5714285714285714,0.8875922337697923,True
FBgn0037405,False,0.0,1.0,0.959603076742411,True
FBgn0037406,False,0.0,0.8571428571428571,0.9801636231969154,True
FBgn0037408,False,0.0,1.0,0.9666148004619028,True
FBgn0037409,False,0.0,0.8571428571428571,0.923286947331337,True
FBgn0037410,False,0.0,,0.9732742254320552,True
FBgn0037411,False,0.0,,0.9732742254320552,True
FBgn0037412,False,0.0,0.8571428571428571,0.9465533439022958,True
FBgn0037413,False,0.0,0.8571428571428571,0.9801636231969154,True
FBgn0037414,False,0.0,0.8571428571428571,0.9458829976709138,True
FBgn0037415,False,0.0,,0.9732742254320552,True
FBgn0037416,False,0.0,,0.9732742254320552,True
FBgn0037417,False,0.0,,0.9732742254320552,True
FBgn0037418,False,0.0,,0.9732742254320552,True
FBgn0037419,False,0.0,,0.9732742254320552,True
FBgn0037420,False,0.0,0.8571428571428571,0.9473460160883096,True
FBgn0037421,False,0.0,,0.9732742254320552,True
FBgn0037422,False,0.0,,0.9732742254320552,True
FBgn0037424,False,0.0,0.8571428571428571,0.9650881725480985,True
FBgn0037427,False,0.0,,0.9732742254320552,True
FBgn0037428,False,0.0,0.8571428571428571,0.9689585657526472,True
FBgn0037429,False,0.0,0.8571428571428571,0.8810110974106041,True
FBgn0037430,False,0.0,0.42857142857142855,0.8468968351829018,True
FBgn0037431,False,0.0,0.7142857142857143,0.8642769068169808,True
FBgn0037432,False,0.0,1.0,0.9577045779265261,True
FBgn0037433,False,0.0,0.8571428571428571,0.9000645881040455,True
FBgn0037434,False,0.0,1.0,0.9875423247803026,True
FBgn0037435,False,0.0,1.0,0.9623921085080148,True
FBgn0037436,False,0.0,1.0,0.9165051964065527,True
FBgn0037439,False,0.0,0.7142857142857143,0.8778012643610671,True
FBgn0037440,False,0.0,1.0,0.9516274245004208,True
FBgn0037442,False,0.0,0.8571428571428571,0.9456383457616503,True
FBgn0037443,False,0.0,0.8571428571428571,0.8563208267277318,True
FBgn0037445,False,0.0,1.0,0.9925136515765369,True
FBgn0037446,False,0.0,1.0,0.9336993325895915,True
FBgn0037447,False,0.0,0.8571428571428571,0.9236930695007144,True
FBgn0037448,False,0.0,0.7142857142857143,0.8546669798211105,True
FBgn0037449,False,0.0,0.42857142857142855,0.7393870001761493,True
FBgn0037454,False,0.0,,0.9732742254320552,True
FBgn0037455,False,0.0,,0.9732742254320552,True
FBgn0037456,False,0.0,,0.9732742254320552,True
FBgn0037459,False,0.0,,0.9732742254320552,True
FBgn0037460,False,0.0,,0.9732742254320552,True
FBgn0037461,False,0.0,,0.9732742254320552,True
FBgn0037462,False,0.0,,0.9732742254320552,True
FBgn0037463,False,0.0,0.8571428571428571,0.9585461804943926,True
FBgn0037464,False,0.0,0.8571428571428571,0.9458878907090991,True
FBgn0037465,False,0.0,1.0,0.9647603389896855,True
FBgn0037466,False,0.0,1.0,0.9632532832286224,True
FBgn0037467,False,0.0,1.0,0.9577045779265261,True
FBgn0037468,False,0.0,1.0,0.9973675454563248,True
FBgn0037469,False,0.0,1.0,0.956579179143914,True
FBgn0037470,False,0.0,1.0,0.9780302585481377,True
FBgn0037472,False,0.0,1.0,0.9532714853306715,True
FBgn0037473,False,0.0,0.7142857142857143,0.8835163329614625,True
FBgn0037475,False,0.0,0.8571428571428571,0.9801636231969154,True
FBgn0037477,False,0.0,0.42857142857142855,0.8675894936684085,True
FBgn0037478,False,0.0,1.0,0.937241892235727,True
FBgn0037481,False,0.0,1.0,0.930538429921907,True
FBgn0037482,False,0.0,0.8571428571428571,0.9199009649071301,True
FBgn0037483,False,0.0,1.0,0.9251463018417396,True
FBgn0037485,False,0.0,1.0,0.9689145284089797,True
FBgn0037486,False,0.0,1.0,0.9410878202493492,True
FBgn0037487,False,0.0,1.0,0.9310081615876931,True
FBgn0037488,False,0.0,,0.9732742254320552,True
FBgn0037489,False,0.0,0.5714285714285714,0.821511753077721,True
FBgn0037490,False,0.0,1.0,0.993276965533439,True
FBgn0037491,False,0.0,1.0,0.9736558824105064,True
FBgn0037492,False,0.0,1.0,0.9446695242009668,True
FBgn0037493,False,0.0,,0.9732742254320552,True
FBgn0037498,False,0.0,,0.9732742254320552,True
FBgn0037500,False,0.0,0.8571428571428571,0.9801636231969154,True
FBgn0037501,False,0.0,,0.9732742254320552,True
FBgn0037502,False,0.0,,0.9732742254320552,True
FBgn0037503,False,0.0,0.8571428571428571,0.9801636231969154,True
FBgn0037504,False,0.0,0.7142857142857143,0.8303779382694303,True
FBgn0037506,False,0.0,1.0,0.9768265711545613,True
FBgn0037512,False,0.0,0.8571428571428571,0.9650881725480985,True
FBgn0037513,False,0.0,1.0,0.984107411974243,True
FBgn0037514,False,0.0,0.8571428571428571,0.9480310414342473,True
FBgn0037515,False,0.0,0.7142857142857143,0.8789853796019024,True
FBgn0037516,False,0.0,1.0,0.9314583211007379,True
FBgn0037517,False,0.0,1.0,0.9244514904194312,True
FBgn0037518,False,0.0,1.0,0.9883741412717985,True
FBgn0037519,False,0.0,1.0,0.9747861742313038,True
FBgn0037520,False,0.0,,0.9732742254320552,True
FBgn0037521,False,0.0,1.0,0.9618734464603762,True
FBgn0037525,False,0.0,1.0,0.983745327148533,True
FBgn0037526,False,0.0,0.5714285714285714,0.8229600923805609,True
FBgn0037529,False,0.0,1.0,0.968811774607089,True
FBgn0037530,False,0.0,1.0,0.9717867418237331,True
FBgn0037531,False,0.0,1.0,0.9618440882312645,True
FBgn0037533,False,0.0,1.0,0.9838236157594974,True
FBgn0037534,False,0.0,0.7142857142857143,0.8455806079110642,True
FBgn0037535,False,0.0,0.7142857142857143,0.8539330240933201,True
FBgn0037536,False,0.0,0.8571428571428571,0.9070224884034995,True
FBgn0037537,False,0.0,1.0,0.9694185113420625,True
FBgn0037538,False,0.0,1.0,0.9162116141154366,True
FBgn0037539,False,0.0,1.0,0.99057600845517,True
FBgn0037540,False,0.0,0.8571428571428571,0.9127864873857475,True
FBgn0037541,False,0.0,1.0,0.9552678449102616,True
FBgn0037543,False,0.0,1.0,0.9753488736226098,True
FBgn0037544,False,0.0,1.0,0.9553559195975966,True
FBgn0037546,False,0.0,0.42857142857142855,0.8181698079971815,True
FBgn0037547,False,0.0,1.0,0.9689389935999061,True
FBgn0037548,False,0.0,1.0,0.9848609398547746,True
FBgn0037549,False,0.0,1.0,0.9661499618343021,True
FBgn0037550,False,0.0,1.0,0.9700546063061476,True
FBgn0037551,False,0.0,0.8571428571428571,0.9095472961070988,True
FBgn0037552,False,0.0,1.0,0.9409312430274206,True
FBgn0037553,False,0.0,1.0,0.9876597576967491,True
FBgn0037554,False,0.0,1.0,0.9913393224120721,True
FBgn0037555,False,0.0,0.8571428571428571,0.9227389270545867,True
FBgn0037556,False,0.0,0.8571428571428571,0.8746403616933827,True
FBgn0037560,False,0.0,0.5714285714285714,0.6969643591098584,True
FBgn0037561,False,0.0,1.0,0.9441704343060693,True
FBgn0037562,False,0.0,1.0,0.9467246002387802,True
FBgn0037563,False,0.0,1.0,0.9835202473920106,True
FBgn0037565,False,0.0,1.0,0.9367428023408295,True
FBgn0037566,False,0.0,1.0,0.9671383555477268,True
FBgn0037567,False,0.0,1.0,0.9653866478774,True
FBgn0037569,False,0.0,1.0,0.9258998297222711,True
FBgn0037570,False,0.0,1.0,0.9700594993443329,True
FBgn0037571,False,0.0,0.8571428571428571,0.9801636231969154,True
FBgn0037572,False,0.0,,0.9732742254320552,True
FBgn0037573,False,0.0,0.7142857142857143,0.8481788111874424,True
FBgn0037574,False,0.0,1.0,0.9764351280997396,True
FBgn0037576,False,0.0,0.42857142857142855,0.8611404693402227,True
FBgn0037577,False,0.0,0.8571428571428571,0.9801636231969154,True
FBgn0037578,False,0.0,0.5714285714285714,0.774411367506312,True
FBgn0037579,False,0.0,1.0,0.9822627365783962,True
FBgn0037580,False,0.0,1.0,0.9825318536785861,True
FBgn0037581,False,0.0,1.0,0.9892157438396649,True
FBgn0037583,False,0.0,0.8571428571428571,0.8959544360284187,True
FBgn0037584,False,0.0,1.0,0.980555066251737,True
FBgn0037589,False,0.0,0.8571428571428571,0.9346436889593487,True
FBgn0037590,False,0.0,1.0,0.9747861742313038,True
FBgn0037591,False,0.0,0.5714285714285714,0.9041111306832639,True
FBgn0037592,False,0.0,1.0,0.9871215234963694,True
FBgn0037594,False,0.0,1.0,0.9779911142426556,True
FBgn0037599,False,0.0,0.8571428571428571,0.9801636231969154,True
FBgn0037600,False,0.0,0.8571428571428571,0.9650881725480985,True
FBgn0037601,False,0.0,0.8571428571428571,0.9801636231969154,True
FBgn0037602,False,0.0,1.0,0.9459025698236548,True
FBgn0037603,False,0.0,0.5714285714285714,0.8659307537236021,True
FBgn0037606,False,0.0,1.0,0.989832266651009,True
FBgn0037607,False,0.0,1.0,0.9937662693519661,True
FBgn0037608,False,0.0,0.8571428571428571,0.9392871821971699,True
FBgn0037609,False,0.0,0.7142857142857143,0.8897109193040142,True
FBgn0037610,False,0.0,1.0,0.9570978411915526,True
FBgn0037611,False,0.0,0.42857142857142855,0.7222711526040749,True
FBgn0037612,False,0.0,1.0,0.9433777621200556,True
FBgn0037613,False,0.0,1.0,0.9514610612021216,True
FBgn0037614,False,0.0,0.7142857142857143,0.8336954181590432,True
FBgn0037615,False,0.0,1.0,0.9555124968195252,True
FBgn0037616,False,0.0,1.0,0.9422915076429257,True
FBgn0037617,False,0.0,0.7142857142857143,0.8299179926800149,True
FBgn0037618,False,0.0,1.0,0.9372810365412092,True
FBgn0037619,False,0.0,1.0,0.9369385238682403,True
FBgn0037620,False,0.0,0.7142857142857143,0.8296537686180103,True
FBgn0037621,False,0.0,0.8571428571428571,0.890014287671501,True
FBgn0037622,False,0.0,0.8571428571428571,0.9138825279392481,True
FBgn0037623,False,0.0,1.0,0.9878946235296421,True
FBgn0037624,False,0.0,1.0,0.9907227996007281,True
FBgn0037625,False,0.0,1.0,0.9232233378349285,True
FBgn0037626,False,0.0,1.0,0.9774137357367937,True
FBgn0037627,False,0.0,0.8571428571428571,0.9218092497993855,True
FBgn0037630,False,0.0,1.0,0.9843324917307654,True
FBgn0037632,False,0.0,1.0,0.977961756013544,True
FBgn0037633,False,0.0,1.0,0.9782553383046602,True
FBgn0037634,False,0.0,0.42857142857142855,0.7772101853482865,True
FBgn0037635,False,0.0,1.0,0.9996770594797721,True
FBgn0037636,False,0.0,0.7142857142857143,0.7511302918207974,True
FBgn0037637,False,0.0,1.0,0.9407648797291214,True
FBgn0037638,False,0.0,1.0,0.9655725833284403,True
FBgn0037640,False,0.0,1.0,0.972853424148122,True
FBgn0037643,False,0.0,0.8571428571428571,0.9030395553206897,True
FBgn0037644,False,0.0,1.0,0.9466071673223337,True
FBgn0037645,False,0.0,1.0,0.969589767678547,True
FBgn0037646,True,0.0,1.0,0.9998629949308124,False
FBgn0037647,False,0.0,1.0,0.9568336171295481,True
FBgn0037648,False,0.0,0.5714285714285714,0.8666744955277631,True
FBgn0037650,False,0.0,0.8571428571428571,0.9801636231969154,True
FBgn0037652,False,0.0,0.5714285714285714,0.8027812029045075,True
FBgn0037653,False,0.0,1.0,0.9624899692717201,True
FBgn0037654,False,0.0,0.8571428571428571,0.8633472295617795,True
FBgn0037655,False,0.0,0.8571428571428571,0.8792398175875364,True
FBgn0037656,False,0.0,1.0,0.9642025326365647,True
FBgn0037657,False,0.0,0.5714285714285714,0.891736637112716,True
FBgn0037659,False,0.0,1.0,0.9840095512105377,True
FBgn0037660,False,0.0,1.0,0.9585070361889104,True
FBgn0037661,False,0.0,0.7142857142857143,0.8207190808917073,True
FBgn0037662,False,0.0,0.7142857142857143,0.7958526608341652,True
FBgn0037664,False,0.0,0.8571428571428571,0.8672127297281428,True
FBgn0037665,False,0.0,0.8571428571428571,0.9465533439022958,True
FBgn0037666,False,0.0,,0.9732742254320552,True
FBgn0037667,False,0.0,1.0,0.9422132190319613,True
FBgn0037668,False,0.0,1.0,0.9475662028066467,True
FBgn0037669,False,0.0,0.7142857142857143,0.8226958683185563,True
FBgn0037670,False,0.0,0.7142857142857143,0.7623647074941773,True
FBgn0037671,False,0.0,1.0,0.9673634353042491,True
FBgn0037672,False,0.0,1.0,0.9968195251795745,True
FBgn0037675,False,0.0,,0.9732742254320552,True
FBgn0037676,False,0.0,1.0,0.9723739064059655,True
FBgn0037677,False,0.0,0.5714285714285714,0.8823371107588124,True
FBgn0037678,False,0.0,1.0,0.9995302683342141,True
FBgn0037679,False,0.0,1.0,0.9779421838608029,True
FBgn0037680,False,0.0,1.0,0.9980819290313742,True
FBgn0037683,False,0.0,1.0,0.9982776505587849,True
FBgn0037684,False,0.0,1.0,0.9600238780263441,True
FBgn0037685,False,0.0,1.0,0.9407648797291214,True
FBgn0037686,False,0.0,1.0,0.947898929403245,True
FBgn0037687,False,0.0,1.0,0.9217113890356801,True
FBgn0037688,False,0.0,1.0,0.9428884583015286,True
FBgn0037689,False,0.0,,0.9732742254320552,True
FBgn0037690,False,0.0,1.0,0.9448750318047482,True
FBgn0037696,False,0.0,0.8571428571428571,0.9005832501516842,True
FBgn0037697,False,0.0,1.0,0.9802908421897325,True
FBgn0037698,False,0.0,0.8571428571428571,0.8734464603761768,True
FBgn0037700,False,0.0,1.0,0.9785097762902941,True
FBgn0037702,False,0.0,1.0,0.9769831483764899,True
FBgn0037703,False,0.0,1.0,0.9844890689526941,True
FBgn0037705,False,0.0,1.0,0.9960757833754135,True
FBgn0037707,False,0.0,0.7142857142857143,0.8658622511890083,True
FBgn0037708,False,0.0,0.7142857142857143,0.7940422367056152,True
FBgn0037709,False,0.0,1.0,0.9103693265222241,True
FBgn0037710,False,0.0,0.5714285714285714,0.799982385062533,True
FBgn0037712,False,0.0,1.0,0.9626563325700194,True
FBgn0037713,False,0.0,0.7142857142857143,0.8247509443563698,True
FBgn0037714,False,0.0,0.8571428571428571,0.8675258841720002,True
FBgn0037715,False,0.0,1.0,0.977022292681972,True
FBgn0037716,False,0.0,0.7142857142857143,0.8629557865069579,True
FBgn0037717,False,0.0,1.0,0.9959289922298553,True
FBgn0037718,False,0.0,1.0,0.9901747793239778,True
FBgn0037719,False,0.0,1.0,0.971600806372693,True
FBgn0037720,False,0.0,0.7142857142857143,0.8871176090658212,True
FBgn0037721,False,0.0,1.0,0.9723249760241129,True
FBgn0037722,False,0.0,1.0,0.9498463586009825,True
FBgn0037723,False,0.0,1.0,0.9796547472256474,True
FBgn0037724,False,0.0,1.0,0.9550280860391834,True
FBgn0037726,False,0.0,0.8571428571428571,0.8607539193235864,True
FBgn0037727,False,0.0,1.0,0.9684790480104907,True
FBgn0037728,False,0.0,1.0,0.9778149648679858,True
FBgn0037730,False,0.0,1.0,0.9322118489812694,True
FBgn0037731,False,0.0,0.8571428571428571,0.9445863425518173,True
FBgn0037734,False,0.0,1.0,0.9211535826825592,True
FBgn0037735,False,0.0,1.0,0.9400651752686278,True
FBgn0037736,False,0.0,1.0,0.942242577261073,True
FBgn0037737,False,0.0,0.5714285714285714,0.7708394496310649,True
FBgn0037739,False,0.0,1.0,0.9978862075039634,True
FBgn0037741,False,0.0,1.0,0.9543968841132836,True
FBgn0037742,False,0.0,1.0,0.9852328107568551,True
FBgn0037743,False,0.0,1.0,0.949494059851643,True
FBgn0037744,False,0.0,1.0,0.9854970348188598,True
FBgn0037746,False,0.0,1.0,0.972706633002564,True
FBgn0037747,False,0.0,1.0,0.9749280723386765,True
FBgn0037749,False,0.0,0.7142857142857143,0.9071497073963165,True
FBgn0037750,False,0.0,0.42857142857142855,0.816276202219482,True
FBgn0037751,False,0.0,0.7142857142857143,0.826404791262991,True
FBgn0037752,False,0.0,0.8571428571428571,0.8941342258234983,True
FBgn0037753,False,0.0,1.0,0.9373103947703207,True
FBgn0037754,False,0.0,1.0,0.9999217113890356,True
FBgn0037755,False,0.0,1.0,0.9418511342062513,True
FBgn0037756,False,0.0,0.8571428571428571,0.8672616601099955,True
FBgn0037757,False,0.0,1.0,0.9866322196778424,True
FBgn0037758,False,0.0,1.0,0.9546708942516587,True
FBgn0037759,False,0.0,1.0,0.9756522419900965,True
FBgn0037760,False,0.0,1.0,0.991084884426438,True
FBgn0037761,False,0.0,,0.9732742254320552,True
FBgn0037762,False,0.0,,0.9732742254320552,True
FBgn0037763,False,0.0,,0.9732742254320552,True
FBgn0037764,False,0.0,,0.9732742254320552,True
FBgn0037765,False,0.0,,0.9732742254320552,True
FBgn0037766,False,0.0,1.0,0.9655627972520697,True
FBgn0037769,False,0.0,0.7142857142857143,0.8378055702346701,True
FBgn0037770,False,0.0,1.0,0.9684594758577496,True
FBgn0037772,False,0.0,1.0,0.9621083122932691,True
FBgn0037773,False,0.0,0.5714285714285714,0.7694791850155599,True
FBgn0037777,False,0.0,0.8571428571428571,0.8815297594582429,True
FBgn0037778,False,0.0,1.0,0.9686747695379014,True
FBgn0037779,False,0.0,1.0,0.9773745914313116,True
FBgn0037780,False,0.0,1.0,0.9656802301685162,True
FBgn0037781,False,0.0,0.7142857142857143,0.8464760338989685,True
FBgn0037782,False,0.0,,0.9732742254320552,True
FBgn0037783,False,0.0,1.0,0.9755152369209089,True
FBgn0037786,False,0.0,1.0,0.974610024856634,True
FBgn0037788,False,0.0,0.8571428571428571,0.8283228622316168,True
FBgn0037789,False,0.0,1.0,0.9701720392225941,True
FBgn0037792,False,0.0,0.8571428571428571,0.9073552150000979,True
FBgn0037794,False,0.0,0.8571428571428571,0.8535807253439806,True
FBgn0037796,False,0.0,1.0,0.9510647251091148,True
FBgn0037797,False,0.0,0.5714285714285714,0.8085011645430881,True
FBgn0037798,False,0.0,,0.9732742254320552,True
FBgn0037800,False,0.0,1.0,0.983745327148533,True
FBgn0037801,False,0.0,0.42857142857142855,0.7698706280703815,True
FBgn0037802,False,0.0,0.8571428571428571,0.9257138942712309,True
FBgn0037804,False,0.0,1.0,0.9451881862486055,True
FBgn0037806,False,0.0,0.8571428571428571,0.8970211183528076,True
FBgn0037807,False,0.0,1.0,0.936136065605856,True
FBgn0037808,False,0.0,1.0,0.9567944728240659,True
FBgn0037809,False,0.0,0.42857142857142855,0.727692638913354,True
FBgn0037810,False,0.0,1.0,0.9339146262697434,True
FBgn0037811,False,0.0,0.42857142857142855,0.7945315405241422,True
FBgn0037812,False,0.0,1.0,0.997083749241579,True
FBgn0037814,False,0.0,1.0,0.9743604799091852,True
FBgn0037815,False,0.0,1.0,0.9580079462940129,True
FBgn0037816,False,0.0,0.8571428571428571,0.9345311490810875,True
FBgn0037817,False,0.0,1.0,0.9918384123069696,True
FBgn0037818,False,0.0,,0.9732742254320552,True
FBgn0037819,False,0.0,0.8571428571428571,0.9227242479400309,True
FBgn0037820,False,0.0,,0.9732742254320552,True
FBgn0037822,False,0.0,0.7142857142857143,0.8675650284774823,True
FBgn0037824,False,0.0,1.0,0.9166813457812225,True
FBgn0037826,False,0.0,,0.9732742254320552,True
FBgn0037827,False,0.0,,0.9732742254320552,True
FBgn0037828,False,0.0,,0.9732742254320552,True
FBgn0037829,False,0.0,,0.9732742254320552,True
FBgn0037831,False,0.0,1.0,0.9738320317851761,True
FBgn0037832,False,0.0,1.0,0.9680582467265575,True
FBgn0037834,False,0.0,1.0,0.9518720764096843,True
FBgn0037835,False,0.0,1.0,0.9525228504883252,True
FBgn0037836,False,0.0,1.0,0.9690074961344999,True
FBgn0037837,False,0.0,1.0,0.8956217094318204,True
FBgn0037838,False,0.0,1.0,0.972109682343961,True
FBgn0037841,False,0.0,,0.9732742254320552,True
FBgn0037842,False,0.0,0.7142857142857143,0.8829780987610828,True
FBgn0037843,False,0.0,0.8571428571428571,0.8770085921750533,True
FBgn0037844,False,0.0,1.0,0.9983461530933788,True
FBgn0037845,False,0.0,1.0,0.9935999060536669,True
FBgn0037846,False,0.0,1.0,0.9643003934002701,True
FBgn0037847,False,0.0,1.0,0.9863386373867261,True
FBgn0037848,False,0.0,1.0,0.990341142622277,True
FBgn0037849,False,0.0,1.0,0.9102518936057777,True
FBgn0037850,False,0.0,1.0,0.9974654062200301,True
FBgn0037852,False,0.0,1.0,0.9940207073376001,True
FBgn0037853,False,0.0,1.0,0.9672557884641731,True
FBgn0037855,False,0.0,1.0,0.9614037147945903,True
FBgn0037856,False,0.0,1.0,0.9874542500929677,True
FBgn0037857,False,0.0,0.8571428571428571,0.9801636231969154,True
FBgn0037860,False,0.0,0.8571428571428571,0.9650881725480985,True
FBgn0037862,False,0.0,1.0,0.9656802301685162,True
FBgn0037870,False,0.0,0.8571428571428571,0.8899751433660188,True
FBgn0037872,False,0.0,1.0,0.9991975417376158,True
FBgn0037873,False,0.0,1.0,0.9781379053882137,True
FBgn0037874,False,0.0,1.0,0.9679212416573699,True
FBgn0037875,False,0.0,1.0,0.9148219912708199,True
FBgn0037876,False,0.0,1.0,0.977619243340575,True
FBgn0037877,False,0.0,1.0,0.9741941166108861,True
FBgn0037878,False,0.0,0.8571428571428571,0.9272503082614056,True
FBgn0037879,False,0.0,1.0,0.9158886735952088,True
FBgn0037880,False,0.0,1.0,0.9794785978509777,True
FBgn0037881,False,0.0,0.7142857142857143,0.8592272914097822,True
FBgn0037882,False,0.0,1.0,0.9750748634842347,True
FBgn0037883,False,0.0,0.8571428571428571,0.9045759693108645,True
FBgn0037884,False,0.0,1.0,0.9868866576634764,True
FBgn0037885,False,0.0,1.0,0.9681756796430039,True
FBgn0037888,False,0.0,1.0,0.9579785880649012,True
FBgn0037889,False,0.0,0.8571428571428571,0.9031374160843951,True
FBgn0037890,False,0.0,1.0,0.9257823968058246,True
FBgn0037891,False,0.0,0.5714285714285714,0.7471962891198403,True
FBgn0037892,False,0.0,1.0,0.9548764018554401,True
FBgn0037893,False,0.0,1.0,0.9558452234161235,True
FBgn0037894,False,0.0,1.0,0.9622159591333451,True
FBgn0037895,False,0.0,0.5714285714285714,0.8356232752040397,True
FBgn0037896,False,0.0,1.0,0.9989822480574638,True
FBgn0037897,False,0.0,1.0,0.9723934785587067,True
FBgn0037898,False,0.0,1.0,0.9937956275810776,True
FBgn0037899,False,0.0,1.0,0.9701035366880003,True
FBgn0037900,False,0.0,1.0,0.9601902413246433,True
FBgn0037901,False,0.0,1.0,0.9963889378192707,True
FBgn0037902,False,0.0,1.0,0.9763079091069227,True
FBgn0037906,False,0.0,1.0,0.9347366566848688,True
FBgn0037908,False,0.0,,0.9732742254320552,True
FBgn0037910,False,0.0,0.8571428571428571,0.9216086352337893,True
FBgn0037911,False,0.0,1.0,0.9385140821638972,True
FBgn0037912,False,0.0,1.0,0.9693500088074687,True
FBgn0037913,False,0.0,0.5714285714285714,0.6218562229659641,True
FBgn0037915,False,0.0,1.0,0.9427612393087116,True
FBgn0037916,False,0.0,1.0,0.9714735873798759,True
FBgn0037917,False,0.0,1.0,0.9915448300158535,True
FBgn0037918,False,0.0,0.8571428571428571,0.9050065566711682,True
FBgn0037920,False,0.0,1.0,0.9171706495997495,True
FBgn0037921,False,0.0,0.8571428571428571,0.9304209970054607,True
FBgn0037922,False,0.0,0.8571428571428571,0.9157027381441685,True
FBgn0037923,False,0.0,1.0,0.9819740473254653,True
FBgn0037924,False,0.0,0.8571428571428571,0.9266435715264322,True
FBgn0037926,False,0.0,1.0,0.9711604329360186,True
FBgn0037930,False,0.0,1.0,0.9650637073571722,True
FBgn0037931,False,0.0,1.0,0.9559528702561995,True
FBgn0037933,False,0.0,0.42857142857142855,0.780772317147163,True
FBgn0037934,False,0.0,0.8571428571428571,0.8964535259233163,True
FBgn0037935,False,0.0,1.0,0.9959485643825965,True
FBgn0037936,False,0.0,1.0,0.9618147300021529,True
FBgn0037937,False,0.0,1.0,0.9561192335544987,True
FBgn0037938,False,0.0,0.8571428571428571,0.8904057307263226,True
FBgn0037939,False,0.0,1.0,0.9502573738085452,True
FBgn0037940,False,0.0,0.8571428571428571,0.9801636231969154,True
FBgn0037941,False,0.0,1.0,0.9465190926349989,True
FBgn0037942,False,0.0,1.0,0.9600336641027146,True
FBgn0037943,False,0.0,1.0,0.9605425400739828,True
FBgn0037944,False,0.0,0.7142857142857143,0.8875775546552366,True
FBgn0037949,False,0.0,1.0,0.9687041277670131,True
FBgn0037950,False,0.0,0.8571428571428571,0.8827530190045604,True
FBgn0037955,False,0.0,1.0,0.9682441821775977,True
FBgn0037956,False,0.0,1.0,0.9838040436067563,True
FBgn0037958,False,0.0,1.0,0.9514121308202689,True
FBgn0037960,False,0.0,1.0,0.9561388057072397,True
FBgn0037962,False,0.0,1.0,0.9589571957019553,True
FBgn0037963,False,0.0,1.0,0.9780791889299904,True
FBgn0037964,False,0.0,0.7142857142857143,0.8780018789266631,True
FBgn0037970,False,0.0,1.0,0.9525375296028811,True
FBgn0037972,False,0.0,1.0,0.9959485643825965,True
FBgn0037973,False,0.0,1.0,0.9311940970387332,True
FBgn0037974,False,0.0,1.0,0.9587027577163212,True
FBgn0037975,False,0.0,1.0,0.9500225079756522,True
FBgn0037976,False,0.0,0.5714285714285714,0.8211594543283816,True
FBgn0037978,False,0.0,1.0,0.931350674260662,True
FBgn0037979,False,0.0,1.0,0.9606306147613176,True
FBgn0037980,False,0.0,0.8571428571428571,0.887567768578866,True
FBgn0037981,False,0.0,1.0,0.9284833538840938,True
FBgn0037985,False,0.0,1.0,0.9695261581821385,True
FBgn0037986,False,0.0,0.8571428571428571,0.9458829976709138,True
FBgn0037987,False,0.0,,0.9732742254320552,True
FBgn0037988,False,0.0,0.5714285714285714,0.8735002837962147,True
FBgn0037989,False,0.0,0.7142857142857143,0.9043900338598242,True
FBgn0037992,False,0.0,0.8571428571428571,0.9094151840760966,True
FBgn0037993,False,0.0,1.0,0.9657878770085921,True
FBgn0037994,False,0.0,,0.9732742254320552,True
FBgn0037995,False,0.0,,0.9732742254320552,True
FBgn0037996,False,0.0,1.0,0.9576752196974145,True
FBgn0037998,False,0.0,1.0,0.988491574188245,True
FBgn0037999,False,0.0,1.0,0.9707200594993444,True
FBgn0038000,False,0.0,,0.9732742254320552,True
FBgn0038001,False,0.0,,0.9732742254320552,True
FBgn0038002,False,0.0,,0.9732742254320552,True
FBgn0038003,False,0.0,,0.9732742254320552,True
FBgn0038005,False,0.0,,0.9732742254320552,True
FBgn0038006,False,0.0,,0.9732742254320552,True
FBgn0038007,False,0.0,,0.9732742254320552,True
FBgn0038008,False,0.0,,0.9732742254320552,True
FBgn0038009,False,0.0,,0.9732742254320552,True
FBgn0038011,False,0.0,0.8571428571428571,0.9585461804943926,True
FBgn0038012,False,0.0,1.0,0.9876793298494901,True
FBgn0038013,False,0.0,1.0,0.9534378486289707,True
FBgn0038014,False,0.0,1.0,0.9414401189986886,True
FBgn0038016,False,0.0,1.0,0.9591822754584777,True
FBgn0038017,False,0.0,0.8571428571428571,0.9515246706985301,True
FBgn0038018,False,0.0,0.8571428571428571,0.915893566633394,True
FBgn0038020,False,0.0,1.0,0.9762491926486995,True
FBgn0038028,False,0.0,0.5714285714285714,0.9076732624821404,True
FBgn0038029,False,0.0,0.8571428571428571,0.9710283209050163,True
FBgn0038032,False,0.0,,0.9732742254320552,True
FBgn0038033,False,0.0,,0.9732742254320552,True
FBgn0038034,False,0.0,0.8571428571428571,0.916201828039066,True
FBgn0038035,False,0.0,0.8571428571428571,0.8992425576889203,True
FBgn0038037,False,0.0,0.7142857142857143,0.8191728808251619,True
FBgn0038038,False,0.0,0.8571428571428571,0.9005636779989431,True
FBgn0038039,False,0.0,0.8571428571428571,0.8690035817039516,True
FBgn0038042,False,0.0,1.0,0.9813183802086392,True
FBgn0038043,False,0.0,1.0,0.9919264869943045,True
FBgn0038045,False,0.0,0.5714285714285714,0.8365333803064999,True
FBgn0038046,False,0.0,1.0,0.9870334488090344,True
FBgn0038047,False,0.0,0.42857142857142855,0.737478715283894,True
FBgn0038049,False,0.0,1.0,0.9941087820249349,True
FBgn0038051,False,0.0,1.0,0.9489460395748929,True
FBgn0038052,False,0.0,1.0,0.9599211242244534,True
FBgn0038053,False,0.0,0.8571428571428571,0.8944865245728377,True
FBgn0038054,False,0.0,1.0,0.9432750083181649,True
FBgn0038055,False,0.0,1.0,0.9633119996868456,True
FBgn0038056,False,0.0,0.8571428571428571,0.9065821149668252,True
FBgn0038057,False,0.0,0.7142857142857143,0.8256806216115711,True
FBgn0038058,False,0.0,0.7142857142857143,0.8514375746188323,True
FBgn0038063,False,0.0,0.8571428571428571,0.9151938621729004,True
FBgn0038065,False,0.0,1.0,0.9683909733231558,True
FBgn0038067,False,0.0,0.42857142857142855,0.7425283306910927,True
FBgn0038068,False,0.0,1.0,0.9864169259976905,True
FBgn0038069,False,0.0,0.42857142857142855,0.8590560350732978,True
FBgn0038070,False,0.0,0.5714285714285714,0.866038400563678,True
FBgn0038071,False,0.0,1.0,0.9935705478245552,True
FBgn0038072,False,0.0,1.0,0.9698295265496252,True
FBgn0038073,False,0.0,0.5714285714285714,0.8708776153289101,True
FBgn0038074,False,0.0,1.0,0.9727653494607872,True
FBgn0038076,False,0.0,1.0,0.9641291370637857,True
FBgn0038078,False,0.0,0.8571428571428571,0.9801636231969154,True
FBgn0038079,False,0.0,1.0,0.9641829604838236,True
FBgn0038080,False,0.0,0.7142857142857143,0.7997377331532696,True
FBgn0038082,False,0.0,0.42857142857142855,0.8972755563384417,True
FBgn0038083,False,0.0,1.0,0.992317930049126,True
FBgn0038084,False,0.0,,0.9732742254320552,True
FBgn0038087,False,0.0,,0.9732742254320552,True
FBgn0038088,False,0.0,1.0,0.9979155657330749,True
FBgn0038089,False,0.0,,0.9732742254320552,True
FBgn0038090,False,0.0,,0.9732742254320552,True
FBgn0038092,False,0.0,1.0,0.9885796488755798,True
FBgn0038095,False,0.0,1.0,0.9796156029201651,True
FBgn0038097,False,0.0,1.0,0.9560262658289785,True
FBgn0038098,False,0.0,0.7142857142857143,0.8509384847239347,True
FBgn0038099,False,0.0,0.8571428571428571,0.879885698627992,True
FBgn0038100,False,0.0,1.0,0.9441019317714755,True
FBgn0038102,False,0.0,1.0,0.9386510872330848,True
FBgn0038105,False,0.0,0.8571428571428571,0.9241774802810561,True
FBgn0038106,False,0.0,1.0,0.9549449043900339,True
FBgn0038107,False,0.0,1.0,0.992533223729278,True
FBgn0038108,False,0.0,1.0,0.9089894897539781,True
FBgn0038109,False,0.0,0.8571428571428571,0.8810013113342336,True
FBgn0038110,False,0.0,1.0,0.9570097665042178,True
FBgn0038111,False,0.0,1.0,0.9531638384905956,True
FBgn0038113,False,0.0,1.0,0.94427318810796,True
FBgn0038114,False,0.0,0.42857142857142855,0.8493237821227957,True
FBgn0038115,False,0.0,1.0,0.955708218346936,True
FBgn0038118,False,0.0,1.0,0.9918971287651929,True
FBgn0038122,False,0.0,0.8571428571428571,0.9465533439022958,True
FBgn0038123,False,0.0,0.8571428571428571,0.9598428356134892,True
FBgn0038124,False,0.0,0.8571428571428571,0.9801636231969154,True
FBgn0038125,False,0.0,0.8571428571428571,0.9480310414342473,True
FBgn0038126,False,0.0,1.0,0.9270350145812538,True
FBgn0038127,False,0.0,,0.9732742254320552,True
FBgn0038128,False,0.0,0.7142857142857143,0.8654316638287045,True
FBgn0038129,False,0.0,1.0,0.9562464525473157,True
FBgn0038130,False,0.0,1.0,0.9609535552815455,True
FBgn0038131,False,0.0,,0.9732742254320552,True
FBgn0038132,False,0.0,,0.9732742254320552,True
FBgn0038133,False,0.0,,0.9732742254320552,True
FBgn0038134,False,0.0,0.8571428571428571,0.9650881725480985,True
FBgn0038135,False,0.0,0.8571428571428571,0.9801636231969154,True
FBgn0038136,False,0.0,,0.9732742254320552,True
FBgn0038139,False,0.0,0.8571428571428571,0.9650881725480985,True
FBgn0038140,False,0.0,,0.9732742254320552,True
FBgn0038142,False,0.0,0.42857142857142855,0.8718317577750376,True
FBgn0038143,False,0.0,1.0,0.997680699900182,True
FBgn0038144,False,0.0,1.0,0.9936977668173722,True
FBgn0038145,False,0.0,1.0,0.9836866106903098,True
FBgn0038146,False,0.0,1.0,0.9730100013700507,True
FBgn0038147,False,0.0,0.8571428571428571,0.9689585657526472,True
FBgn0038148,False,0.0,,0.9732742254320552,True
FBgn0038149,False,0.14285714285714285,1.0,0.9995302683342141,False
FBgn0038150,False,0.0,0.8571428571428571,0.9710283209050163,True
FBgn0038151,False,0.0,0.42857142857142855,0.8972755563384417,True
FBgn0038153,False,0.0,,0.9732742254320552,True
FBgn0038156,False,0.0,1.0,0.9570586968860705,True
FBgn0038157,False,0.0,1.0,0.9669377409821306,True
FBgn0038158,False,0.0,0.8571428571428571,0.9465533439022958,True
FBgn0038159,False,0.0,0.8571428571428571,0.9650881725480985,True
FBgn0038160,False,0.0,,0.9732742254320552,True
FBgn0038161,False,0.0,,0.9732742254320552,True
FBgn0038162,False,0.0,0.8571428571428571,0.9445863425518173,True
FBgn0038163,False,0.0,1.0,0.9356761200164406,True
FBgn0038165,False,0.0,1.0,0.9291096627718083,True
FBgn0038166,False,0.0,1.0,0.9490928307204509,True
FBgn0038167,False,0.0,1.0,0.9472236901336778,True
FBgn0038168,False,0.0,1.0,0.9705439101246746,True
FBgn0038170,False,0.0,1.0,0.959877086880786,True
FBgn0038172,False,0.0,1.0,0.9740864697708101,True
FBgn0038173,False,0.0,0.7142857142857143,0.8921770105493904,True
FBgn0038175,False,0.0,,0.9732742254320552,True
FBgn0038179,False,0.0,0.7142857142857143,0.9052414225040613,True
FBgn0038180,False,0.0,1.0,0.9624410388898675,True
FBgn0038181,False,0.0,1.0,0.9517986808369052,True
FBgn0038183,False,0.0,0.5714285714285714,0.8828508797682657,True
FBgn0038186,False,0.0,,0.9732742254320552,True
FBgn0038188,False,0.0,,0.9732742254320552,True
FBgn0038189,False,0.0,,0.9732742254320552,True
FBgn0038190,False,0.0,0.8571428571428571,0.9480310414342473,True
FBgn0038191,False,0.0,0.7142857142857143,0.8444601021666374,True
FBgn0038194,False,0.0,1.0,0.9769048597655255,True
FBgn0038195,False,0.0,0.42857142857142855,0.8170395161763843,True
FBgn0038196,False,0.0,0.42857142857142855,0.7780517879161528,True
FBgn0038197,False,0.0,0.8571428571428571,0.8935274890885249,True
FBgn0038198,False,0.0,1.0,0.9998825670835535,True
FBgn0038199,False,0.0,1.0,0.9668154150274989,True
FBgn0038200,False,0.0,0.5714285714285714,0.8909635370794434,True
FBgn0038201,False,0.0,0.5714285714285714,0.9041111306832639,True
FBgn0038202,False,0.0,0.8571428571428571,0.8940265789834224,True
FBgn0038203,False,0.0,1.0,0.9541620182803907,True
FBgn0038204,False,0.0,0.7142857142857143,0.8709020805198364,True
FBgn0038205,False,0.0,1.0,0.9232184447967432,True
FBgn0038206,False,0.0,1.0,0.9169064255377449,True
FBgn0038207,False,0.0,1.0,0.9497338187227213,True
FBgn0038208,False,0.0,1.0,0.9566036443348404,True
FBgn0038209,False,0.0,1.0,0.9695261581821385,True
FBgn0038210,False,0.0,,0.9732742254320552,True
FBgn0038211,False,0.0,0.8571428571428571,0.9801636231969154,True
FBgn0038213,False,0.0,1.0,0.9666294795764586,True
FBgn0038214,False,0.0,0.8571428571428571,0.9801636231969154,True
FBgn0038217,False,0.0,0.8571428571428571,0.9650881725480985,True
FBgn0038218,False,0.0,1.0,0.9669377409821306,True
FBgn0038219,False,0.0,0.8571428571428571,0.9627150490282426,True
FBgn0038220,False,0.0,1.0,0.9714833734562465,True
FBgn0038221,False,0.0,1.0,0.9844401385708414,True
FBgn0038223,False,0.0,1.0,0.9343549997064177,True
FBgn0038224,False,0.0,1.0,0.9676765897481064,True
FBgn0038225,False,0.0,1.0,0.9624067876225706,True
FBgn0038233,False,0.0,0.8571428571428571,0.9135791595717613,True
FBgn0038234,False,0.0,1.0,0.927309024719629,True
FBgn0038235,False,0.0,0.5714285714285714,0.7515804513338422,True
FBgn0038236,False,0.0,0.7142857142857143,0.8783003542559646,True
FBgn0038237,False,0.0,1.0,0.9997749202434776,True
FBgn0038238,False,0.0,0.8571428571428571,0.9346436889593487,True
FBgn0038239,False,0.0,,0.9732742254320552,True
FBgn0038240,False,0.0,,0.9732742254320552,True
FBgn0038241,False,0.0,1.0,0.953080656841446,True
FBgn0038242,False,0.0,0.8571428571428571,0.9065576497758988,True
FBgn0038243,False,0.0,0.8571428571428571,0.8836044076487973,True
FBgn0038244,False,0.0,1.0,0.9701818252989647,True
FBgn0038246,False,0.0,0.8571428571428571,0.9801636231969154,True
FBgn0038247,False,0.0,0.8571428571428571,0.9002798817841975,True
FBgn0038248,False,0.0,0.8571428571428571,0.9099583113146614,True
FBgn0038250,False,0.0,1.0,0.9522733055408764,True
FBgn0038251,False,0.0,1.0,0.9832755954827471,True
FBgn0038252,False,0.0,0.7142857142857143,0.8574364394339733,True
FBgn0038256,False,0.0,1.0,0.9935314035190731,True
FBgn0038257,False,0.0,1.0,0.9389055252187188,True
FBgn0038258,False,0.0,0.7142857142857143,0.790303955532069,True
FBgn0038260,False,0.0,1.0,0.9959387783062259,True
FBgn0038261,False,0.0,1.0,0.9988452429882763,True
FBgn0038262,False,0.0,1.0,0.957303348795334,True
FBgn0038266,False,0.0,0.8571428571428571,0.9585461804943926,True
FBgn0038267,False,0.0,,0.9732742254320552,True
FBgn0038268,False,0.0,1.0,0.9670502808603918,True
FBgn0038269,False,0.0,1.0,0.9747323508112657,True
FBgn0038271,False,0.0,0.7142857142857143,0.8100522576478186,True
FBgn0038272,False,0.0,1.0,0.9569119057405124,True
FBgn0038273,False,0.0,0.5714285714285714,0.8476210048343218,True
FBgn0038274,False,0.0,1.0,0.9391208188988707,True
FBgn0038275,False,0.0,1.0,0.9689389935999061,True
FBgn0038276,False,0.0,0.5714285714285714,0.8816814436419862,True
FBgn0038277,False,0.0,1.0,0.9466267394750748,True
FBgn0038279,False,0.0,0.8571428571428571,0.9346436889593487,True
FBgn0038280,False,0.0,,0.9732742254320552,True
FBgn0038281,False,0.0,,0.9732742254320552,True
FBgn0038282,False,0.0,1.0,0.9956256238623686,True
FBgn0038285,False,0.0,0.8571428571428571,0.9346436889593487,True
FBgn0038286,False,0.0,1.0,0.9490732585677099,True
FBgn0038289,False,0.0,1.0,0.9801929814260271,True
FBgn0038290,False,0.0,1.0,0.9920145616816394,True
FBgn0038291,False,0.0,1.0,0.9826199283659209,True
FBgn0038292,False,0.0,0.5714285714285714,0.8234591822754584,True
FBgn0038293,False,0.0,1.0,0.9975534809073651,True
FBgn0038294,False,0.0,0.5714285714285714,0.8701583387156754,True
FBgn0038295,False,0.0,0.8571428571428571,0.9602832090501634,True
FBgn0038296,False,0.0,1.0,0.9467441723915213,True
FBgn0038299,False,0.0,1.0,0.9684986201632317,True
FBgn0038300,False,0.0,0.7142857142857143,0.8667527841387275,True
FBgn0038301,False,0.0,1.0,0.9633707161450688,True
FBgn0038302,False,0.0,1.0,0.9707298455757148,True
FBgn0038303,False,0.0,0.5714285714285714,0.8386667449552776,True
FBgn0038304,False,0.0,1.0,0.989979057796567,True
FBgn0038306,False,0.0,0.5714285714285714,0.8526608341651498,True
FBgn0038307,False,0.0,,0.9732742254320552,True
FBgn0038309,False,0.0,1.0,0.9943730060869395,True
FBgn0038311,False,0.0,0.7142857142857143,0.8358679271133032,True
FBgn0038312,False,0.0,0.5714285714285714,0.8521911024993639,True
FBgn0038313,False,0.0,1.0,0.9691053568982052,True
FBgn0038315,False,0.0,1.0,0.9802614839606208,True
FBgn0038316,False,0.0,0.7142857142857143,0.8589434951950365,True
FBgn0038318,False,0.0,1.0,0.9409997455620144,True
FBgn0038319,False,0.0,0.7142857142857143,0.8528369835398195,True
FBgn0038320,False,0.0,0.8571428571428571,0.92352181316423,True
FBgn0038321,False,0.0,1.0,0.9504139510304739,True
FBgn0038323,False,0.0,0.42857142857142855,0.8055800207464818,True
FBgn0038324,False,0.0,1.0,0.9845282132581763,True
FBgn0038325,False,0.0,1.0,0.9738320317851761,True
FBgn0038326,False,0.0,1.0,0.9759066799757306,True
FBgn0038327,False,0.0,1.0,0.9617560135439297,True
FBgn0038330,False,0.0,1.0,0.9528115397412561,True
FBgn0038331,False,0.0,0.7142857142857143,0.7842268021059636,True
FBgn0038332,False,0.0,0.8571428571428571,0.8869414596911515,True
FBgn0038333,False,0.0,0.5714285714285714,0.8681473000215294,True
FBgn0038334,False,0.0,,0.9732742254320552,True
FBgn0038337,False,0.0,0.8571428571428571,0.8735443211398822,True
FBgn0038339,False,0.0,1.0,0.9681756796430039,True
FBgn0038341,False,0.0,1.0,0.9991975417376158,True
FBgn0038342,False,0.0,1.0,0.9477717104104281,True
FBgn0038343,False,0.0,0.7142857142857143,0.8815101873055017,True
FBgn0038344,False,0.0,1.0,0.9781476914645842,True
FBgn0038345,False,0.0,,0.9732742254320552,True
FBgn0038346,False,0.0,1.0,0.9752314407061633,True
FBgn0038347,False,0.0,1.0,0.9885013602646155,True
FBgn0038348,False,0.0,1.0,0.9770125066056016,True
FBgn0038349,False,0.0,1.0,0.9871606678018515,True
FBgn0038350,False,0.0,1.0,0.9395709784119155,True
FBgn0038351,False,0.0,1.0,0.9997553480907365,True
FBgn0038353,False,0.0,1.0,0.943475622883761,True
FBgn0038354,False,0.0,0.5714285714285714,0.8660873309455307,True
FBgn0038355,False,0.0,,0.9732742254320552,True
FBgn0038356,False,0.0,0.8571428571428571,0.9801636231969154,True
FBgn0038357,False,0.0,0.8571428571428571,0.9650881725480985,True
FBgn0038358,False,0.0,0.8571428571428571,0.9506830681306637,True
FBgn0038359,False,0.0,1.0,0.9615651850547041,True
FBgn0038360,False,0.0,1.0,0.9732350811265731,True
FBgn0038361,False,0.0,0.7142857142857143,0.9149589963400074,True
FBgn0038363,False,0.0,1.0,0.9698099543968841,True
FBgn0038364,False,0.0,1.0,0.9736363102577652,True
FBgn0038365,False,0.0,1.0,0.9607871919832462,True
FBgn0038366,False,0.0,1.0,0.921946254868573,True
FBgn0038368,False,0.0,1.0,0.9860548411719805,True
FBgn0038369,False,0.0,1.0,0.9439453545495469,True
FBgn0038371,False,0.0,0.8571428571428571,0.8967275360616914,True
FBgn0038373,False,0.0,0.8571428571428571,0.9162996888027714,True
FBgn0038376,False,0.0,0.8571428571428571,0.9187070635899243,True
FBgn0038377,False,0.0,0.8571428571428571,0.9585461804943926,True
FBgn0038380,False,0.0,0.8571428571428571,0.9546806803280293,True
FBgn0038381,False,0.0,1.0,0.9994421936468793,True
FBgn0038385,False,0.0,1.0,0.9430156772943457,True
FBgn0038386,False,0.0,0.8571428571428571,0.9109418119899008,True
FBgn0038387,False,0.0,0.8571428571428571,0.9168183508504101,True
FBgn0038388,False,0.0,0.8571428571428571,0.9110054214863093,True
FBgn0038389,False,0.0,0.7142857142857143,0.909586440412581,True
FBgn0038390,False,0.0,0.5714285714285714,0.8372281917288082,True
FBgn0038391,False,0.0,1.0,0.989108096999589,True
FBgn0038392,False,0.0,1.0,0.9212416573698942,True
FBgn0038394,False,0.0,1.0,0.9743311216800735,True
FBgn0038395,False,0.0,1.0,0.9441410760769577,True
FBgn0038396,False,0.0,0.8571428571428571,0.910457401209559,True
FBgn0038397,False,0.0,1.0,0.9609144109760632,True
FBgn0038398,False,0.0,0.8571428571428571,0.9465239856731842,True
FBgn0038400,False,0.0,1.0,0.9663554694380835,True
FBgn0038401,False,0.0,0.42857142857142855,0.8078699626171884,True
FBgn0038402,False,0.0,0.2857142857142857,0.7885522478617424,True
FBgn0038404,False,0.0,1.0,0.9212808016753763,True
FBgn0038405,False,0.0,1.0,0.9818370422562778,True
FBgn0038407,False,0.0,0.5714285714285714,0.8087213512614253,True
FBgn0038412,False,0.0,1.0,0.9158299571369855,True
FBgn0038414,False,0.0,1.0,0.989470181825299,True
FBgn0038415,False,0.0,1.0,0.9852523829095963,True
FBgn0038416,False,0.0,1.0,0.9933748262971445,True
FBgn0038418,False,0.0,0.7142857142857143,0.8626817763685828,True
FBgn0038419,False,0.0,1.0,0.9716497367545456,True
FBgn0038420,False,0.0,1.0,0.9763764116415165,True
FBgn0038421,False,0.0,0.5714285714285714,0.6507642925645392,True
FBgn0038422,False,0.0,1.0,0.9489362534985223,True
FBgn0038423,False,0.0,,0.9732742254320552,True
FBgn0038424,False,0.0,0.8571428571428571,0.8991153386961032,True
FBgn0038425,False,0.0,1.0,0.9673242909987669,True
FBgn0038426,False,0.0,1.0,0.9390914606697591,True
FBgn0038427,False,0.0,0.5714285714285714,0.847806940285362,True
FBgn0038428,False,0.0,1.0,0.9784021294502182,True
FBgn0038429,False,0.0,1.0,0.9161920419626954,True
FBgn0038431,False,0.0,0.8571428571428571,0.8886931673614781,True
FBgn0038432,False,0.0,1.0,0.9454621963869806,True
FBgn0038435,False,0.0,1.0,0.9753782318517213,True
FBgn0038436,False,0.0,1.0,0.9980134264967804,True
FBgn0038437,False,0.0,0.8571428571428571,0.8993991349108489,True
FBgn0038438,False,0.0,0.7142857142857143,0.8839567063981367,True
FBgn0038439,False,0.0,1.0,0.9678087017791087,True
FBgn0038440,False,0.0,,0.9732742254320552,True
FBgn0038445,False,0.0,0.8571428571428571,0.9506830681306637,True
FBgn0038446,False,0.0,0.7142857142857143,0.8120486172274088,True
FBgn0038447,False,0.0,,0.9732742254320552,True
FBgn0038448,False,0.0,0.8571428571428571,0.9191914743702659,True
FBgn0038449,False,0.0,0.8571428571428571,0.9710283209050163,True
FBgn0038450,False,0.0,0.5714285714285714,0.9041111306832639,True
FBgn0038451,False,0.0,,0.9732742254320552,True
FBgn0038452,False,0.0,1.0,0.9773158749730882,True
FBgn0038453,False,0.0,1.0,0.9774528800422758,True
FBgn0038454,False,0.0,0.5714285714285714,0.8022625408568689,True
FBgn0038455,False,0.0,,0.9732742254320552,True
FBgn0038458,False,0.0,,0.9732742254320552,True
FBgn0038460,False,0.0,1.0,0.997788346740258,True
FBgn0038461,False,0.0,1.0,0.914244612764958,True
FBgn0038462,False,0.0,1.0,0.9834223866283053,True
FBgn0038463,False,0.0,1.0,0.9632239249995107,True
FBgn0038464,False,0.0,0.42857142857142855,0.8500675239269567,True
FBgn0038465,False,0.0,1.0,0.989979057796567,True
FBgn0038466,False,0.0,0.5714285714285714,0.8104143424735286,True
FBgn0038467,False,0.0,1.0,0.9492689800951207,True
FBgn0038468,False,0.0,0.8571428571428571,0.9032401698862857,True
FBgn0038469,False,0.0,0.8571428571428571,0.8870295343784863,True
FBgn0038470,False,0.0,0.8571428571428571,0.8070577182784334,True
FBgn0038471,False,0.0,0.7142857142857143,0.8616444522733055,True
FBgn0038472,False,0.0,0.8571428571428571,0.9113185759301665,True
FBgn0038473,False,0.0,0.42857142857142855,0.8205233593642964,True
FBgn0038474,False,0.0,1.0,0.8993012741471434,True
FBgn0038475,False,0.0,1.0,0.9683909733231558,True
FBgn0038476,False,0.0,1.0,0.9973675454563248,True
FBgn0038478,False,0.0,1.0,0.9551797702229269,True
FBgn0038479,False,0.0,1.0,0.9569510500459946,True
FBgn0038481,False,0.0,1.0,0.9860988785156479,True
FBgn0038482,False,0.0,,0.9732742254320552,True
FBgn0038484,False,0.0,1.0,0.9980525708022625,True
FBgn0038485,False,0.0,0.8571428571428571,0.9627150490282426,True
FBgn0038486,False,0.0,,0.9732742254320552,True
FBgn0038487,False,0.0,1.0,0.9416945569843227,True
FBgn0038488,False,0.0,0.8571428571428571,0.9165051964065527,True
FBgn0038490,False,0.0,0.5714285714285714,0.8054821599827765,True
FBgn0038491,False,0.0,1.0,0.8416319260955513,True
FBgn0038492,False,0.0,0.7142857142857143,0.8629362143542169,True
FBgn0038494,False,0.0,0.8571428571428571,0.9350351320141702,True
FBgn0038498,False,0.0,1.0,0.9361409586440412,True
FBgn0038499,False,0.0,1.0,0.9718943886638092,True
FBgn0038500,False,0.0,0.8571428571428571,0.9465239856731842,True
FBgn0038501,False,0.0,0.8571428571428571,0.9213688763627111,True
FBgn0038504,False,0.0,0.5714285714285714,0.8751198794355391,True
FBgn0038505,False,0.0,,0.9732742254320552,True
FBgn0038506,False,0.0,,0.9732742254320552,True
FBgn0038507,False,0.0,,0.9732742254320552,True
FBgn0038508,False,0.0,,0.9732742254320552,True
FBgn0038509,False,0.0,,0.9732742254320552,True
FBgn0038510,False,0.0,,0.9732742254320552,True
FBgn0038511,False,0.0,0.8571428571428571,0.9271377683831444,True
FBgn0038512,False,0.0,,0.9732742254320552,True
FBgn0038515,False,0.0,1.0,0.9863386373867261,True
FBgn0038516,False,0.0,0.7142857142857143,0.8542363924608067,True
FBgn0038519,False,0.0,1.0,0.9732350811265731,True
FBgn0038522,False,0.0,,0.9732742254320552,True
FBgn0038523,False,0.0,,0.9732742254320552,True
FBgn0038524,False,0.0,1.0,0.9628324819446891,True
FBgn0038525,False,0.0,,0.9732742254320552,True
FBgn0038526,False,0.0,,0.9732742254320552,True
FBgn0038527,False,0.0,1.0,0.9931791047697336,True
FBgn0038528,False,0.0,1.0,0.9996868455561427,True
FBgn0038529,False,0.0,0.8571428571428571,0.9801636231969154,True
FBgn0038530,False,0.0,1.0,0.9927583034858004,True
FBgn0038531,False,0.0,,0.9732742254320552,True
FBgn0038532,False,0.0,0.7142857142857143,0.7774254790284383,True
FBgn0038533,False,0.0,1.0,0.9516274245004208,True
FBgn0038535,False,0.0,0.7142857142857143,0.880463077133854,True
FBgn0038536,False,0.0,1.0,0.9495136320043842,True
FBgn0038538,False,0.0,0.5714285714285714,0.804767776407727,True
FBgn0038539,False,0.0,,0.9732742254320552,True
FBgn0038540,False,0.0,,0.9732742254320552,True
FBgn0038541,False,0.0,1.0,0.9692766132346897,True
FBgn0038542,False,0.0,0.8571428571428571,0.9585461804943926,True
FBgn0038543,False,0.0,0.5714285714285714,0.7773080461119919,True
FBgn0038544,False,0.0,1.0,0.9655236529465876,True
FBgn0038545,False,0.0,1.0,0.9972207543107666,True
FBgn0038546,False,0.0,1.0,0.9322509932867517,True
FBgn0038547,False,0.0,0.5714285714285714,0.7733544712582936,True
FBgn0038548,False,0.0,0.5714285714285714,0.8242420683851017,True
FBgn0038549,False,0.0,0.8571428571428571,0.9138335975573953,True
FBgn0038550,False,0.0,1.0,0.9366742998062357,True
FBgn0038551,False,0.0,1.0,0.9865441449905075,True
FBgn0038552,False,0.0,1.0,0.9541228739749085,True
FBgn0038554,False,0.0,1.0,0.9942164288650108,True
FBgn0038558,False,0.0,,0.9732742254320552,True
FBgn0038564,False,0.0,0.8571428571428571,0.8975495664768168,True
FBgn0038565,False,0.0,0.8571428571428571,0.9248135752451412,True
FBgn0038566,False,0.0,0.8571428571428571,0.9710283209050163,True
FBgn0038567,False,0.0,0.8571428571428571,0.9650881725480985,True
FBgn0038568,False,0.0,,0.9732742254320552,True
FBgn0038569,False,0.0,1.0,0.9458732115945433,True
FBgn0038570,False,0.0,,0.9732742254320552,True
FBgn0038571,False,0.0,,0.9732742254320552,True
FBgn0038575,False,0.0,1.0,0.9480946509306558,True
FBgn0038576,False,0.0,1.0,0.9831679486426712,True
FBgn0038577,False,0.0,1.0,0.9897148337345625,True
FBgn0038578,False,0.0,1.0,0.9373788973049145,True
FBgn0038579,False,0.0,0.7142857142857143,0.8651772258430704,True
FBgn0038581,False,0.0,0.8571428571428571,0.8838588456344313,True
FBgn0038582,False,0.0,1.0,0.9685964809269372,True
FBgn0038583,False,0.0,1.0,0.9421545025737381,True
FBgn0038584,False,0.0,1.0,0.9421447164973675,True
FBgn0038585,False,0.0,1.0,0.9535552815454171,True
FBgn0038586,False,0.0,1.0,0.9483295167635488,True
FBgn0038587,False,0.0,1.0,0.9496897813790539,True
FBgn0038588,False,0.0,1.0,0.991936273070675,True
FBgn0038589,False,0.0,1.0,0.9696533771749555,True
FBgn0038590,False,0.0,1.0,0.9482903724580667,True
FBgn0038592,False,0.0,0.8571428571428571,0.8940265789834224,True
FBgn0038593,False,0.0,1.0,0.9698490987023662,True
FBgn0038595,False,0.0,1.0,0.9956060517096276,True
FBgn0038596,False,0.0,1.0,0.9686551973851604,True
FBgn0038597,False,0.0,0.5714285714285714,0.8469946959466071,True
FBgn0038598,False,0.0,1.0,0.939071888517018,True
FBgn0038601,False,0.0,0.7142857142857143,0.8927837472843638,True
FBgn0038602,False,0.0,1.0,0.942134930420997,True
FBgn0038603,False,0.0,1.0,0.997807918892999,True
FBgn0038606,False,0.0,,0.9732742254320552,True
FBgn0038607,False,0.0,1.0,0.9406865911181571,True
FBgn0038608,False,0.0,1.0,0.9928757364022469,True
FBgn0038609,False,0.0,0.5714285714285714,0.788454387098037,True
FBgn0038610,False,0.0,1.0,0.9307341514493179,True
FBgn0038611,False,0.0,1.0,0.9819985125163917,True
FBgn0038612,False,0.0,0.5714285714285714,0.7532538703932046,True
FBgn0038613,False,0.0,1.0,0.9607382616013935,True
FBgn0038617,False,0.0,1.0,0.9676276593662537,True
FBgn0038619,False,0.0,0.7142857142857143,0.8405260994656802,True
FBgn0038621,False,0.0,1.0,0.9749378584150471,True
FBgn0038626,False,0.0,1.0,0.9688998492944239,True
FBgn0038627,False,0.0,1.0,0.9332981034583994,True
FBgn0038628,False,0.0,1.0,0.9650783864717281,True
FBgn0038629,False,0.0,1.0,0.9956549820914802,True
FBgn0038630,False,0.0,,0.9732742254320552,True
FBgn0038631,False,0.0,0.8571428571428571,0.9473460160883096,True
FBgn0038632,False,0.0,0.8571428571428571,0.9801636231969154,True
FBgn0038633,False,0.0,1.0,0.933092595854618,True
FBgn0038638,False,0.0,1.0,0.9832658094063766,True
FBgn0038639,False,0.0,1.0,0.9404615113616347,True
FBgn0038640,False,0.0,1.0,0.9485154522145891,True
FBgn0038641,False,0.0,1.0,0.9265408177245416,True
FBgn0038642,False,0.0,1.0,0.9450218229503063,True
FBgn0038643,False,0.0,0.8571428571428571,0.9650881725480985,True
FBgn0038645,False,0.0,1.0,0.9548959740081812,True
FBgn0038646,False,0.0,0.8571428571428571,0.9284246374258704,True
FBgn0038647,False,0.0,0.5714285714285714,0.8644530561916506,True
FBgn0038649,False,0.0,1.0,0.9624606110426086,True
FBgn0038651,False,0.0,1.0,0.9862016323175387,True
FBgn0038652,False,0.0,1.0,0.9311255945041395,True
FBgn0038653,False,0.0,0.5714285714285714,0.7767893840643533,True
FBgn0038654,False,0.0,0.5714285714285714,0.8392245513083985,True
FBgn0038655,False,0.0,1.0,0.9554488873231166,True
FBgn0038656,False,0.0,0.8571428571428571,0.9801636231969154,True
FBgn0038658,False,0.0,1.0,0.9673634353042491,True
FBgn0038659,False,0.0,1.0,0.9792926623999374,True
FBgn0038660,False,0.0,1.0,0.9938641301156714,True
FBgn0038662,False,0.0,1.0,0.9304601413109428,True
FBgn0038665,False,0.0,1.0,0.980555066251737,True
FBgn0038666,False,0.0,1.0,0.9480457205488032,True
FBgn0038667,False,0.0,1.0,0.975407590080833,True
FBgn0038672,False,0.0,0.7142857142857143,0.869590746286184,True
FBgn0038673,False,0.0,0.8571428571428571,0.8646096334135791,True
FBgn0038674,False,0.0,1.0,0.9857025424226411,True
FBgn0038675,False,0.0,1.0,0.9453741216996457,True
FBgn0038676,False,0.0,0.5714285714285714,0.8683968449689782,True
FBgn0038678,False,0.0,1.0,0.9225138472980643,True
FBgn0038679,False,0.0,1.0,0.9563540993873916,True
FBgn0038680,False,0.0,0.7142857142857143,0.8469849098702367,True
FBgn0038681,False,0.0,1.0,0.9822969878456932,True
FBgn0038682,False,0.0,1.0,0.9645646174622746,True
FBgn0038683,False,0.0,0.5714285714285714,0.8607049889417338,True
FBgn0038685,False,0.0,1.0,0.9548959740081812,True
FBgn0038686,False,0.0,1.0,0.9383868631710802,True
FBgn0038690,False,0.0,1.0,0.9530757638032608,True
FBgn0038691,False,0.0,1.0,0.957303348795334,True
FBgn0038692,False,0.0,1.0,0.977364805354941,True
FBgn0038693,False,0.0,1.0,0.9847630790910692,True
FBgn0038694,False,0.0,0.8571428571428571,0.9585461804943926,True
FBgn0038695,False,0.0,1.0,0.9667028751492377,True
FBgn0038697,False,0.0,0.7142857142857143,0.9064451098976376,True
FBgn0038700,False,0.0,,0.9732742254320552,True
FBgn0038701,False,0.0,0.8571428571428571,0.9172636173252696,True
FBgn0038702,False,0.0,1.0,0.9691787524709843,True
FBgn0038704,False,0.0,0.8571428571428571,0.8551171393341553,True
FBgn0038705,False,0.0,1.0,0.9356859060928111,True
FBgn0038706,False,0.0,0.8571428571428571,0.9710283209050163,True
FBgn0038708,False,0.0,0.8571428571428571,0.9205957763294385,True
FBgn0038709,False,0.0,1.0,0.9657878770085921,True
FBgn0038714,False,0.0,1.0,0.964642906073239,True
FBgn0038715,False,0.0,1.0,0.9525228504883252,True
FBgn0038716,False,0.0,1.0,0.9307145792965769,True
FBgn0038717,False,0.0,1.0,0.9210459358424833,True
FBgn0038718,False,0.0,1.0,0.9477717104104281,True
FBgn0038719,False,0.0,0.42857142857142855,0.8535073297712015,True
FBgn0038720,False,0.0,1.0,0.9971424656998024,True
FBgn0038721,False,0.0,1.0,0.979556886461942,True
FBgn0038722,False,0.0,1.0,0.9540250132112031,True
FBgn0038723,False,0.0,1.0,0.9732546532793142,True
FBgn0038725,False,0.0,0.5714285714285714,0.794237958233026,True
FBgn0038727,False,0.0,1.0,0.9670307087076507,True
FBgn0038730,False,0.0,,0.9732742254320552,True
FBgn0038731,False,0.0,0.8571428571428571,0.9473460160883096,True
FBgn0038732,False,0.0,1.0,0.9887509052120643,True
FBgn0038733,False,0.0,0.5714285714285714,0.8825719765917053,True
FBgn0038734,False,0.0,1.0,0.9540250132112031,True
FBgn0038735,False,0.0,0.8571428571428571,0.869355880453291,True
FBgn0038736,False,0.0,1.0,0.9612275654199205,True
FBgn0038737,False,0.0,1.0,0.9519601510970191,True
FBgn0038738,False,0.0,0.8571428571428571,0.9326522224179438,True
FBgn0038739,False,0.0,1.0,0.9029514806333548,True
FBgn0038740,False,0.0,0.2857142857142857,0.8087604955669074,True
FBgn0038741,False,0.0,0.5714285714285714,0.8217759771397255,True
FBgn0038742,False,0.0,1.0,0.9476151331884994,True
FBgn0038744,False,0.0,1.0,0.9948035934472432,True
FBgn0038745,False,0.0,1.0,0.9919656312997867,True
FBgn0038746,False,0.0,1.0,0.9578415829957136,True
FBgn0038747,False,0.0,0.7142857142857143,0.8593251521734876,True
FBgn0038748,False,0.0,1.0,0.9475955610357583,True
FBgn0038749,False,0.0,,0.9732742254320552,True
FBgn0038750,False,0.0,1.0,0.9576703266592292,True
FBgn0038751,False,0.0,1.0,0.9655187599084023,True
FBgn0038752,False,0.0,0.8571428571428571,0.9473460160883096,True
FBgn0038753,False,0.0,1.0,0.9730980760573855,True
FBgn0038755,False,0.0,1.0,0.9664435441254183,True
FBgn0038756,False,0.0,0.8571428571428571,0.9801636231969154,True
FBgn0038760,False,0.0,0.8571428571428571,0.9166519875521109,True
FBgn0038761,False,0.0,1.0,0.9774528800422758,True
FBgn0038762,False,0.0,1.0,0.9654747225647349,True
FBgn0038763,False,0.0,0.7142857142857143,0.9074922200692854,True
FBgn0038765,False,0.0,1.0,0.965367075724659,True
FBgn0038766,False,0.0,1.0,0.9574207817117805,True
FBgn0038767,False,0.0,1.0,0.9606991172959114,True
FBgn0038768,False,0.0,0.8571428571428571,0.8939189321433465,True
FBgn0038769,False,0.0,0.8571428571428571,0.8930577574227389,True
FBgn0038771,False,0.0,0.7142857142857143,0.8857182001448339,True
FBgn0038772,False,0.0,0.5714285714285714,0.8287632356682912,True
FBgn0038773,False,0.0,1.0,0.9641291370637857,True
FBgn0038774,False,0.0,0.8571428571428571,0.9650881725480985,True
FBgn0038775,False,0.0,,0.9732742254320552,True
FBgn0038780,False,0.0,1.0,0.9754663065390562,True
FBgn0038783,False,0.0,1.0,0.9810003327265966,True
FBgn0038784,False,0.0,1.0,0.9858884778736813,True
FBgn0038787,False,0.0,1.0,0.9497680699900182,True
FBgn0038788,False,0.0,1.0,0.9594171412913707,True
FBgn0038789,False,0.0,0.8571428571428571,0.9306999001820211,True
FBgn0038790,False,0.0,,0.9732742254320552,True
FBgn0038795,False,0.0,0.8571428571428571,0.9480310414342473,True
FBgn0038796,False,0.0,0.8571428571428571,0.9801636231969154,True
FBgn0038797,False,0.0,,0.9732742254320552,True
FBgn0038798,False,0.0,1.0,0.9747861742313038,True
FBgn0038799,False,0.0,0.8571428571428571,0.9446695242009668,True
FBgn0038803,False,0.0,1.0,0.9739201064725109,True
FBgn0038804,False,0.0,1.0,0.9986690936136066,True
FBgn0038805,False,0.0,1.0,0.9987278100718298,True
FBgn0038806,False,0.0,0.8571428571428571,0.9048989098310923,True
FBgn0038808,False,0.0,1.0,0.9196758851506077,True
FBgn0038809,False,0.0,1.0,0.9496408509972012,True
FBgn0038810,False,0.0,1.0,0.9653572896482884,True
FBgn0038811,False,0.0,0.8571428571428571,0.9071986377781692,True
FBgn0038814,False,0.0,1.0,0.97064177088838,True
FBgn0038815,False,0.0,1.0,0.9967510226449807,True
FBgn0038816,False,0.0,1.0,0.960836122365099,True
FBgn0038818,False,0.0,0.7142857142857143,0.9139167792065449,True
FBgn0038819,False,0.0,0.5714285714285714,0.8681473000215294,True
FBgn0038820,False,0.0,0.8571428571428571,0.9801636231969154,True
FBgn0038821,False,0.0,1.0,0.9809954396884113,True
FBgn0038826,False,0.0,0.42857142857142855,0.7271739768657155,True
FBgn0038827,False,0.0,0.8571428571428571,0.8690427260094338,True
FBgn0038828,False,0.0,1.0,0.9897246198109331,True
FBgn0038829,False,0.0,1.0,0.9807410017027772,True
FBgn0038830,False,0.0,0.42857142857142855,0.818448711173742,True
FBgn0038832,True,0.0,1.0,0.9999314974654062,False
FBgn0038833,False,0.0,0.8571428571428571,0.9689585657526472,True
FBgn0038834,False,0.0,0.7142857142857143,0.8402912336327872,True
FBgn0038837,False,0.0,0.7142857142857143,0.8695026715988492,True
FBgn0038838,False,0.0,,0.9732742254320552,True
FBgn0038839,False,0.0,1.0,0.9747861742313038,True
FBgn0038840,False,0.0,0.8571428571428571,0.9650881725480985,True
FBgn0038842,False,0.0,1.0,0.9767287103908558,True
FBgn0038845,False,0.0,1.0,0.986896443739847,True
FBgn0038846,False,0.0,0.5714285714285714,0.8434423502241011,True
FBgn0038847,False,0.0,0.8571428571428571,0.9650881725480985,True
FBgn0038849,False,0.0,0.8571428571428571,0.9416896639461374,True
FBgn0038850,False,0.0,1.0,0.9805501732135518,True
FBgn0038851,False,0.0,0.7142857142857143,0.8260622785900221,True
FBgn0038852,False,0.0,1.0,0.946431017947664,True
FBgn0038853,False,0.0,1.0,0.9552874170630028,True
FBgn0038854,False,0.0,1.0,0.9820914802419118,True
FBgn0038855,False,0.0,0.8571428571428571,0.9256845360421193,True
FBgn0038856,False,0.0,1.0,0.9570097665042178,True
FBgn0038857,False,0.0,0.7142857142857143,0.8810502417160864,True
FBgn0038858,False,0.0,1.0,0.9876010412385258,True
FBgn0038859,False,0.0,1.0,0.9915252578631124,True
FBgn0038860,False,0.0,0.8571428571428571,0.8968156107490263,True
FBgn0038861,False,0.0,1.0,0.9662771808271192,True
FBgn0038862,False,0.0,0.5714285714285714,0.9009844792828763,True
FBgn0038865,False,0.0,1.0,0.9991779695848746,True
FBgn0038866,False,0.0,0.8571428571428571,0.871293523574658,True
FBgn0038868,False,0.0,1.0,0.9510989763764116,True
FBgn0038869,False,0.0,1.0,0.9384260074765624,True
FBgn0038870,False,0.0,1.0,0.9868377272816237,True
FBgn0038871,False,0.0,0.8571428571428571,0.8809132366468988,True
FBgn0038872,False,0.0,1.0,0.9676472315189948,True
FBgn0038873,False,0.0,0.8571428571428571,0.8485996124713757,True
FBgn0038874,False,0.0,1.0,0.9922298553617912,True
FBgn0038876,False,0.0,1.0,0.969898029084219,True
FBgn0038877,False,0.0,1.0,0.9977296302820348,True
FBgn0038878,False,0.0,1.0,0.9369972403264635,True
FBgn0038879,False,0.0,0.8571428571428571,0.9801636231969154,True
FBgn0038880,False,0.0,1.0,0.9597254026970427,True
FBgn0038881,False,0.0,1.0,0.9652692149609535,True
FBgn0038886,False,0.0,0.8571428571428571,0.9480310414342473,True
FBgn0038887,False,0.0,,0.9732742254320552,True
FBgn0038888,False,0.0,,0.9732742254320552,True
FBgn0038889,False,0.0,0.7142857142857143,0.8470436263284599,True
FBgn0038890,False,0.0,1.0,0.9811520169103399,True
FBgn0038891,False,0.0,0.8571428571428571,0.9346436889593487,True
FBgn0038892,False,0.0,0.8571428571428571,0.9406816980799718,True
FBgn0038893,False,0.0,1.0,0.9496408509972012,True
FBgn0038894,False,0.0,1.0,0.974428982443779,True
FBgn0038897,False,0.0,0.5714285714285714,0.8656469575088563,True
FBgn0038901,False,0.0,0.8571428571428571,0.9465533439022958,True
FBgn0038902,False,0.0,0.7142857142857143,0.8482668858747773,True
FBgn0038903,False,0.0,0.5714285714285714,0.8197404732546533,True
FBgn0038909,False,0.0,1.0,0.9872976728710391,True
FBgn0038912,False,0.0,1.0,0.9955375491750338,True
FBgn0038914,False,0.0,0.8571428571428571,0.9152868298984205,True
FBgn0038915,False,0.0,,0.9732742254320552,True
FBgn0038916,False,0.0,0.7142857142857143,0.802898635820954,True
FBgn0038917,False,0.0,1.0,0.9792828763235668,True
FBgn0038918,False,0.0,,0.9732742254320552,True
FBgn0038919,False,0.0,0.8571428571428571,0.9650881725480985,True
FBgn0038921,False,0.0,0.8571428571428571,0.9154189419294229,True
FBgn0038922,False,0.0,0.7142857142857143,0.8677803221576341,True
FBgn0038923,False,0.0,1.0,0.9246863562523242,True
FBgn0038924,False,0.0,1.0,0.9521558726244299,True
FBgn0038925,False,0.0,1.0,0.9282484880512007,True
FBgn0038926,False,0.0,1.0,0.9754467343863151,True
FBgn0038927,False,0.0,1.0,0.9727947076898988,True
FBgn0038928,False,0.0,0.7142857142857143,0.8418374336993326,True
FBgn0038929,False,0.0,0.8571428571428571,0.9226606384436224,True
FBgn0038930,False,0.0,0.8571428571428571,0.9710283209050163,True
FBgn0038931,False,0.0,0.8571428571428571,0.9689585657526472,True
FBgn0038934,False,0.0,1.0,0.952772395435774,True
FBgn0038938,False,0.0,0.7142857142857143,0.8665717417258725,True
FBgn0038941,False,0.0,0.8571428571428571,0.9650881725480985,True
FBgn0038942,False,0.0,,0.9732742254320552,True
FBgn0038943,False,0.0,0.8571428571428571,0.9271377683831444,True
FBgn0038944,False,0.0,,0.9732742254320552,True
FBgn0038945,False,0.0,0.8571428571428571,0.9598428356134892,True
FBgn0038946,False,0.0,0.8571428571428571,0.9650881725480985,True
FBgn0038947,False,0.0,0.7142857142857143,0.843041121092909,True
FBgn0038948,False,0.0,1.0,0.9406278746599338,True
FBgn0038950,False,0.0,0.8571428571428571,0.8909048206212201,True
FBgn0038951,False,0.0,1.0,0.9904390033859825,True
FBgn0038952,False,0.0,1.0,0.9823263460748047,True
FBgn0038953,False,0.0,1.0,0.9706124126592685,True
FBgn0038956,False,0.0,0.42857142857142855,0.8583269723836925,True
FBgn0038957,False,0.0,1.0,0.9906445109897638,True
FBgn0038958,False,0.0,1.0,0.9556152506214158,True
FBgn0038959,False,0.0,,0.9732742254320552,True
FBgn0038960,False,0.0,1.0,0.9641291370637857,True
FBgn0038961,False,0.0,0.5714285714285714,0.8490595580607911,True
FBgn0038964,False,0.0,1.0,0.9559724424089405,True
FBgn0038965,False,0.0,0.7142857142857143,0.8687882880237997,True
FBgn0038966,False,0.0,1.0,0.9895582565126338,True
FBgn0038967,False,0.0,1.0,0.9711897911651303,True
FBgn0038968,False,0.0,0.8571428571428571,0.9063374630575617,True
FBgn0038972,False,0.0,1.0,0.9864267120740611,True
FBgn0038973,False,0.0,0.8571428571428571,0.8648836435519542,True
FBgn0038974,False,0.0,1.0,0.9595052159787055,True
FBgn0038975,False,0.0,1.0,0.9932476073043274,True
FBgn0038976,False,0.0,0.8571428571428571,0.9089112011430137,True
FBgn0038977,False,0.0,1.0,0.9019239426144482,True
FBgn0038978,False,0.0,0.42857142857142855,0.8441029103791126,True
FBgn0038979,False,0.0,0.8571428571428571,0.9801636231969154,True
FBgn0038980,False,0.0,0.7142857142857143,0.9000988393713425,True
FBgn0038981,False,0.0,1.0,0.9741158279999217,True
FBgn0038983,False,0.0,0.8571428571428571,0.9458829976709138,True
FBgn0038984,False,0.0,1.0,0.9596324349715225,True
FBgn0038986,False,0.0,0.8571428571428571,0.9801636231969154,True
FBgn0038989,False,0.0,1.0,0.9822480574638405,True
FBgn0038993,False,0.0,0.42857142857142855,0.7943651772258431,True
FBgn0038996,False,0.0,0.7142857142857143,0.8559587419020218,True
FBgn0039000,False,0.0,1.0,0.9975926252128472,True
FBgn0039002,False,0.0,1.0,0.9674564030297692,True
FBgn0039003,False,0.0,1.0,0.9673830074569902,True
FBgn0039004,False,0.0,0.8571428571428571,0.9029514806333548,True
FBgn0039005,False,0.0,1.0,0.9870823791908871,True
FBgn0039006,False,0.0,1.0,0.9878750513769009,True
FBgn0039007,False,0.0,0.8571428571428571,0.9473460160883096,True
FBgn0039008,False,0.0,1.0,0.9506537099015521,True
FBgn0039009,False,0.0,1.0,0.9675493707552894,True
FBgn0039010,False,0.0,1.0,0.971620378525434,True
FBgn0039013,False,0.0,0.7142857142857143,0.8356134891276692,True
FBgn0039014,False,0.0,,0.9732742254320552,True
FBgn0039015,False,0.0,1.0,0.9624703971189791,True
FBgn0039016,False,0.0,1.0,0.9796253889965357,True
FBgn0039017,False,0.0,0.7142857142857143,0.8481103086528488,True
FBgn0039018,False,0.0,0.8571428571428571,0.9179731078621337,True
FBgn0039019,False,0.0,1.0,0.9835496056211223,True
FBgn0039020,False,0.0,0.5714285714285714,0.8427377527254223,True
FBgn0039022,False,0.0,1.0,0.9801049067386922,True
FBgn0039023,False,0.0,1.0,0.9793807370872722,True
FBgn0039024,False,0.0,0.8571428571428571,0.8900436459006126,True
FBgn0039025,False,0.0,1.0,0.9817098232634608,True
FBgn0039026,False,0.0,1.0,0.9906347249133932,True
FBgn0039027,False,0.0,0.8571428571428571,0.9473460160883096,True
FBgn0039028,False,0.0,0.8571428571428571,0.9650881725480985,True
FBgn0039029,False,0.0,,0.9732742254320552,True
FBgn0039030,False,0.0,,0.9732742254320552,True
FBgn0039031,False,0.0,,0.9732742254320552,True
FBgn0039033,False,0.0,0.8571428571428571,0.9650881725480985,True
FBgn0039034,False,0.0,0.8571428571428571,0.9650881725480985,True
FBgn0039038,False,0.0,0.42857142857142855,0.8972755563384417,True
FBgn0039039,False,0.0,1.0,0.9686551973851604,True
FBgn0039040,False,0.0,0.42857142857142855,0.8972755563384417,True
FBgn0039041,False,0.0,,0.9732742254320552,True
FBgn0039042,False,0.0,0.42857142857142855,0.8493237821227957,True
FBgn0039043,False,0.0,1.0,0.9803397725715851,True
FBgn0039044,False,0.0,1.0,0.9821012663182823,True
FBgn0039045,False,0.0,1.0,0.9852915272150784,True
FBgn0039048,False,0.0,0.7142857142857143,0.8661411543655687,True
FBgn0039049,False,0.0,1.0,0.9365470808134186,True
FBgn0039050,False,0.0,1.0,0.9672655745405437,True
FBgn0039051,False,0.0,1.0,0.9617853717730414,True
FBgn0039052,False,0.0,1.0,0.9928365920967647,True
FBgn0039053,False,0.0,0.8571428571428571,0.9166422014757403,True
FBgn0039054,False,0.0,1.0,0.9682539682539683,True
FBgn0039055,False,0.0,1.0,0.9581645235159415,True
FBgn0039056,False,0.0,1.0,0.9473704812792358,True
FBgn0039058,False,0.0,1.0,0.9477227800285754,True
FBgn0039059,False,0.0,0.7142857142857143,0.8510069872585286,True
FBgn0039060,False,0.0,1.0,0.9983363670170082,True
FBgn0039061,False,0.0,1.0,0.9877380463077133,True
FBgn0039064,False,0.0,1.0,0.9810541561466346,True
FBgn0039065,False,0.0,0.8571428571428571,0.857485369815826,True
FBgn0039066,False,0.0,1.0,0.9680288884974458,True
FBgn0039067,False,0.0,0.42857142857142855,0.8609300686982562,True
FBgn0039068,False,0.0,1.0,0.9370853150137983,True
FBgn0039069,False,0.0,1.0,0.9979547100385572,True
FBgn0039070,False,0.0,1.0,0.9759751825103243,True
FBgn0039071,False,0.0,1.0,0.9283757070440178,True
FBgn0039073,False,0.0,1.0,0.9905857945315405,True
FBgn0039074,False,0.0,1.0,0.9639334155363748,True
FBgn0039075,False,0.0,1.0,0.9947644491417611,True
FBgn0039077,False,0.0,,0.9732742254320552,True
FBgn0039078,False,0.0,0.5714285714285714,0.8693460943769206,True
FBgn0039079,False,0.0,,0.9732742254320552,True
FBgn0039080,False,0.0,,0.9732742254320552,True
FBgn0039081,False,0.0,,0.9732742254320552,True
FBgn0039083,False,0.0,0.8571428571428571,0.9585461804943926,True
FBgn0039084,False,0.0,0.5714285714285714,0.9041111306832639,True
FBgn0039085,False,0.0,1.0,0.9695799816021764,True
FBgn0039086,False,0.0,0.8571428571428571,0.9480310414342473,True
FBgn0039087,False,0.0,,0.9732742254320552,True
FBgn0039088,False,0.0,,0.9732742254320552,True
FBgn0039089,False,0.0,0.8571428571428571,0.9689585657526472,True
FBgn0039091,False,0.0,0.8571428571428571,0.9218092497993855,True
FBgn0039092,False,0.0,,0.9732742254320552,True
FBgn0039093,False,0.0,,0.9732742254320552,True
FBgn0039094,False,0.0,1.0,0.9986886657663476,True
FBgn0039098,False,0.0,1.0,0.9990801088211693,True
FBgn0039099,False,0.0,0.7142857142857143,0.8299473509091265,True
FBgn0039101,False,0.0,1.0,0.9982776505587849,True
FBgn0039102,False,0.0,0.8571428571428571,0.8747480085334586,True
FBgn0039104,False,0.0,,0.9732742254320552,True
FBgn0039106,False,0.0,1.0,0.9645010079658661,True
FBgn0039107,False,0.0,1.0,0.9652838940755094,True
FBgn0039108,False,0.0,1.0,0.9931693186933631,True
FBgn0039109,False,0.0,1.0,0.9998336367017008,True
FBgn0039110,False,0.0,1.0,0.9262717006243517,True
FBgn0039111,False,0.0,1.0,0.9717573835946216,True
FBgn0039112,False,0.0,1.0,0.9820229777073181,True
FBgn0039113,False,0.0,1.0,0.9988843872937584,True
FBgn0039114,False,0.0,0.7142857142857143,0.8543244671481417,True
FBgn0039115,False,0.0,0.7142857142857143,0.8300452116728319,True
FBgn0039116,False,0.0,0.8571428571428571,0.8854050457009767,True
FBgn0039117,False,0.0,1.0,0.9613156401072553,True
FBgn0039118,False,0.0,0.7142857142857143,0.7790206094768364,True
FBgn0039120,False,0.0,0.7142857142857143,0.8856301254574991,True
FBgn0039124,False,0.0,1.0,0.9601608830955317,True
FBgn0039125,False,0.0,1.0,0.988256708355352,True
FBgn0039126,False,0.0,1.0,0.9784119155265888,True
FBgn0039127,False,0.0,0.42857142857142855,0.7564637034427417,True
FBgn0039128,False,0.0,0.5714285714285714,0.7979958115593133,True
FBgn0039129,False,0.0,1.0,0.9919754173761572,True
FBgn0039130,False,0.0,0.8571428571428571,0.9306754349910946,True
FBgn0039131,False,0.0,1.0,0.9595835045896698,True
FBgn0039132,False,0.0,0.8571428571428571,0.8486387567768578,True
FBgn0039135,False,0.0,1.0,0.9657780909322217,True
FBgn0039136,False,0.0,1.0,0.9719335329692913,True
FBgn0039137,False,0.0,1.0,0.9665022605836416,True
FBgn0039139,False,0.0,1.0,0.9924451490419431,True
FBgn0039140,False,0.0,1.0,0.988002270369718,True
FBgn0039141,False,0.0,1.0,0.9684105454758969,True
FBgn0039145,False,0.0,0.5714285714285714,0.7334468518192316,True
FBgn0039147,False,0.0,1.0,0.9695261581821385,True
FBgn0039149,False,0.0,1.0,0.9428786722251581,True
FBgn0039150,False,0.0,0.7142857142857143,0.8504393948290372,True
FBgn0039151,False,0.0,0.8571428571428571,0.92053216683303,True
FBgn0039152,False,0.0,1.0,0.9655627972520697,True
FBgn0039153,False,0.0,0.7142857142857143,0.8307106648660286,True
FBgn0039154,False,0.0,1.0,0.9830798739553364,True
FBgn0039155,True,0.5714285714285714,1.0,1.0,False
FBgn0039156,False,0.0,1.0,0.9781574775409547,True
FBgn0039157,False,0.0,1.0,0.9659542403068914,True
FBgn0039158,False,0.0,0.5714285714285714,0.798749339439845,True
FBgn0039159,False,0.0,1.0,0.9680288884974458,True
FBgn0039160,False,0.0,1.0,0.9556592879650833,True
FBgn0039161,False,0.0,0.5714285714285714,0.8674622746755916,True
FBgn0039163,False,0.0,1.0,0.9641144579492298,True
FBgn0039164,False,0.0,1.0,0.960982913510657,True
FBgn0039165,False,0.0,1.0,0.943730060869395,True
FBgn0039167,False,0.0,1.0,0.9766699939326327,True
FBgn0039169,False,0.0,1.0,0.9883937134245395,True
FBgn0039170,False,0.0,0.8571428571428571,0.8243105709196955,True
FBgn0039172,False,0.0,1.0,0.9690172822108704,True
FBgn0039175,False,0.0,1.0,0.9525179574501399,True
FBgn0039177,False,0.0,0.8571428571428571,0.9131485722114575,True
FBgn0039178,False,0.0,1.0,0.9987963126064235,True
FBgn0039179,False,0.0,0.42857142857142855,0.8566829115534418,True
FBgn0039180,False,0.0,1.0,0.9283463488149062,True
FBgn0039182,False,0.0,0.8571428571428571,0.923414166324154,True
FBgn0039183,False,0.0,0.5714285714285714,0.8388526804063179,True
FBgn0039184,False,0.0,1.0,0.9461570078092889,True
FBgn0039186,False,0.0,1.0,0.932603292036091,True
FBgn0039187,False,0.0,0.7142857142857143,0.9031080578552835,True
FBgn0039188,False,0.0,0.5714285714285714,0.9142739709940696,True
FBgn0039189,False,0.0,0.8571428571428571,0.9185309142152546,True
FBgn0039190,False,0.0,0.8571428571428571,0.9801636231969154,True
FBgn0039192,False,0.0,,0.9732742254320552,True
FBgn0039193,False,0.0,,0.9732742254320552,True
FBgn0039194,False,0.0,,0.9732742254320552,True
FBgn0039195,False,0.0,0.8571428571428571,0.9445863425518173,True
FBgn0039196,False,0.0,,0.9732742254320552,True
FBgn0039197,False,0.0,,0.9732742254320552,True
FBgn0039198,False,0.0,,0.9732742254320552,True
FBgn0039199,False,0.0,0.8571428571428571,0.9801636231969154,True
FBgn0039200,False,0.0,,0.9732742254320552,True
FBgn0039201,False,0.0,0.7142857142857143,0.8507329771201535,True
FBgn0039202,False,0.0,0.8571428571428571,0.903479928757364,True
FBgn0039203,False,0.0,0.42857142857142855,0.8259937760554283,True
FBgn0039204,False,0.0,1.0,0.9278766171491202,True
FBgn0039205,False,0.0,1.0,0.9455796293034271,True
FBgn0039206,False,0.0,0.5714285714285714,0.8328636016675475,True
FBgn0039207,False,0.0,0.5714285714285714,0.861253009218484,True
FBgn0039208,False,0.0,1.0,0.9898029084218973,True
FBgn0039209,False,0.0,1.0,0.9947057326835379,True
FBgn0039210,False,0.0,1.0,0.912757129156636,True
FBgn0039212,False,0.0,1.0,0.9641829604838236,True
FBgn0039213,False,0.0,1.0,0.981259663750416,True
FBgn0039214,False,0.0,1.0,0.9308417982893938,True
FBgn0039215,False,0.0,1.0,0.8965905309925039,True
FBgn0039217,False,0.0,0.42857142857142855,0.8493237821227957,True
FBgn0039218,False,0.0,0.7142857142857143,0.7735012624038518,True
FBgn0039219,False,0.0,1.0,0.9902530679349422,True
FBgn0039223,False,0.0,1.0,0.9709059949503845,True
FBgn0039224,False,0.0,0.8571428571428571,0.9598428356134892,True
FBgn0039225,False,0.0,1.0,0.9708081341866792,True
FBgn0039226,False,0.0,1.0,0.9537607891491985,True
FBgn0039227,False,0.0,0.5714285714285714,0.8707552893742783,True
FBgn0039228,False,0.0,1.0,0.9642906073238996,True
FBgn0039229,False,0.0,0.8571428571428571,0.9150568571037129,True
FBgn0039232,False,0.0,0.42857142857142855,0.830319221811207,True
FBgn0039233,False,0.0,1.0,0.9491221889495626,True
FBgn0039234,False,0.0,0.7142857142857143,0.875589611101325,True
FBgn0039235,False,0.0,,0.9732742254320552,True
FBgn0039237,False,0.0,0.8571428571428571,0.9650881725480985,True
FBgn0039238,False,0.0,1.0,0.9518573972951285,True
FBgn0039239,False,0.0,0.8571428571428571,0.9302057033253087,True
FBgn0039240,False,0.0,1.0,0.947027968606267,True
FBgn0039241,False,0.0,0.8571428571428571,0.8727125046483863,True
FBgn0039244,False,0.0,0.8571428571428571,0.930988589434952,True
FBgn0039246,False,0.0,,0.9732742254320552,True
FBgn0039249,False,0.0,1.0,0.965621513710293,True
FBgn0039250,False,0.0,0.5714285714285714,0.8106492083064216,True
FBgn0039251,False,0.0,1.0,0.9302742058599025,True
FBgn0039252,False,0.0,0.8571428571428571,0.9257236803476014,True
FBgn0039254,False,0.0,1.0,0.9783727712211067,True
FBgn0039255,False,0.0,1.0,0.9951950365020649,True
FBgn0039257,False,0.0,1.0,0.9995204822578435,True
FBgn0039258,False,0.0,1.0,0.9722075431076664,True
FBgn0039259,False,0.0,1.0,0.930518857769166,True
FBgn0039260,False,0.0,1.0,0.9862309905466502,True
FBgn0039261,False,0.0,0.8571428571428571,0.8989587614741745,True
FBgn0039264,False,0.0,1.0,0.9511185485291527,True
FBgn0039265,False,0.0,0.5714285714285714,0.8335877713189674,True
FBgn0039266,False,0.0,1.0,0.9392578239680582,True
FBgn0039269,False,0.0,0.8571428571428571,0.9151645039437888,True
FBgn0039270,False,0.0,1.0,0.9786467813594817,True
FBgn0039271,False,0.0,0.7142857142857143,0.7887088250836709,True
FBgn0039272,False,0.0,0.7142857142857143,0.9063668212866733,True
FBgn0039273,False,0.0,1.0,0.9708472784921613,True
FBgn0039274,False,0.0,1.0,0.945197972324976,True
FBgn0039277,False,0.0,0.7142857142857143,0.8428943299473509,True
FBgn0039280,False,0.0,,0.9732742254320552,True
FBgn0039282,False,0.0,1.0,0.9398107372829938,True
FBgn0039283,False,0.0,0.8571428571428571,0.9094151840760966,True
FBgn0039284,False,0.0,,0.9732742254320552,True
FBgn0039286,False,0.0,0.8571428571428571,0.9585461804943926,True
FBgn0039288,False,0.0,,0.9732742254320552,True
FBgn0039290,False,0.0,1.0,0.9822186992347288,True
FBgn0039291,False,0.0,0.8571428571428571,0.8332941890278511,True
FBgn0039293,False,0.0,0.8571428571428571,0.8906014522537334,True
FBgn0039294,False,0.0,1.0,0.9657585187794806,True
FBgn0039296,False,0.0,1.0,0.9847337208619577,True
FBgn0039297,False,0.0,1.0,0.8774391795353571,True
FBgn0039298,False,0.0,0.8571428571428571,0.9801636231969154,True
FBgn0039299,False,0.0,,0.9732742254320552,True
FBgn0039300,False,0.0,0.5714285714285714,0.8439707983481103,True
FBgn0039301,False,0.0,0.8571428571428571,0.8737008983618109,True
FBgn0039302,False,0.0,0.7142857142857143,0.8645215587262443,True
FBgn0039303,False,0.0,0.5714285714285714,0.833362691562445,True
FBgn0039304,False,0.0,0.8571428571428571,0.9054469301078426,True
FBgn0039305,False,0.0,1.0,0.9909283072045094,True
FBgn0039306,False,0.0,1.0,0.9863386373867261,True
FBgn0039307,False,0.0,1.0,0.9715274107999139,True
FBgn0039308,False,0.0,,0.9732742254320552,True
FBgn0039309,False,0.0,,0.9732742254320552,True
FBgn0039310,False,0.0,0.8571428571428571,0.9801636231969154,True
FBgn0039311,False,0.0,,0.9732742254320552,True
FBgn0039312,False,0.0,0.42857142857142855,0.778433444894604,True
FBgn0039313,False,0.0,0.5714285714285714,0.8193098858943495,True
FBgn0039315,False,0.0,1.0,0.9604642514630184,True
FBgn0039316,False,0.0,1.0,0.9517448574168673,True
FBgn0039319,False,0.0,1.0,0.9680484606501869,True
FBgn0039321,False,0.0,1.0,0.9933650402207739,True
FBgn0039323,False,0.0,1.0,0.9935509756718142,True
FBgn0039324,False,0.0,1.0,0.9422278981465171,True
FBgn0039325,False,0.0,1.0,0.9768069990018202,True
FBgn0039326,False,0.0,1.0,0.9609926995870276,True
FBgn0039328,False,0.0,1.0,0.9282974184330535,True
FBgn0039329,False,0.0,1.0,0.9680484606501869,True
FBgn0039331,False,0.0,1.0,0.9479478597850978,True
FBgn0039332,False,0.0,0.42857142857142855,0.7837864286692893,True
FBgn0039335,False,0.0,0.42857142857142855,0.8103262677861938,True
FBgn0039336,False,0.0,1.0,0.9774822382713875,True
FBgn0039337,False,0.0,0.7142857142857143,0.8573875090521207,True
FBgn0039338,False,0.0,0.5714285714285714,0.9109173467989744,True
FBgn0039339,False,0.0,0.7142857142857143,0.8677705360812635,True
FBgn0039341,False,0.0,1.0,0.9738026735560644,True
FBgn0039342,False,0.0,,0.9732742254320552,True
FBgn0039343,False,0.0,1.0,0.951050045994559,True
FBgn0039344,False,0.0,1.0,0.9431771475544595,True
FBgn0039346,False,0.0,0.8571428571428571,0.9061417415301509,True
FBgn0039347,False,0.0,1.0,0.9627248351046132,True
FBgn0039348,False,0.0,1.0,0.9564715323038381,True
FBgn0039349,False,0.0,1.0,0.9574012095590394,True
FBgn0039350,False,0.0,1.0,0.9759947546630654,True
FBgn0039352,False,0.0,1.0,0.9819936194782064,True
FBgn0039354,False,0.0,1.0,0.9928365920967647,True
FBgn0039355,False,0.0,1.0,0.9743996242146674,True
FBgn0039356,False,0.0,1.0,0.9683322568649326,True
FBgn0039357,False,0.0,1.0,0.9357641947037755,True
FBgn0039358,False,0.0,1.0,0.9625584718063139,True
FBgn0039359,False,0.0,0.8571428571428571,0.9129919949895289,True
FBgn0039360,False,0.0,1.0,0.9583113146614997,True
FBgn0039366,False,0.0,,0.9732742254320552,True
FBgn0039367,False,0.0,,0.9732742254320552,True
FBgn0039368,False,0.0,,0.9732742254320552,True
FBgn0039369,False,0.0,,0.9732742254320552,True
FBgn0039370,False,0.0,,0.9732742254320552,True
FBgn0039371,False,0.0,0.5714285714285714,0.725843070479322,True
FBgn0039373,False,0.0,0.8571428571428571,0.9303231362417552,True
FBgn0039374,False,0.0,,0.9732742254320552,True
FBgn0039376,False,0.0,1.0,0.9312479204587713,True
FBgn0039378,False,0.0,1.0,0.9511674789110054,True
FBgn0039379,False,0.0,1.0,0.9909968097391032,True
FBgn0039380,False,0.0,1.0,0.9669377409821306,True
FBgn0039381,False,0.0,1.0,0.996829311255945,True
FBgn0039385,False,0.0,1.0,0.9937466971992249,True
FBgn0039386,False,0.0,1.0,0.9400896404595541,True
FBgn0039387,False,0.0,0.8571428571428571,0.8549605621122267,True
FBgn0039395,False,0.0,,0.9732742254320552,True
FBgn0039396,False,0.0,1.0,0.9574207817117805,True
FBgn0039398,False,0.0,0.5714285714285714,0.8875922337697923,True
FBgn0039402,False,0.0,0.7142857142857143,0.9019141565380776,True
FBgn0039403,False,0.0,,0.9732742254320552,True
FBgn0039404,False,0.0,1.0,0.9665218327363827,True
FBgn0039405,False,0.0,,0.9732742254320552,True
FBgn0039406,False,0.0,1.0,0.9693793670365803,True
FBgn0039407,False,0.0,0.5714285714285714,0.8602548294286889,True
FBgn0039408,False,0.0,0.7142857142857143,0.8570743546082633,True
FBgn0039411,False,0.0,0.5714285714285714,0.8587820249349226,True
FBgn0039413,False,0.0,0.8571428571428571,0.9039985908050027,True
FBgn0039415,False,0.0,1.0,0.9303427083944963,True
FBgn0039417,False,0.0,1.0,0.9834028144755642,True
FBgn0039419,True,0.14285714285714285,1.0,0.9997847063198482,False
FBgn0039420,False,0.0,1.0,0.9728436380717516,True
FBgn0039421,False,0.0,0.5714285714285714,0.8825719765917053,True
FBgn0039424,False,0.0,0.8571428571428571,0.9411905740512398,True
FBgn0039425,False,0.0,,0.9732742254320552,True
FBgn0039427,False,0.0,0.7142857142857143,0.8843187912238467,True
FBgn0039428,False,0.0,1.0,0.9002407374787152,True
FBgn0039429,False,0.0,1.0,0.9500225079756522,True
FBgn0039430,False,0.0,1.0,0.961707083162077,True
FBgn0039431,False,0.0,1.0,0.9443172254516274,True
FBgn0039434,False,0.0,1.0,0.9574012095590394,True
FBgn0039435,False,0.0,0.8571428571428571,0.9480310414342473,True
FBgn0039436,False,0.0,,0.9732742254320552,True
FBgn0039437,False,0.0,,0.9732742254320552,True
FBgn0039438,False,0.0,0.8571428571428571,0.9585461804943926,True
FBgn0039439,False,0.0,0.8571428571428571,0.9650881725480985,True
FBgn0039440,False,0.0,,0.9732742254320552,True
FBgn0039441,False,0.0,,0.9732742254320552,True
FBgn0039443,False,0.0,,0.9732742254320552,True
FBgn0039444,False,0.0,,0.9732742254320552,True
FBgn0039448,False,0.0,,0.9732742254320552,True
FBgn0039449,False,0.0,0.8571428571428571,0.9253322372927798,True
FBgn0039450,False,0.0,1.0,0.9537314309200869,True
FBgn0039451,False,0.0,0.7142857142857143,0.8488246922278981,True
FBgn0039452,False,0.0,,0.9732742254320552,True
FBgn0039453,False,0.0,1.0,0.9621034192550839,True
FBgn0039454,False,0.0,0.8571428571428571,0.9054273579551015,True
FBgn0039459,False,0.0,1.0,0.9533106296361538,True
FBgn0039461,False,0.0,0.7142857142857143,0.8384123069696436,True
FBgn0039462,False,0.0,1.0,0.9766602078562621,True
FBgn0039463,False,0.0,0.42857142857142855,0.8972755563384417,True
FBgn0039464,False,0.0,1.0,0.9993443328831738,True
FBgn0039465,False,0.0,1.0,0.9835006752392695,True
FBgn0039466,False,0.0,1.0,0.9734895191122072,True
FBgn0039467,False,0.0,1.0,0.9933454680680328,True
FBgn0039469,False,0.0,1.0,0.9617951578494118,True
FBgn0039470,False,0.0,0.8571428571428571,0.9801636231969154,True
FBgn0039471,False,0.0,,0.9732742254320552,True
FBgn0039472,False,0.0,,0.9732742254320552,True
FBgn0039473,False,0.0,1.0,0.9556152506214158,True
FBgn0039474,False,0.0,1.0,0.9483637680308457,True
FBgn0039475,False,0.0,0.42857142857142855,0.8421603742195605,True
FBgn0039476,False,0.0,1.0,0.9779911142426556,True
FBgn0039478,False,0.0,1.0,0.9747421368876362,True
FBgn0039479,True,0.0,1.0,0.9998532088544418,False
FBgn0039480,False,0.0,1.0,0.9736803476014327,True
FBgn0039481,False,0.0,0.7142857142857143,0.8613312978294483,True
FBgn0039482,False,0.0,1.0,0.970260113909929,True
FBgn0039483,False,0.0,1.0,0.9137308437555046,True
FBgn0039485,False,0.0,1.0,0.9994226214941382,True
FBgn0039486,False,0.0,1.0,0.9567357563658426,True
FBgn0039487,False,0.0,1.0,0.9567846867476953,True
FBgn0039488,False,0.0,0.5714285714285714,0.8384123069696436,True
FBgn0039489,False,0.0,1.0,0.9452860470123109,True
FBgn0039490,False,0.0,0.8571428571428571,0.8919910750983501,True
FBgn0039491,False,0.0,1.0,0.9602978881647193,True
FBgn0039492,False,0.0,1.0,0.897099406963772,True
FBgn0039494,False,0.0,1.0,0.9764351280997396,True
FBgn0039495,False,0.0,1.0,0.9909968097391032,True
FBgn0039498,False,0.0,0.42857142857142855,0.7616307517663867,True
FBgn0039500,False,0.0,1.0,0.9896952615818214,True
FBgn0039501,False,0.0,0.8571428571428571,0.9055447908715479,True
FBgn0039503,False,0.0,1.0,0.8853952596246061,True
FBgn0039504,False,0.0,1.0,0.9291488070772904,True
FBgn0039505,False,0.0,1.0,0.9849979449239622,True
FBgn0039507,False,0.0,1.0,0.9259194018750122,True
FBgn0039508,False,0.0,0.7142857142857143,0.8840937114673243,True
FBgn0039509,False,0.0,1.0,0.9620398097586753,True
FBgn0039510,False,0.0,1.0,0.9508445383907776,True
FBgn0039511,False,0.0,,0.9732742254320552,True
FBgn0039518,False,0.0,,0.9732742254320552,True
FBgn0039519,False,0.0,0.8571428571428571,0.9236930695007144,True
FBgn0039520,False,0.0,,0.9732742254320552,True
FBgn0039521,False,0.0,,0.9732742254320552,True
FBgn0039522,False,0.0,,0.9732742254320552,True
FBgn0039523,False,0.0,0.8571428571428571,0.9473460160883096,True
FBgn0039525,False,0.0,1.0,0.9949014542109487,True
FBgn0039527,False,0.0,1.0,0.9931986769224747,True
FBgn0039528,False,0.0,1.0,0.9554831385904136,True
FBgn0039529,False,0.0,0.5714285714285714,0.854167889926213,True
FBgn0039530,False,0.0,0.5714285714285714,0.8077133853952596,True
FBgn0039531,False,0.0,1.0,0.9682735404067093,True
FBgn0039532,False,0.0,1.0,0.93330788953477,True
FBgn0039536,False,0.0,1.0,0.9618734464603762,True
FBgn0039537,False,0.0,1.0,0.939561192335545,True
FBgn0039538,False,0.0,1.0,0.9982580784060439,True
FBgn0039540,False,0.0,1.0,0.9907423717534691,True
FBgn0039543,False,0.0,1.0,0.9465484508641105,True
FBgn0039544,False,0.0,1.0,0.9885405045700977,True
FBgn0039551,False,0.0,0.8571428571428571,0.9801636231969154,True
FBgn0039552,False,0.0,,0.9732742254320552,True
FBgn0039553,False,0.0,1.0,0.964823948486094,True
FBgn0039554,False,0.0,1.0,0.9433581899673145,True
FBgn0039555,False,0.0,0.42857142857142855,0.7888066858473763,True
FBgn0039557,False,0.0,1.0,0.9524200966864346,True
FBgn0039558,False,0.0,1.0,0.9831679486426712,True
FBgn0039559,False,0.0,1.0,0.9775115965004991,True
FBgn0039560,False,0.0,0.7142857142857143,0.8496271504902824,True
FBgn0039561,False,0.0,0.8571428571428571,0.9066995478832717,True
FBgn0039562,False,0.0,1.0,0.9739886090071047,True
FBgn0039563,False,0.0,0.7142857142857143,0.8625937016812479,True
FBgn0039564,False,0.0,1.0,0.9780106863953967,True
FBgn0039565,False,0.0,1.0,0.9807801460082595,True
FBgn0039566,False,0.0,1.0,0.9087839821501967,True
FBgn0039568,False,0.0,0.8571428571428571,0.9049380541365745,True
FBgn0039576,False,0.0,1.0,0.9657878770085921,True
FBgn0039577,False,0.0,,0.9732742254320552,True
FBgn0039580,False,0.0,1.0,0.9646331199968684,True
FBgn0039581,False,0.0,0.7142857142857143,0.8918932143346446,True
FBgn0039582,False,0.0,,0.9732742254320552,True
FBgn0039584,False,0.0,0.5714285714285714,0.8630340751179222,True
FBgn0039585,False,0.0,1.0,0.9764449141761102,True
FBgn0039588,False,0.0,1.0,0.9724521950169299,True
FBgn0039589,False,0.0,1.0,0.9634196465269215,True
FBgn0039590,False,0.0,1.0,0.99510696181473,True
FBgn0039591,False,0.0,1.0,0.9521265143953184,True
FBgn0039592,False,0.0,1.0,0.9835398195447517,True
FBgn0039593,False,0.0,1.0,0.99963791517429,True
FBgn0039594,False,0.0,1.0,0.9532519131779305,True
FBgn0039595,False,0.0,0.8571428571428571,0.9465533439022958,True
FBgn0039596,False,0.0,0.8571428571428571,0.9446695242009668,True
FBgn0039597,False,0.0,,0.9732742254320552,True
FBgn0039598,False,0.0,0.8571428571428571,0.9689585657526472,True
FBgn0039599,False,0.0,,0.9732742254320552,True
FBgn0039600,False,0.0,1.0,0.9766993521617443,True
FBgn0039601,False,0.0,1.0,0.9561681639363514,True
FBgn0039602,False,0.0,1.0,0.9513534143620457,True
FBgn0039609,False,0.0,0.7142857142857143,0.8358679271133032,True
FBgn0039611,False,0.0,0.8571428571428571,0.8678292525394868,True
FBgn0039612,False,0.0,1.0,0.9815043156596794,True
FBgn0039613,False,0.0,1.0,0.9963889378192707,True
FBgn0039616,False,0.0,0.42857142857142855,0.8806343334703384,True
FBgn0039617,False,0.0,1.0,0.9651224238153955,True
FBgn0039619,False,0.0,,0.9732742254320552,True
FBgn0039620,False,0.0,1.0,0.9505313839469203,True
FBgn0039621,False,0.0,1.0,0.9404810835143758,True
FBgn0039622,False,0.0,1.0,0.9682931125594504,True
FBgn0039623,False,0.0,1.0,0.9727947076898988,True
FBgn0039625,False,0.0,1.0,0.9419587810463274,True
FBgn0039626,False,0.0,1.0,0.9713365823106883,True
FBgn0039627,False,0.0,0.42857142857142855,0.8402031589454524,True
FBgn0039628,False,0.0,1.0,0.9416798778697669,True
FBgn0039629,False,0.0,0.8571428571428571,0.8610377155383321,True
FBgn0039630,False,0.0,0.5714285714285714,0.7986319065233984,True
FBgn0039631,False,0.0,1.0,0.9659248820777797,True
FBgn0039632,False,0.0,1.0,0.9660521010705967,True
FBgn0039633,False,0.0,0.8571428571428571,0.8770281643277944,True
FBgn0039634,False,0.0,0.42857142857142855,0.81515080343687,True
FBgn0039635,False,0.0,0.8571428571428571,0.8639441802203824,True
FBgn0039636,False,0.0,1.0,0.9768167850781908,True
FBgn0039637,False,0.0,1.0,0.9951754643493238,True
FBgn0039638,False,0.0,1.0,0.9877478323840839,True
FBgn0039639,False,0.0,0.42857142857142855,0.7392499951069618,True
FBgn0039640,True,0.14285714285714285,1.0,0.9999021392362946,False
FBgn0039641,False,0.0,1.0,0.9598183704225628,True
FBgn0039642,False,0.0,1.0,0.9849490145421095,True
FBgn0039644,False,0.0,1.0,0.9934433288317382,True
FBgn0039645,False,0.0,1.0,0.9750357191787524,True
FBgn0039647,False,0.0,1.0,0.9675983011371421,True
FBgn0039648,False,0.0,1.0,0.9649462744407258,True
FBgn0039650,False,0.0,1.0,0.9505411700232909,True
FBgn0039651,False,0.0,1.0,0.9987180239954593,True
FBgn0039654,False,0.0,1.0,0.9804180611825495,True
FBgn0039655,False,0.0,0.8571428571428571,0.9027068287240914,True
FBgn0039656,False,0.0,1.0,0.9625486857299435,True
FBgn0039659,False,0.0,0.7142857142857143,0.8587379875912552,True
FBgn0039663,False,0.0,0.8571428571428571,0.8553030747851956,True
FBgn0039664,False,0.0,1.0,0.9404712974380052,True
FBgn0039665,False,0.0,1.0,0.9373006086939503,True
FBgn0039666,False,0.0,1.0,0.9326669015324995,True
FBgn0039667,False,0.0,0.8571428571428571,0.8879396394809465,True
FBgn0039668,False,0.0,0.8571428571428571,0.8928033194371049,True
FBgn0039669,False,0.0,0.8571428571428571,0.9445863425518173,True
FBgn0039670,False,0.0,0.8571428571428571,0.9710283209050163,True
FBgn0039671,False,0.0,1.0,0.9473753743174211,True
FBgn0039673,False,0.0,1.0,0.9405495860489695,True
FBgn0039674,False,0.0,1.0,0.9781672636173253,True
FBgn0039675,False,0.0,,0.9732742254320552,True
FBgn0039676,False,0.0,0.8571428571428571,0.9585461804943926,True
FBgn0039677,False,0.0,1.0,0.9583259937760554,True
FBgn0039678,False,0.0,0.5714285714285714,0.8344978764214276,True
FBgn0039679,False,0.0,0.5714285714285714,0.6475740316677432,True
FBgn0039680,False,0.0,1.0,0.9840976258978725,True
FBgn0039681,False,0.0,1.0,0.9589571957019553,True
FBgn0039682,False,0.0,0.7142857142857143,0.813193588162762,True
FBgn0039683,False,0.0,1.0,0.8938602156851232,True
FBgn0039684,False,0.0,,0.9732742254320552,True
FBgn0039685,False,0.0,0.8571428571428571,0.8903372281917288,True
FBgn0039686,False,0.0,0.8571428571428571,0.907267140312763,True
FBgn0039687,False,0.0,0.5714285714285714,0.8237625506429452,True
FBgn0039688,False,0.0,1.0,0.9333470338402521,True
FBgn0039689,False,0.0,1.0,0.9778149648679858,True
FBgn0039690,False,0.0,1.0,0.9773256610494588,True
FBgn0039691,False,0.0,1.0,0.9661793200634138,True
FBgn0039694,False,0.0,1.0,0.9865441449905075,True
FBgn0039695,False,0.0,1.0,0.9463429432603292,True
FBgn0039696,False,0.0,1.0,0.9902432818585716,True
FBgn0039697,False,0.0,1.0,0.9676668036717359,True
FBgn0039698,False,0.0,0.42857142857142855,0.7760064979547101,True
FBgn0039702,False,0.0,1.0,0.9684986201632317,True
FBgn0039703,False,0.0,0.8571428571428571,0.9093760397706143,True
FBgn0039704,False,0.0,1.0,0.9119448848178812,True
FBgn0039705,False,0.0,1.0,0.9476640635703522,True
FBgn0039707,False,0.0,1.0,0.9452469027068288,True
FBgn0039709,False,0.0,1.0,0.9800461902804689,True
FBgn0039710,False,0.0,0.8571428571428571,0.8732115945432838,True
FBgn0039711,False,0.0,1.0,0.9761904761904762,True
FBgn0039712,False,0.0,1.0,0.945560057150686,True
FBgn0039713,False,0.0,0.8571428571428571,0.8700115475701172,True
FBgn0039714,False,0.0,1.0,0.9984244417043431,True
FBgn0039718,False,0.0,0.8571428571428571,0.9689585657526472,True
FBgn0039719,False,0.0,0.5714285714285714,0.8875922337697923,True
FBgn0039722,False,0.0,1.0,0.9734014444248723,True
FBgn0039723,False,0.0,1.0,0.9260466208678293,True
FBgn0039726,False,0.0,1.0,0.9611492768089562,True
FBgn0039727,False,0.0,0.7142857142857143,0.8324330143072436,True
FBgn0039728,False,0.0,1.0,0.9551112676883331,True
FBgn0039730,False,0.0,0.7142857142857143,0.8562816824222497,True
FBgn0039731,False,0.0,1.0,0.9890298083886246,True
FBgn0039732,False,0.0,0.5714285714285714,0.8400661538762648,True
FBgn0039733,False,0.0,1.0,0.9414009746932065,True
FBgn0039734,False,0.0,1.0,0.9255964613547845,True
FBgn0039735,False,0.0,1.0,0.9893821071379642,True
FBgn0039736,False,0.0,1.0,0.9682539682539683,True
FBgn0039737,False,0.0,0.8571428571428571,0.8762648503708923,True
FBgn0039738,False,0.0,1.0,0.982385062533028,True
FBgn0039739,False,0.0,0.8571428571428571,0.9801636231969154,True
FBgn0039740,False,0.0,1.0,0.9548078993208463,True
FBgn0039741,False,0.0,1.0,0.9802614839606208,True
FBgn0039742,False,0.0,1.0,0.9518231460278316,True
FBgn0039743,False,0.0,0.5714285714285714,0.8707357172215372,True
FBgn0039744,False,0.0,1.0,0.9723641203295951,True
FBgn0039747,False,0.0,1.0,0.9349519503650207,True
FBgn0039748,False,0.0,0.5714285714285714,0.9041111306832639,True
FBgn0039749,False,0.0,1.0,0.9617217622766328,True
FBgn0039751,False,0.0,1.0,0.9769929344528605,True
FBgn0039752,False,0.0,0.8571428571428571,0.9056573307498091,True
FBgn0039754,False,0.0,1.0,0.9453643356232753,True
FBgn0039755,False,0.0,1.0,0.9863288513103556,True
FBgn0039756,False,0.0,1.0,0.989235315992406,True
FBgn0039757,False,0.0,0.8571428571428571,0.8792887479693892,True
FBgn0039758,False,0.0,0.8571428571428571,0.9173027616307518,True
FBgn0039759,False,0.0,1.0,0.9979449239621866,True
FBgn0039760,False,0.0,1.0,0.9610709881979919,True
FBgn0039761,False,0.0,0.8571428571428571,0.9710283209050163,True
FBgn0039764,False,0.0,0.7142857142857143,0.825935059597205,True
FBgn0039765,False,0.0,1.0,0.9454230520814985,True
FBgn0039766,False,0.0,1.0,0.947390053431977,True
FBgn0039767,False,0.0,1.0,0.9383085745601158,True
FBgn0039768,False,0.0,0.8571428571428571,0.8980682285244554,True
FBgn0039769,False,0.0,0.42857142857142855,0.8735394281016969,True
FBgn0039770,False,0.0,0.8571428571428571,0.9094151840760966,True
FBgn0039771,False,0.0,0.8571428571428571,0.9465533439022958,True
FBgn0039773,False,0.0,0.8571428571428571,0.8966394613743566,True
FBgn0039774,False,0.0,0.8571428571428571,0.8756091832540661,True
FBgn0039776,False,0.0,1.0,0.9909870236627326,True
FBgn0039777,False,0.0,,0.9732742254320552,True
FBgn0039778,False,0.0,0.8571428571428571,0.9585461804943926,True
FBgn0039779,False,0.0,0.8571428571428571,0.9689585657526472,True
FBgn0039780,False,0.0,0.8571428571428571,0.9480310414342473,True
FBgn0039782,False,0.0,1.0,0.9667028751492377,True
FBgn0039783,False,0.0,0.8571428571428571,0.9585461804943926,True
FBgn0039784,False,0.0,1.0,0.9785048832521089,True
FBgn0039787,False,0.0,0.5714285714285714,0.8816814436419862,True
FBgn0039788,False,0.0,1.0,0.9987473822245709,True
FBgn0039789,False,0.0,1.0,0.9528213258176267,True
FBgn0039790,False,0.0,1.0,0.9586538273344685,True
FBgn0039792,False,0.0,0.8571428571428571,0.9473460160883096,True
FBgn0039795,False,0.0,1.0,0.9418755993971777,True
FBgn0039796,False,0.0,,0.9732742254320552,True
FBgn0039797,False,0.0,1.0,0.9920537059871215,True
FBgn0039798,False,0.0,0.7142857142857143,0.8143385590981151,True
FBgn0039799,False,0.0,1.0,0.950580314328773,True
FBgn0039800,False,0.0,1.0,0.9897148337345625,True
FBgn0039801,False,0.0,1.0,0.9905466502260584,True
FBgn0039802,False,0.0,0.7142857142857143,0.8823909341788503,True
FBgn0039804,False,0.0,1.0,0.990830446440804,True
FBgn0039805,False,0.0,0.8571428571428571,0.9585461804943926,True
FBgn0039806,False,0.0,1.0,0.9846456461746227,True
FBgn0039807,False,0.0,1.0,0.9796253889965357,True
FBgn0039808,False,0.0,1.0,0.9963889378192707,True
FBgn0039809,False,0.0,1.0,0.998766954377312,True
FBgn0039810,False,0.0,,0.9732742254320552,True
FBgn0039811,False,0.0,,0.9732742254320552,True
FBgn0039812,False,0.0,,0.9732742254320552,True
FBgn0039816,False,0.0,,0.9732742254320552,True
FBgn0039817,False,0.0,0.8571428571428571,0.9710283209050163,True
FBgn0039818,False,0.0,1.0,0.9632630693049928,True
FBgn0039820,False,0.0,,0.9732742254320552,True
FBgn0039821,False,0.0,0.8571428571428571,0.8612138649130018,True
FBgn0039827,False,0.0,1.0,1.0,True
FBgn0039828,False,0.0,1.0,0.9629107705556534,True
FBgn0039829,False,0.0,1.0,0.9754271622335741,True
FBgn0039830,False,0.0,0.7142857142857143,0.8695320298279607,True
FBgn0039831,False,0.0,0.8571428571428571,0.8836729101833911,True
FBgn0039832,False,0.0,1.0,0.9575088563991153,True
FBgn0039833,False,0.0,0.5714285714285714,0.8007750572485468,True
FBgn0039835,False,0.0,1.0,0.9508249662380366,True
FBgn0039836,False,0.0,0.8571428571428571,0.8701779108684164,True
FBgn0039838,False,0.0,0.8571428571428571,0.9546806803280293,True
FBgn0039839,False,0.0,,0.9732742254320552,True
FBgn0039840,False,0.0,1.0,0.9380052061926292,True
FBgn0039844,False,0.0,1.0,0.9868083690525121,True
FBgn0039846,False,0.0,1.0,0.9755054508445384,True
FBgn0039848,False,0.0,1.0,0.9818272561799072,True
FBgn0039849,False,0.0,0.8571428571428571,0.8947409625584718,True
FBgn0039850,False,0.0,0.8571428571428571,0.9585461804943926,True
FBgn0039851,False,0.0,1.0,0.9337482629714442,True
FBgn0039852,False,0.0,1.0,0.9050946313585031,True
FBgn0039854,False,0.0,1.0,0.9597987982698217,True
FBgn0039855,False,0.0,1.0,0.9461863660384006,True
FBgn0039856,False,0.0,1.0,0.9606404008376881,True
FBgn0039857,False,0.0,1.0,0.9554048499794492,True
FBgn0039858,False,0.0,0.7142857142857143,0.8712054488873231,True
FBgn0039859,False,0.0,0.8571428571428571,0.8898968547550545,True
FBgn0039860,False,0.0,1.0,0.9564030297692443,True
FBgn0039861,False,0.0,1.0,0.9853110993678195,True
FBgn0039862,False,0.0,1.0,0.9536727144618636,True
FBgn0039863,False,0.0,1.0,0.9381715694909283,True
FBgn0039864,False,0.0,1.0,0.9422376842228877,True
FBgn0039867,False,0.0,0.7142857142857143,0.8992523437652907,True
FBgn0039868,False,0.0,0.8571428571428571,0.8649130017810659,True
FBgn0039869,False,0.0,1.0,0.9867300804415478,True
FBgn0039870,False,0.0,1.0,0.9764840584815924,True
FBgn0039872,False,0.0,0.7142857142857143,0.8422875932123775,True
FBgn0039873,False,0.0,0.8571428571428571,0.8818820582075823,True
FBgn0039874,False,0.0,1.0,0.9935999060536669,True
FBgn0039875,False,0.0,0.7142857142857143,0.8978529348443035,True
FBgn0039876,False,0.0,1.0,0.9942751453232341,True
FBgn0039877,False,0.0,0.7142857142857143,0.8762550642945217,True
FBgn0039879,False,0.0,1.0,0.9730785039046445,True
FBgn0039881,False,0.0,1.0,0.9835398195447518,True
FBgn0039882,False,0.0,0.8571428571428571,0.8982150196700135,True
FBgn0039883,False,0.0,1.0,0.9901943514767189,True
FBgn0039886,False,0.0,1.0,0.9981993619478207,True
FBgn0039887,False,0.0,1.0,0.9818125770653514,True
FBgn0039889,False,0.0,0.42857142857142855,0.6207210381069814,True
FBgn0039890,False,0.0,0.8571428571428571,0.8834282582741275,True
FBgn0039896,False,0.0,1.0,0.9395709784119155,True
FBgn0039897,False,0.0,1.0,0.9473313369737537,True
FBgn0039900,False,0.0,0.5714285714285714,0.7627659366253694,True
FBgn0039902,False,0.0,0.5714285714285714,0.7660638443622414,True
FBgn0039904,False,0.0,0.7142857142857143,0.8146125692364903,True
FBgn0039905,False,0.0,0.8571428571428571,0.8426594641144579,True
FBgn0039907,False,0.0,0.8571428571428571,0.8651282954612178,True
FBgn0039908,False,0.0,0.8571428571428571,0.8601569686649835,True
FBgn0039909,False,0.0,0.8571428571428571,0.9209285029260368,True
FBgn0039911,False,0.0,1.0,0.9612079932671794,True
FBgn0039914,False,0.0,0.42857142857142855,0.6224923179300491,True
FBgn0039915,False,0.0,1.0,0.988129489362535,True
FBgn0039916,False,0.0,0.7142857142857143,0.7908519758088192,True
FBgn0039920,False,0.0,0.42857142857142855,0.7324193138003249,True
FBgn0039923,False,0.0,0.7142857142857143,0.7793631221498052,True
FBgn0039924,False,0.0,0.5714285714285714,0.7346113949073259,True
FBgn0039925,False,0.0,0.8571428571428571,0.8299473509091265,True
FBgn0039927,False,0.0,0.8571428571428571,0.8719589767678547,True
FBgn0039928,False,0.0,0.8571428571428571,0.8194566770399077,True
FBgn0039929,False,0.0,1.0,0.9135889456481319,True
FBgn0039930,False,0.0,1.0,0.9543577398078015,True
FBgn0039932,False,0.0,0.7142857142857143,0.7695085432446714,True
FBgn0039936,False,0.0,0.42857142857142855,0.7385160393791713,True
FBgn0039937,False,0.0,1.0,0.9793905231636427,True
FBgn0039938,False,0.0,0.5714285714285714,0.8096901728221086,True
FBgn0039939,False,0.0,,0.9732742254320552,True
FBgn0039965,False,0.0,0.5714285714285714,0.7804787348560468,True
FBgn0039966,False,0.0,1.0,0.9818468283326484,True
FBgn0039969,False,0.0,0.42857142857142855,0.6652672577456795,True
FBgn0039970,False,0.0,0.8571428571428571,0.8780557023467012,True
FBgn0039972,False,0.0,0.7142857142857143,0.8022527547804983,True
FBgn0039977,False,0.0,0.5714285714285714,0.7559058970896209,True
FBgn0039979,False,0.0,1.0,0.938944669524201,True
FBgn0039994,False,0.0,0.5714285714285714,0.7142367839038616,True
FBgn0039997,False,0.0,0.42857142857142855,0.6770203354666979,True
FBgn0040002,False,0.0,0.42857142857142855,0.758734073160707,True
FBgn0040005,False,0.0,0.42857142857142855,0.6654825514258313,True
FBgn0040007,False,0.0,0.5714285714285714,0.6322881803769597,True
FBgn0040009,False,0.0,1.0,0.9924549351183136,True
FBgn0040010,False,0.0,0.7142857142857143,0.7730413168144364,True
FBgn0040011,False,0.0,0.42857142857142855,0.7177989157027381,True
FBgn0040028,False,0.0,0.8571428571428571,0.9710283209050163,True
FBgn0040037,False,0.0,1.0,0.9708962088740141,True
FBgn0040045,False,0.0,0.8571428571428571,0.8347425283306911,True
FBgn0040056,False,0.0,0.8571428571428571,0.8735834654453644,True
FBgn0040060,False,0.0,1.0,0.9618930186131173,True
FBgn0040063,False,0.0,,0.9732742254320552,True
FBgn0040064,False,0.0,1.0,0.9409312430274206,True
FBgn0040066,False,0.0,1.0,0.9397764860156969,True
FBgn0040068,False,0.0,0.7142857142857143,0.9158691014424677,True
FBgn0040069,False,0.0,0.8571428571428571,0.9135791595717613,True
FBgn0040070,False,0.0,1.0,0.9895191122071517,True
FBgn0040071,False,0.0,1.0,0.9717965279001037,True
FBgn0040074,False,0.0,0.8571428571428571,0.9650881725480985,True
FBgn0040075,False,0.0,1.0,0.9673145049223965,True
FBgn0040076,False,0.0,,0.9732742254320552,True
FBgn0040077,False,0.0,,0.9732742254320552,True
FBgn0040078,False,0.0,1.0,0.9616972970857064,True
FBgn0040079,False,0.0,1.0,0.9781476914645842,True
FBgn0040080,False,0.0,1.0,0.9848413677020336,True
FBgn0040087,False,0.0,1.0,0.9367036580353473,True
FBgn0040089,False,0.0,1.0,0.9364296478969721,True
FBgn0040091,True,0.0,1.0,0.9998336367017008,False
FBgn0040092,False,0.0,1.0,0.9671579277004678,True
FBgn0040093,False,0.0,1.0,0.9641291370637857,True
FBgn0040096,False,0.0,1.0,0.947282406591901,True
FBgn0040097,False,0.0,0.8571428571428571,0.9473460160883096,True
FBgn0040098,False,0.0,,0.9732742254320552,True
FBgn0040099,False,0.0,1.0,0.9998140645489597,True
FBgn0040102,False,0.0,0.5714285714285714,0.8014600825944845,True
FBgn0040104,False,0.0,1.0,0.9525081713737694,True
FBgn0040106,False,0.0,0.8571428571428571,0.9585461804943926,True
FBgn0040107,False,0.0,0.8571428571428571,0.9650881725480985,True
FBgn0040153,False,0.0,1.0,0.9786369952831112,True
FBgn0040206,False,0.0,0.5714285714285714,0.7950795608008925,True
FBgn0040207,False,0.0,1.0,0.9679505998864815,True
FBgn0040208,False,0.0,0.7142857142857143,0.881930988589435,True
FBgn0040211,False,0.0,1.0,0.9747861742313038,True
FBgn0040212,False,0.0,1.0,0.9703286164445227,True
FBgn0040227,False,0.0,1.0,0.9387783062259017,True
FBgn0040228,False,0.0,0.8571428571428571,0.866057972716419,True
FBgn0040230,False,0.0,0.8571428571428571,0.9190006458810405,True
FBgn0040232,False,0.0,0.42857142857142855,0.7608967960385963,True
FBgn0040233,False,0.0,,0.9732742254320552,True
FBgn0040234,False,0.0,0.7142857142857143,0.8380306499911925,True
FBgn0040235,False,0.0,1.0,0.9562562386236862,True
FBgn0040236,False,0.0,1.0,0.9700546063061476,True
FBgn0040237,False,0.0,0.7142857142857143,0.8590119977296303,True
FBgn0040238,False,0.0,1.0,0.9849294423893684,True
FBgn0040239,False,0.0,0.42857142857142855,0.7056935392323802,True
FBgn0040250,False,0.0,0.8571428571428571,0.8905916661773629,True
FBgn0040251,False,0.0,1.0,0.9712485076233535,True
FBgn0040252,False,0.0,0.7142857142857143,0.8064118372379778,True
FBgn0040253,False,0.0,0.7142857142857143,0.866835965787877,True
FBgn0040255,False,0.0,1.0,0.9639578807273012,True
FBgn0040256,False,0.0,0.7142857142857143,0.8801792809191084,True
FBgn0040257,False,0.0,1.0,0.9874248918638561,True
FBgn0040259,False,0.0,1.0,0.9612569236490321,True
FBgn0040260,False,0.0,1.0,0.9763372673360343,True
FBgn0040261,False,0.0,0.5714285714285714,0.8457861155148454,True
FBgn0040262,False,0.0,0.7142857142857143,0.875354745268432,True
FBgn0040268,False,0.0,1.0,0.9776779597987982,True
FBgn0040271,False,0.0,1.0,0.9990507505920576,True
FBgn0040273,False,0.0,1.0,0.9327402971052786,True
FBgn0040279,False,0.0,,0.9732742254320552,True
FBgn0040281,False,0.0,1.0,0.9844988550290646,True
FBgn0040282,False,0.0,0.8571428571428571,0.86552952459241,True
FBgn0040283,False,0.0,1.0,0.9685377644687139,True
FBgn0040284,False,0.0,1.0,0.9740571115416985,True
FBgn0040285,False,0.0,0.8571428571428571,0.8670952968116963,True
FBgn0040286,False,0.0,1.0,0.9325445755778679,True
FBgn0040290,False,0.0,1.0,0.9963595795901591,True
FBgn0040291,False,0.0,,0.9732742254320552,True
FBgn0040294,False,0.0,1.0,0.9818761865617599,True
FBgn0040296,False,0.0,0.8571428571428571,0.9473460160883096,True
FBgn0040297,False,0.0,1.0,0.9742626191454798,True
FBgn0040298,False,0.0,0.5714285714285714,0.8601178243595013,True
FBgn0040299,False,0.0,0.8571428571428571,0.8750122325954632,True
FBgn0040305,False,0.0,1.0,0.9739298925488814,True
FBgn0040308,False,0.0,1.0,0.9930616718532872,True
FBgn0040309,False,0.0,1.0,0.9683616150940442,True
FBgn0040318,False,0.0,0.8571428571428571,0.9801636231969154,True
FBgn0040319,False,0.0,1.0,0.9731567925156088,True
FBgn0040321,False,0.0,0.8571428571428571,0.9304503552345722,True
FBgn0040322,False,0.0,1.0,0.980555066251737,True
FBgn0040323,False,0.0,1.0,0.9893723210615936,True
FBgn0040324,False,0.0,0.7142857142857143,0.7884250288689254,True
FBgn0040333,False,0.0,1.0,0.8824692227898147,True
FBgn0040334,False,0.0,0.8571428571428571,0.8843775076820699,True
FBgn0040335,False,0.0,0.7142857142857143,0.8136339615994364,True
FBgn0040336,False,0.0,0.8571428571428571,0.872888654023056,True
FBgn0040337,False,0.0,1.0,0.982150196700135,True
FBgn0040338,False,0.0,0.8571428571428571,0.9650881725480985,True
FBgn0040339,False,0.0,0.7142857142857143,0.8137807527449944,True
FBgn0040340,False,0.0,1.0,0.9524005245336935,True
FBgn0040341,False,0.0,0.2857142857142857,0.7960728475525023,True
FBgn0040342,False,0.0,1.0,0.9375452606032137,True
FBgn0040343,False,0.0,1.0,0.9510647251091148,True
FBgn0040344,False,0.0,0.8571428571428571,0.9109956354099388,True
FBgn0040345,False,0.0,1.0,0.9349030199831679,True
FBgn0040346,False,0.0,1.0,0.9337286908187031,True
FBgn0040347,False,0.0,0.42857142857142855,0.7934257138942713,True
FBgn0040348,False,0.0,1.0,0.9852328107568551,True
FBgn0040349,False,0.0,0.8571428571428571,0.9710283209050163,True
FBgn0040350,False,0.0,1.0,0.9564715323038381,True
FBgn0040351,False,0.0,1.0,0.9906542970661343,True
FBgn0040352,False,0.0,1.0,0.9603174603174603,True
FBgn0040353,False,0.0,0.8571428571428571,0.9801636231969154,True
FBgn0040354,False,0.0,0.8571428571428571,0.9144305482159982,True
FBgn0040355,False,0.0,1.0,0.9295402501321121,True
FBgn0040356,False,0.0,1.0,0.9691151429745758,True
FBgn0040357,False,0.0,0.42857142857142855,0.827618264732938,True
FBgn0040358,False,0.0,1.0,0.9849294423893684,True
FBgn0040359,False,0.0,1.0,0.9558452234161235,True
FBgn0040360,False,0.0,0.5714285714285714,0.8581312508562817,True
FBgn0040361,False,0.0,1.0,0.9641291370637857,True
FBgn0040362,False,0.0,0.8571428571428571,0.9406816980799718,True
FBgn0040363,False,0.0,0.5714285714285714,0.8486142915859316,True
FBgn0040364,False,0.0,1.0,0.9837061828430509,True
FBgn0040365,False,0.0,0.7142857142857143,0.8710978020472472,True
FBgn0040366,False,0.0,0.8571428571428571,0.9087252656919734,True
FBgn0040367,False,0.0,1.0,0.9759458242812127,True
FBgn0040368,False,0.0,0.8571428571428571,0.9689585657526472,True
FBgn0040370,False,0.0,1.0,0.9890298083886246,True
FBgn0040371,False,0.0,1.0,0.9548519366645137,True
FBgn0040372,False,0.0,1.0,0.9288258665570626,True
FBgn0040373,False,0.0,1.0,0.9933846123735149,True
FBgn0040375,False,0.0,0.2857142857142857,0.8109525766739083,True
FBgn0040376,False,0.0,0.8571428571428571,0.9112500733955727,True
FBgn0040377,False,0.0,1.0,0.9698197404732547,True
FBgn0040382,False,0.0,1.0,0.982727575205997,True
FBgn0040383,False,0.0,0.7142857142857143,0.8408881842913902,True
FBgn0040384,False,0.0,1.0,0.9942947174759752,True
FBgn0040385,False,0.0,,0.9732742254320552,True
FBgn0040387,False,0.0,0.7142857142857143,0.8690916563912865,True
FBgn0040388,False,0.0,1.0,0.9991094670502808,True
FBgn0040389,False,0.0,1.0,0.9802810561133619,True
FBgn0040390,False,0.0,1.0,0.9553559195975966,True
FBgn0040391,False,0.0,1.0,0.9960464251463018,True
FBgn0040392,False,0.0,1.0,0.9659150960014092,True
FBgn0040393,False,0.0,0.8571428571428571,0.9585461804943926,True
FBgn0040394,False,0.0,1.0,0.9076390112148436,True
FBgn0040395,False,0.0,1.0,0.9688607049889417,True
FBgn0040396,False,0.0,1.0,0.9653866478774,True
FBgn0040397,False,0.0,0.7142857142857143,0.8002466091245376,True
FBgn0040398,False,0.0,1.0,0.9973577593799542,True
FBgn0040465,False,0.0,0.8571428571428571,0.818067054195291,True
FBgn0040466,False,0.0,1.0,0.9772767306676061,True
FBgn0040467,False,0.0,1.0,0.9088720568375316,True
FBgn0040475,False,0.0,1.0,0.9191474370265985,True
FBgn0040477,False,0.0,1.0,0.9927191591803183,True
FBgn0040487,False,0.0,,0.9732742254320552,True
FBgn0040491,False,0.0,1.0,0.9507564637034427,True
FBgn0040493,False,0.0,1.0,0.9674906542970662,True
FBgn0040496,False,0.0,1.0,0.9579785880649012,True
FBgn0040502,False,0.0,0.8571428571428571,0.9598428356134892,True
FBgn0040503,False,0.0,1.0,0.9956647681678508,True
FBgn0040505,False,0.0,1.0,0.9889417337012898,True
FBgn0040506,False,0.0,1.0,0.9661695339870432,True
FBgn0040507,False,0.0,0.5714285714285714,0.8569079913099642,True
FBgn0040508,False,0.0,1.0,0.944018750122326,True
FBgn0040509,False,0.0,1.0,0.9668496662947957,True
FBgn0040510,False,0.0,1.0,0.9705488031628599,True
FBgn0040512,False,0.0,1.0,0.9452175444777171,True
FBgn0040513,False,0.0,1.0,0.9624067876225706,True
FBgn0040519,False,0.0,0.5714285714285714,0.8605777699489167,True
FBgn0040522,False,0.0,,0.9732742254320552,True
FBgn0040524,False,0.0,1.0,0.9473411230501243,True
FBgn0040528,False,0.0,1.0,0.9323879983559392,True
FBgn0040529,False,0.0,1.0,0.9646331199968684,True
FBgn0040531,False,0.0,,0.9732742254320552,True
FBgn0040532,False,0.0,1.0,0.9725109114751531,True
FBgn0040534,False,0.0,1.0,0.9209774333078895,True
FBgn0040551,False,0.0,1.0,0.9505998864815141,True
FBgn0040553,False,0.0,,0.9732742254320552,True
FBgn0040554,False,0.0,0.8571428571428571,0.8657741765016734,True
FBgn0040565,False,0.0,,0.9732742254320552,True
FBgn0040571,False,0.0,1.0,0.954984048695516,True
FBgn0040573,False,0.0,0.8571428571428571,0.9445863425518173,True
FBgn0040575,False,0.0,1.0,0.9236196739279353,True
FBgn0040582,False,0.0,0.8571428571428571,0.9480310414342473,True
FBgn0040585,False,0.0,,0.9732742254320552,True
FBgn0040587,False,0.0,,0.9732742254320552,True
FBgn0040588,False,0.0,0.5714285714285714,0.8022527547804983,True
FBgn0040590,False,0.0,1.0,0.9787544281995577,True
FBgn0040599,False,0.0,0.8571428571428571,0.9650881725480985,True
FBgn0040600,False,0.0,0.8571428571428571,0.8606854167889926,True
FBgn0040601,False,0.0,1.0,0.9497338187227213,True
FBgn0040602,False,0.0,1.0,0.9685181923159728,True
FBgn0040606,False,0.0,,0.9732742254320552,True
FBgn0040607,False,0.0,,0.9732742254320552,True
FBgn0040608,False,0.0,,0.9732742254320552,True
FBgn0040609,False,0.0,1.0,0.9661499618343021,True
FBgn0040623,False,0.0,,0.9732742254320552,True
FBgn0040625,False,0.0,1.0,0.9817978979507956,True
FBgn0040628,False,0.0,,0.9732742254320552,True
FBgn0040629,False,0.0,1.0,0.9548959740081812,True
FBgn0040634,False,0.0,0.7142857142857143,0.8359853600297497,True
FBgn0040636,False,0.0,1.0,0.9666784099583113,True
FBgn0040637,False,0.0,,0.9732742254320552,True
FBgn0040645,False,0.0,1.0,0.92315972833852,True
FBgn0040648,False,0.0,,0.9732742254320552,True
FBgn0040649,False,0.0,1.0,0.9702992582154111,True
FBgn0040650,False,0.0,1.0,0.9655725833284403,True
FBgn0040651,False,0.0,1.0,0.9785587066721468,True
FBgn0040653,False,0.0,,0.9732742254320552,True
FBgn0040658,False,0.0,1.0,0.951558921965827,True
FBgn0040660,False,0.0,1.0,0.9867105082888067,True
FBgn0040666,False,0.0,1.0,0.9729121406063453,True
FBgn0040670,False,0.0,1.0,0.9465190926349989,True
FBgn0040673,False,0.0,1.0,0.9629988452429883,True
FBgn0040674,False,0.0,,0.9732742254320552,True
FBgn0040679,False,0.0,,0.9732742254320552,True
FBgn0040684,False,0.0,,0.9732742254320552,True
FBgn0040687,False,0.0,0.7142857142857143,0.8076938132425185,True
FBgn0040688,False,0.0,1.0,0.9728729963008631,True
FBgn0040694,False,0.0,,0.9732742254320552,True
FBgn0040696,False,0.0,1.0,0.9143033292231812,True
FBgn0040697,False,0.0,1.0,0.9870725931145167,True
FBgn0040699,False,0.0,,0.9732742254320552,True
FBgn0040705,False,0.0,1.0,0.9498952889828353,True
FBgn0040715,False,0.0,,0.9732742254320552,True
FBgn0040717,False,0.0,1.0,0.9387587340731607,True
FBgn0040718,False,0.0,0.8571428571428571,0.9458829976709138,True
FBgn0040719,False,0.0,0.8571428571428571,0.9650881725480985,True
FBgn0040723,False,0.0,1.0,0.9668937036384632,True
FBgn0040725,False,0.0,,0.9732742254320552,True
FBgn0040726,False,0.0,0.8571428571428571,0.8969232575891022,True
FBgn0040729,False,0.0,1.0,0.9672900397314701,True
FBgn0040730,False,0.0,0.42857142857142855,0.8441029103791126,True
FBgn0040732,False,0.0,0.8571428571428571,0.9084365764390425,True
FBgn0040733,False,0.0,,0.9732742254320552,True
FBgn0040734,False,0.0,,0.9732742254320552,True
FBgn0040735,False,0.0,0.8571428571428571,0.9585461804943926,True
FBgn0040736,False,0.0,,0.9732742254320552,True
FBgn0040737,False,0.0,0.8571428571428571,0.9073845732292095,True
FBgn0040743,False,0.0,0.8571428571428571,0.9650881725480985,True
FBgn0040747,False,0.0,0.8571428571428571,0.9801636231969154,True
FBgn0040751,False,0.0,1.0,0.9903900730041297,True
FBgn0040752,False,0.0,1.0,0.9983265809406376,True
FBgn0040754,False,0.0,0.5714285714285714,0.738927054586734,True
FBgn0040755,False,0.0,,0.9732742254320552,True
FBgn0040759,False,0.0,0.8571428571428571,0.9000107646840075,True
FBgn0040763,False,0.0,1.0,0.9435636975710958,True
FBgn0040764,False,0.0,0.8571428571428571,0.9488481788111874,True
FBgn0040765,False,0.0,1.0,0.9903019983167949,True
FBgn0040766,False,0.0,0.5714285714285714,0.7179261346955552,True
FBgn0040773,False,0.0,1.0,0.982874366351555,True
FBgn0040775,False,0.0,0.8571428571428571,0.9801636231969154,True
FBgn0040777,False,0.0,0.7142857142857143,0.8874992660442722,True
FBgn0040778,False,0.0,0.8571428571428571,0.8411034779715421,True
FBgn0040780,False,0.0,0.8571428571428571,0.8894564813183802,True
FBgn0040784,False,0.0,1.0,0.9707396316520854,True
FBgn0040786,False,0.0,0.5714285714285714,0.7891687706730863,True
FBgn0040793,False,0.0,1.0,0.9706026265828979,True
FBgn0040794,False,0.0,,0.9732742254320552,True
FBgn0040795,False,0.0,0.8571428571428571,0.9187608870099622,True
FBgn0040796,False,0.0,,0.9732742254320552,True
FBgn0040797,False,0.0,0.8571428571428571,0.9473460160883096,True
FBgn0040798,False,0.0,,0.9732742254320552,True
FBgn0040799,False,0.0,,0.9732742254320552,True
FBgn0040801,False,0.0,,0.9732742254320552,True
FBgn0040805,False,0.0,0.8571428571428571,0.9710283209050163,True
FBgn0040809,False,0.0,,0.9732742254320552,True
FBgn0040811,False,0.0,,0.9732742254320552,True
FBgn0040812,False,0.0,,0.9732742254320552,True
FBgn0040813,False,0.0,1.0,0.9978274910457401,True
FBgn0040814,False,0.0,0.8571428571428571,0.9577094709647114,True
FBgn0040816,False,0.0,,0.9732742254320552,True
FBgn0040817,False,0.0,1.0,0.9494157712406788,True
FBgn0040823,False,0.0,1.0,0.968249075215783,True
FBgn0040827,False,0.0,1.0,0.9999021392362946,True
FBgn0040828,False,0.0,,0.9732742254320552,True
FBgn0040832,False,0.0,,0.9732742254320552,True
FBgn0040837,False,0.0,0.5714285714285714,0.8237821227956863,True
FBgn0040842,False,0.0,0.42857142857142855,0.865040220773883,True
FBgn0040843,False,0.0,0.8571428571428571,0.9458878907090991,True
FBgn0040849,False,0.0,1.0,0.9614086078327755,True
FBgn0040850,False,0.0,0.8571428571428571,0.8513201417023859,True
FBgn0040856,False,0.0,1.0,0.9566574677548784,True
FBgn0040859,False,0.0,,0.9732742254320552,True
FBgn0040862,False,0.0,1.0,0.9675004403734366,True
FBgn0040871,False,0.0,,0.9732742254320552,True
FBgn0040877,False,0.0,0.8571428571428571,0.9598428356134892,True
FBgn0040890,False,0.0,1.0,0.9236392460806764,True
FBgn0040892,False,0.0,1.0,0.9691983246237253,True
FBgn0040895,False,0.0,1.0,0.9700594993443329,True
FBgn0040898,False,0.0,,0.9732742254320552,True
FBgn0040899,False,0.0,1.0,0.9709842835613489,True
FBgn0040900,False,0.0,1.0,0.9502965181140274,True
FBgn0040904,False,0.0,1.0,0.9391893214334645,True
FBgn0040905,False,0.0,1.0,0.9705536962010451,True
FBgn0040906,False,0.0,1.0,0.9819055447908716,True
FBgn0040907,False,0.0,0.7142857142857143,0.8055898068228524,True
FBgn0040910,False,0.0,0.8571428571428571,0.9801636231969154,True
FBgn0040913,False,0.0,1.0,0.9718699234728828,True
FBgn0040918,False,0.0,1.0,0.9728240659190104,True
FBgn0040922,False,0.0,1.0,0.9277102538508211,True
FBgn0040923,False,0.0,0.8571428571428571,0.9446695242009668,True
FBgn0040928,False,0.0,0.42857142857142855,0.7363435304249115,True
FBgn0040929,False,0.0,0.8571428571428571,0.8924901649932476,True
FBgn0040931,False,0.0,0.8571428571428571,0.9025893958076449,True
FBgn0040940,False,0.0,,0.9732742254320552,True
FBgn0040941,False,0.0,1.0,0.9709304601413109,True
FBgn0040942,False,0.0,1.0,0.9321042021411935,True
FBgn0040949,False,0.0,0.8571428571428571,0.9390523163642769,True
FBgn0040950,False,0.0,0.8571428571428571,0.9465533439022958,True
FBgn0040954,False,0.0,0.5714285714285714,0.7656528291546787,True
FBgn0040958,False,0.0,0.5714285714285714,0.8638854637621591,True
FBgn0040959,False,0.0,1.0,0.9658661656195565,True
FBgn0040963,False,0.0,1.0,0.9719775703129587,True
FBgn0040964,False,0.0,1.0,0.9895191122071517,True
FBgn0040965,False,0.0,1.0,0.938729375844049,True
FBgn0040967,False,0.0,1.0,0.9577828665374905,True
FBgn0040968,False,0.0,,0.9732742254320552,True
FBgn0040972,False,0.0,,0.9732742254320552,True
FBgn0040973,False,0.0,0.8571428571428571,0.9350008807468734,True
FBgn0040984,False,0.0,0.8571428571428571,0.9602832090501634,True
FBgn0040985,False,0.0,1.0,0.9460787191983246,True
FBgn0040989,False,0.0,0.8571428571428571,0.9650881725480985,True
FBgn0040992,False,0.0,,0.9732742254320552,True
FBgn0040993,False,0.0,,0.9732742254320552,True
FBgn0040994,False,0.0,1.0,0.9715274107999139,True
FBgn0040995,False,0.0,,0.9732742254320552,True
FBgn0040996,False,0.0,0.8571428571428571,0.9801636231969154,True
FBgn0040998,False,0.0,1.0,0.9593975691386295,True
FBgn0041004,False,0.0,0.7142857142857143,0.7862720920674064,True
FBgn0041005,False,0.0,0.7142857142857143,0.7782475094435637,True
FBgn0041087,False,0.14285714285714285,1.0,0.9962030023682305,False
FBgn0041092,False,0.0,0.8571428571428571,0.8852778267081596,True
FBgn0041094,False,0.0,1.0,0.9547296107098819,True
FBgn0041096,False,0.0,1.0,0.952772395435774,True
FBgn0041097,False,0.0,0.8571428571428571,0.8904448750318047,True
FBgn0041100,False,0.0,1.0,0.8969721879709549,True
FBgn0041102,False,0.0,0.5714285714285714,0.8864032254907717,True
FBgn0041103,False,0.0,,0.9732742254320552,True
FBgn0041105,False,0.0,1.0,0.9321580255612315,True
FBgn0041111,False,0.0,1.0,0.9259291879513828,True
FBgn0041147,False,0.0,1.0,0.9851055917640381,True
FBgn0041150,False,0.0,1.0,0.9573131348717046,True
FBgn0041156,False,0.0,0.5714285714285714,0.8481641320728867,True
FBgn0041160,False,0.0,0.8571428571428571,0.8933024093320024,True
FBgn0041161,False,0.0,1.0,0.9640459554146361,True
FBgn0041164,False,0.0,0.8571428571428571,0.8723504198226762,True
FBgn0041171,False,0.0,1.0,0.9719335329692913,True
FBgn0041174,False,0.0,1.0,0.9644471845458282,True
FBgn0041180,False,0.0,1.0,0.9946763744544262,True
FBgn0041181,False,0.0,0.7142857142857143,0.8925733466423972,True
FBgn0041182,False,0.0,1.0,0.9703677607500049,True
FBgn0041183,False,0.0,1.0,0.9976219834419587,True
FBgn0041184,False,0.0,1.0,0.9596030767424109,True
FBgn0041186,False,0.0,1.0,0.9730197874464213,True
FBgn0041188,False,0.0,1.0,0.9689683518290176,True
FBgn0041191,False,0.0,1.0,0.9903607147750181,True
FBgn0041194,False,0.0,0.8571428571428571,0.9271377683831444,True
FBgn0041195,False,0.0,1.0,0.9855263930479714,True
FBgn0041203,False,0.0,1.0,0.971747597518251,True
FBgn0041205,False,0.0,1.0,0.9612373514962911,True
FBgn0041210,False,0.0,0.8571428571428571,0.8927250308261405,True
FBgn0041224,False,0.0,0.8571428571428571,0.9346436889593487,True
FBgn0041225,False,0.0,1.0,0.9912218894956256,True
FBgn0041229,False,0.0,0.7142857142857143,0.7981426027048715,True
FBgn0041231,False,0.0,0.8571428571428571,0.9480310414342473,True
FBgn0041232,False,0.0,,0.9732742254320552,True
FBgn0041233,False,0.0,1.0,0.9327892274871313,True
FBgn0041234,False,0.0,1.0,0.9603761767756835,True
FBgn0041235,False,0.0,,0.9732742254320552,True
FBgn0041236,False,0.0,,0.9732742254320552,True
FBgn0041237,False,0.0,0.5714285714285714,0.8749828743663516,True
FBgn0041238,False,0.0,,0.9732742254320552,True
FBgn0041239,False,0.0,,0.9732742254320552,True
FBgn0041240,False,0.0,,0.9732742254320552,True
FBgn0041241,False,0.0,0.7142857142857143,0.8310336053862564,True
FBgn0041242,False,0.0,,0.9732742254320552,True
FBgn0041243,False,0.0,0.7142857142857143,0.7847552502299728,True
FBgn0041244,False,0.0,0.8571428571428571,0.8684164171217192,True
FBgn0041245,False,0.0,0.8571428571428571,0.9650881725480985,True
FBgn0041246,False,0.0,1.0,0.9549057600845517,True
FBgn0041247,False,0.0,,0.9732742254320552,True
FBgn0041248,False,0.0,,0.9732742254320552,True
FBgn0041249,False,0.0,0.8571428571428571,0.9465533439022958,True
FBgn0041250,False,0.0,0.8571428571428571,0.9585461804943926,True
FBgn0041252,False,0.0,1.0,0.9627052629518721,True
FBgn0041336,False,0.0,1.0,0.9644863288513104,True
FBgn0041337,False,0.0,0.7142857142857143,0.8647906758264341,True
FBgn0041342,False,0.0,1.0,0.9913491084884426,True
FBgn0041579,False,0.0,,0.9732742254320552,True
FBgn0041581,False,0.0,1.0,0.947644491417611,True
FBgn0041582,False,0.0,1.0,0.9490047560331161,True
FBgn0041585,False,0.0,0.8571428571428571,0.9154189419294229,True
FBgn0041588,False,0.0,1.0,0.9927093731039477,True
FBgn0041604,False,0.0,1.0,0.9954592605640694,True
FBgn0041605,False,0.0,1.0,0.9964770125066056,True
FBgn0041606,False,0.0,1.0,0.9661988922161548,True
FBgn0041607,False,0.0,1.0,0.9948916681345781,True
FBgn0041621,False,0.0,1.0,0.9157810267551328,True
FBgn0041622,False,0.0,,0.9732742254320552,True
FBgn0041623,False,0.0,0.8571428571428571,0.9801636231969154,True
FBgn0041624,False,0.0,,0.9732742254320552,True
FBgn0041625,False,0.0,,0.9732742254320552,True
FBgn0041626,False,0.0,,0.9732742254320552,True
FBgn0041627,False,0.0,1.0,0.9953320415712524,True
FBgn0041629,False,0.0,1.0,0.994598085843462,True
FBgn0041630,False,0.0,1.0,0.9520580118607246,True
FBgn0041702,False,0.0,1.0,0.946793102773374,True
FBgn0041706,False,0.0,0.7142857142857143,0.8846759830113714,True
FBgn0041707,False,0.0,1.0,0.9540543714403147,True
FBgn0041709,False,0.0,1.0,0.9656410858630341,True
FBgn0041710,False,0.0,1.0,0.9630869199303231,True
FBgn0041711,False,0.0,0.8571428571428571,0.9710283209050163,True
FBgn0041712,False,0.0,1.0,0.9524983852973988,True
FBgn0041713,False,0.0,0.42857142857142855,0.7704186483471317,True
FBgn0041717,False,0.0,0.8571428571428571,0.8400270095707827,True
FBgn0041718,False,0.0,0.5714285714285714,0.8914675200125262,True
FBgn0041719,False,0.0,,0.9732742254320552,True
FBgn0041720,False,0.0,,0.9732742254320552,True
FBgn0041721,False,0.0,0.8571428571428571,0.8750318047482043,True
FBgn0041723,False,0.0,0.7142857142857143,0.8117158906308104,True
FBgn0041775,False,0.0,0.8571428571428571,0.9138923140156185,True
FBgn0041780,False,0.0,1.0,0.9689830309435735,True
FBgn0041781,False,0.0,1.0,0.9612862818781438,True
FBgn0041789,False,0.0,1.0,0.961472217329184,True
FBgn0042083,False,0.0,1.0,0.9766602078562622,True
FBgn0042085,False,0.0,1.0,0.9515687080421975,True
FBgn0042086,False,0.0,,0.9732742254320552,True
FBgn0042092,False,0.0,0.7142857142857143,0.8540993873916192,True
FBgn0042094,False,0.0,1.0,0.9984537999334547,True
FBgn0042098,False,0.0,,0.9732742254320552,True
FBgn0042101,False,0.0,0.8571428571428571,0.9458829976709138,True
FBgn0042102,False,0.0,1.0,0.9976709138238115,True
FBgn0042103,False,0.0,,0.9732742254320552,True
FBgn0042104,False,0.0,1.0,0.9924549351183136,True
FBgn0042105,False,0.0,1.0,0.9334204294130312,True
FBgn0042106,False,0.0,1.0,0.9970054606306148,True
FBgn0042110,False,0.0,1.0,0.9523026637699881,True
FBgn0042111,False,0.0,1.0,0.9637523731235198,True
FBgn0042112,False,0.0,1.0,0.9429276026070107,True
FBgn0042118,False,0.0,,0.9732742254320552,True
FBgn0042119,False,0.0,0.8571428571428571,0.9801636231969154,True
FBgn0042125,False,0.0,1.0,0.9231793004912611,True
FBgn0042126,False,0.0,0.8571428571428571,0.9062787465993385,True
FBgn0042127,False,0.0,0.7142857142857143,0.8059910359540445,True
FBgn0042129,False,0.0,0.8571428571428571,0.9801636231969154,True
FBgn0042131,False,0.0,0.7142857142857143,0.8554694380834948,True
FBgn0042132,False,0.0,0.7142857142857143,0.8388331082535768,True
FBgn0042133,False,0.0,1.0,0.9492494079423796,True
FBgn0042134,False,0.0,1.0,0.9478304268686513,True
FBgn0042135,False,0.0,0.5714285714285714,0.890738457322921,True
FBgn0042137,False,0.0,0.8571428571428571,0.897534887362261,True
FBgn0042138,False,0.0,1.0,0.9554929246667841,True
FBgn0042146,False,0.0,,0.9732742254320552,True
FBgn0042173,False,0.0,0.42857142857142855,0.8431291957802438,True
FBgn0042174,False,0.0,0.8571428571428571,0.8716360362476269,True
FBgn0042175,False,0.0,1.0,0.9327892274871313,True
FBgn0042177,False,0.0,1.0,0.9321531325230462,True
FBgn0042178,False,0.0,0.5714285714285714,0.6737126416534553,True
FBgn0042179,False,0.0,1.0,0.9582036678214236,True
FBgn0042180,False,0.0,0.8571428571428571,0.9039105161176678,True
FBgn0042182,False,0.0,,0.9732742254320552,True
FBgn0042185,False,0.0,1.0,0.962088740140528,True
FBgn0042186,False,0.0,0.8571428571428571,0.9585461804943926,True
FBgn0042187,False,0.0,,0.9732742254320552,True
FBgn0042189,False,0.0,0.8571428571428571,0.9585461804943926,True
FBgn0042198,False,0.0,0.8571428571428571,0.9445863425518173,True
FBgn0042199,False,0.0,,0.9732742254320552,True
FBgn0042201,False,0.0,,0.9732742254320552,True
FBgn0042205,False,0.0,0.7142857142857143,0.8020570332530875,True
FBgn0042206,False,0.0,0.5714285714285714,0.7320376568218738,True
FBgn0042207,False,0.0,1.0,0.9626759047227604,True
FBgn0042213,False,0.0,1.0,0.9343549997064177,True
FBgn0042627,False,0.0,1.0,0.9766504217798916,True
FBgn0042630,False,0.0,0.42857142857142855,0.7904262814867007,True
FBgn0042641,False,0.0,,0.9732742254320552,True
FBgn0042650,False,0.0,0.7142857142857143,0.8353492650656645,True
FBgn0042693,False,0.0,0.8571428571428571,0.9258215411113069,True
FBgn0042696,False,0.0,1.0,0.9763470534124048,True
FBgn0042701,False,0.0,0.8571428571428571,0.8539134519405789,True
FBgn0042710,False,0.0,0.8571428571428571,0.8768911592586068,True
FBgn0042711,False,0.0,1.0,0.9598673008044155,True
FBgn0042712,False,0.0,1.0,0.9694380834948035,True
FBgn0043001,False,0.0,1.0,0.9885307184937271,True
FBgn0043002,False,0.0,,0.9732742254320552,True
FBgn0043005,False,0.0,0.5714285714285714,0.8411181570860979,True
FBgn0043010,False,0.0,1.0,0.9655236529465876,True
FBgn0043012,False,0.0,0.5714285714285714,0.8000411015207562,True
FBgn0043021,False,0.0,,0.9732742254320552,True
FBgn0043022,False,0.0,0.8571428571428571,0.9445863425518173,True
FBgn0043025,False,0.0,0.7142857142857143,0.8041708257491241,True
FBgn0043043,False,0.0,1.0,0.9531736245669661,True
FBgn0043069,False,0.0,1.0,0.953080656841446,True
FBgn0043070,False,0.0,1.0,0.978196621846437,True
FBgn0043362,False,0.0,1.0,0.9890591666177363,True
FBgn0043364,False,0.0,1.0,0.9992268999667273,True
FBgn0043455,False,0.0,1.0,0.9701720392225941,True
FBgn0043456,False,0.0,1.0,0.9532127688724483,True
FBgn0043457,False,0.0,1.0,0.9193138003248977,True
FBgn0043458,False,0.0,1.0,0.9176305951891649,True
FBgn0043470,False,0.0,,0.9732742254320552,True
FBgn0043471,False,0.0,,0.9732742254320552,True
FBgn0043530,False,0.0,,0.9732742254320552,True
FBgn0043532,False,0.0,,0.9732742254320552,True
FBgn0043533,False,0.0,,0.9732742254320552,True
FBgn0043534,False,0.0,,0.9732742254320552,True
FBgn0043535,False,0.0,,0.9732742254320552,True
FBgn0043536,False,0.0,,0.9732742254320552,True
FBgn0043539,False,0.0,0.5714285714285714,0.9076732624821404,True
FBgn0043550,False,0.0,1.0,0.9975828391364766,True
FBgn0043575,False,0.0,1.0,0.988129489362535,True
FBgn0043576,False,0.0,,0.9732742254320552,True
FBgn0043577,False,0.0,0.8571428571428571,0.9710283209050163,True
FBgn0043578,False,0.0,1.0,0.9160452508171374,True
FBgn0043783,False,0.0,1.0,0.9471160432936019,True
FBgn0043791,False,0.0,0.7142857142857143,0.8224218581801812,True
FBgn0043792,False,0.0,1.0,0.9606501869140587,True
FBgn0043796,False,0.0,1.0,0.942497015246707,True
FBgn0043799,False,0.0,0.7142857142857143,0.899947155187599,True
FBgn0043806,False,0.0,1.0,0.9813379523613802,True
FBgn0043825,False,0.0,0.8571428571428571,0.9650881725480985,True
FBgn0043841,False,0.0,1.0,0.9978959935803339,True
FBgn0043853,False,0.0,1.0,0.9621180983696397,True
FBgn0043854,False,0.0,1.0,0.9399722075431076,True
FBgn0043865,False,0.0,1.0,0.9790577965670444,True
FBgn0043884,False,0.0,0.7142857142857143,0.8637093143874894,True
FBgn0043900,False,0.0,0.7142857142857143,0.8725167831209755,True
FBgn0043903,False,0.0,1.0,0.9676178732898831,True
FBgn0043904,False,0.0,1.0,0.9833734562464526,True
FBgn0044011,False,0.0,0.8571428571428571,0.9801636231969154,True
FBgn0044020,False,0.0,1.0,0.9928170199440236,True
FBgn0044028,False,0.0,0.7142857142857143,0.8756874718650304,True
FBgn0044030,False,0.0,1.0,0.948261014228955,True
FBgn0044046,False,0.0,0.8571428571428571,0.9585461804943926,True
FBgn0044047,False,0.0,1.0,0.9982580784060439,True
FBgn0044048,False,0.0,0.8571428571428571,0.9585461804943926,True
FBgn0044049,False,0.0,1.0,0.9577975456520462,True
FBgn0044050,False,0.0,0.8571428571428571,0.9585461804943926,True
FBgn0044051,False,0.0,0.8571428571428571,0.9473460160883096,True
FBgn0044323,False,0.0,0.8571428571428571,0.8786232947761925,True
FBgn0044324,False,0.0,1.0,0.9525179574501399,True
FBgn0044328,False,0.0,,0.9732742254320552,True
FBgn0044419,False,0.0,,0.9732742254320552,True
FBgn0044452,False,0.0,1.0,0.9868768715871059,True
FBgn0044508,False,0.0,1.0,0.9363220010568962,True
FBgn0044510,False,0.0,0.42857142857142855,0.6743683087702816,True
FBgn0044511,False,0.0,1.0,0.9195780243869023,True
FBgn0044809,False,0.0,,0.9732742254320552,True
FBgn0044810,False,0.0,,0.9732742254320552,True
FBgn0044811,False,0.0,,0.9732742254320552,True
FBgn0044812,False,0.0,0.8571428571428571,0.9710283209050163,True
FBgn0044817,False,0.0,,0.9732742254320552,True
FBgn0044823,False,0.0,1.0,0.9372321061593565,True
FBgn0044826,False,0.0,0.7142857142857143,0.9020805198363768,True
FBgn0044871,False,0.0,0.8571428571428571,0.8930969017282211,True
FBgn0044872,False,0.0,1.0,0.9405691582017106,True
FBgn0045035,False,0.0,0.8571428571428571,0.8771455972442409,True
FBgn0045038,False,0.0,0.7142857142857143,0.8443328831738203,True
FBgn0045063,False,0.0,0.7142857142857143,0.9078445188186248,True
FBgn0045064,False,0.0,1.0,0.9604251071575363,True
FBgn0045073,False,0.0,0.8571428571428571,0.9149883545691191,True
FBgn0045202,False,0.0,0.8571428571428571,0.9212905877517468,True
FBgn0045442,False,0.0,,0.9732742254320552,True
FBgn0045443,False,0.0,0.8571428571428571,0.8978137905388214,True
FBgn0045468,False,0.0,0.7142857142857143,0.805217935920772,True
FBgn0045469,False,0.0,0.7142857142857143,0.7628050809308515,True
FBgn0045470,False,0.0,1.0,0.9336014718258862,True
FBgn0045471,False,0.0,,0.9732742254320552,True
FBgn0045473,False,0.0,1.0,0.958154737439571,True
FBgn0045474,False,0.0,1.0,0.9390523163642769,True
FBgn0045476,False,0.0,,0.9732742254320552,True
FBgn0045477,False,0.0,0.8571428571428571,0.9650881725480985,True
FBgn0045478,False,0.0,0.42857142857142855,0.8399682931125594,True
FBgn0045479,False,0.0,0.5714285714285714,0.8893537275164896,True
FBgn0045482,False,0.0,,0.9732742254320552,True
FBgn0045483,False,0.0,,0.9732742254320552,True
FBgn0045485,False,0.0,,0.9732742254320552,True
FBgn0045486,False,0.0,,0.9732742254320552,True
FBgn0045487,False,0.0,,0.9732742254320552,True
FBgn0045495,False,0.0,0.8571428571428571,0.8626622042158417,True
FBgn0045497,False,0.0,,0.9732742254320552,True
FBgn0045498,False,0.0,0.8571428571428571,0.9650881725480985,True
FBgn0045499,False,0.0,,0.9732742254320552,True
FBgn0045500,False,0.0,,0.9732742254320552,True
FBgn0045501,False,0.0,,0.9732742254320552,True
FBgn0045502,False,0.0,0.8571428571428571,0.9092683929305384,True
FBgn0045759,False,0.0,1.0,0.9543430606932456,True
FBgn0045761,False,0.0,0.8571428571428571,0.8701485526393048,True
FBgn0045770,False,0.0,1.0,0.9550721233828509,True
FBgn0045800,False,0.0,0.8571428571428571,0.8466032528917855,True
FBgn0045823,False,0.0,1.0,0.9361849959877087,True
FBgn0045827,False,0.0,,0.9732742254320552,True
FBgn0045842,False,0.0,1.0,0.9797819662184644,True
FBgn0045843,False,0.0,0.8571428571428571,0.9650881725480985,True
FBgn0045852,False,0.0,1.0,0.9971816100052845,True
FBgn0045862,False,0.0,0.5714285714285714,0.798260035621318,True
FBgn0045866,False,0.0,1.0,0.984322705654395,True
FBgn0045980,False,0.0,1.0,0.9471943319045661,True
FBgn0046113,False,0.0,1.0,0.9311060223513984,True
FBgn0046114,False,0.0,1.0,0.9172782964398254,True
FBgn0046212,False,0.0,,0.9732742254320552,True
FBgn0046214,False,0.0,1.0,0.9742234748399976,True
FBgn0046222,False,0.0,1.0,0.9616385806274832,True
FBgn0046225,False,0.0,1.0,0.9904096451568708,True
FBgn0046247,False,0.0,1.0,0.9551797702229268,True
FBgn0046253,False,0.0,1.0,0.959368210909518,True
FBgn0046258,False,0.0,1.0,0.9991094670502808,True
FBgn0046272,False,0.0,0.42857142857142855,0.6333842209304601,True
FBgn0046294,False,0.0,0.8571428571428571,0.9650881725480985,True
FBgn0046296,False,0.0,1.0,0.9732840115084258,True
FBgn0046297,False,0.0,,0.9732742254320552,True
FBgn0046301,False,0.0,0.7142857142857143,0.9055154326424364,True
FBgn0046302,False,0.0,1.0,0.8981367310590491,True
FBgn0046322,False,0.0,1.0,0.9922004971326797,True
FBgn0046323,False,0.0,,0.9732742254320552,True
FBgn0046332,False,0.0,0.8571428571428571,0.892641849176991,True
FBgn0046685,False,0.0,1.0,0.9612275654199205,True
FBgn0046687,False,0.0,1.0,0.9892940324506292,True
FBgn0046689,False,0.0,1.0,0.9703481885972638,True
FBgn0046692,False,0.0,0.5714285714285714,0.6915624449533204,True
FBgn0046696,False,0.0,0.42857142857142855,0.8502926036834791,True
FBgn0046697,False,0.0,,0.9732742254320552,True
FBgn0046698,False,0.0,0.8571428571428571,0.9473460160883096,True
FBgn0046704,False,0.0,0.7142857142857143,0.8552443583269724,True
FBgn0046756,False,0.0,1.0,0.9780694028536199,True
FBgn0046763,False,0.0,1.0,0.9900769185602725,True
FBgn0046776,False,0.0,0.7142857142857143,0.8153563110406514,True
FBgn0046793,False,0.0,,0.9732742254320552,True
FBgn0046814,False,0.0,0.7142857142857143,0.8578523476797213,True
FBgn0046815,False,0.0,0.7142857142857143,0.8792104593584249,True
FBgn0046816,False,0.0,0.8571428571428571,0.9480310414342473,True
FBgn0046817,False,0.0,,0.9732742254320552,True
FBgn0046818,False,0.0,,0.9732742254320552,True
FBgn0046819,False,0.0,,0.9732742254320552,True
FBgn0046820,False,0.0,,0.9732742254320552,True
FBgn0046821,False,0.0,,0.9732742254320552,True
FBgn0046822,False,0.0,,0.9732742254320552,True
FBgn0046823,False,0.0,0.8571428571428571,0.9585461804943926,True
FBgn0046824,False,0.0,,0.9732742254320552,True
FBgn0046825,False,0.0,0.5714285714285714,0.7954710038557141,True
FBgn0046826,False,0.0,1.0,0.9692766132346897,True
FBgn0046827,False,0.0,0.8571428571428571,0.8948143581312509,True
FBgn0046828,False,0.0,,0.9732742254320552,True
FBgn0046829,False,0.0,,0.9732742254320552,True
FBgn0046830,False,0.0,0.42857142857142855,0.8441029103791126,True
FBgn0046831,False,0.0,0.8571428571428571,0.9473460160883096,True
FBgn0046832,False,0.0,0.8571428571428571,0.9465533439022958,True
FBgn0046833,False,0.0,,0.9732742254320552,True
FBgn0046834,False,0.0,,0.9732742254320552,True
FBgn0046873,False,0.0,,0.9732742254320552,True
FBgn0046874,False,0.0,,0.9732742254320552,True
FBgn0046875,False,0.0,0.8571428571428571,0.9585461804943926,True
FBgn0046876,False,0.0,0.8571428571428571,0.9650881725480985,True
FBgn0046878,False,0.0,0.5714285714285714,0.9041111306832639,True
FBgn0046879,False,0.0,,0.9732742254320552,True
FBgn0046880,False,0.0,,0.9732742254320552,True
FBgn0046885,False,0.0,,0.9732742254320552,True
FBgn0046886,False,0.0,,0.9732742254320552,True
FBgn0046887,False,0.0,0.8571428571428571,0.9465533439022958,True
FBgn0046888,False,0.0,,0.9732742254320552,True
FBgn0046999,False,0.0,0.8571428571428571,0.9069001624488677,True
FBgn0047000,False,0.0,0.5714285714285714,0.9041111306832639,True
FBgn0047038,False,0.0,0.5714285714285714,0.8238016949484274,True
FBgn0047092,False,0.0,1.0,0.9689145284089797,True
FBgn0047095,False,0.0,1.0,0.9844107803417298,True
FBgn0047114,False,0.0,0.5714285714285714,0.7324095277239544,True
FBgn0047133,False,0.0,0.8571428571428571,0.9156342356095747,True
FBgn0047135,False,0.0,0.8571428571428571,0.8662047638619772,True
FBgn0047178,False,0.0,0.8571428571428571,0.9037832971248507,True
FBgn0047199,False,0.0,0.8571428571428571,0.9650881725480985,True
FBgn0047205,False,0.0,1.0,0.9731470064392382,True
FBgn0047303,False,0.0,1.0,0.9548959740081812,True
FBgn0047330,False,0.0,0.5714285714285714,0.9194752705850117,True
FBgn0047334,False,0.0,0.5714285714285714,0.9194752705850117,True
FBgn0047338,False,0.0,1.0,0.9782406591901043,True
FBgn0047351,False,0.0,0.8571428571428571,0.9480310414342473,True
FBgn0050000,False,0.0,1.0,0.9698099543968841,True
FBgn0050001,False,0.0,0.8571428571428571,0.9011410565048049,True
FBgn0050005,False,0.0,0.8571428571428571,0.8948192511694362,True
FBgn0050007,False,0.0,0.8571428571428571,0.8874699078151606,True
FBgn0050008,False,0.0,1.0,0.976875501536414,True
FBgn0050009,False,0.0,1.0,0.9425850899340419,True
FBgn0050010,False,0.0,0.8571428571428571,0.8561838216585442,True
FBgn0050011,False,0.0,1.0,0.987023662732664,True
FBgn0050015,False,0.0,1.0,0.9518427181805726,True
FBgn0050016,False,0.0,0.7142857142857143,0.8580529622453174,True
FBgn0050018,False,0.0,,0.9732742254320552,True
FBgn0050020,False,0.0,0.7142857142857143,0.9112109290900906,True
FBgn0050021,False,0.0,1.0,0.9625682578826845,True
FBgn0050022,False,0.0,1.0,0.9244514904194312,True
FBgn0050025,False,0.0,,0.9732742254320552,True
FBgn0050026,False,0.0,,0.9732742254320552,True
FBgn0050029,False,0.0,,0.9732742254320552,True
FBgn0050031,False,0.0,,0.9732742254320552,True
FBgn0050033,False,0.0,1.0,0.9772278002857534,True
FBgn0050034,False,0.0,,0.9732742254320552,True
FBgn0050035,False,0.0,1.0,0.9951461061202121,True
FBgn0050036,False,0.0,0.5714285714285714,0.863175973225295,True
FBgn0050037,False,0.0,0.8571428571428571,0.9351868161979136,True
FBgn0050039,False,0.0,1.0,0.9667028751492377,True
FBgn0050042,False,0.0,0.8571428571428571,0.9445863425518173,True
FBgn0050043,False,0.0,1.0,0.9601804552482728,True
FBgn0050044,False,0.0,1.0,0.9950384592801362,True
FBgn0050045,False,0.0,0.8571428571428571,0.9480310414342473,True
FBgn0050046,False,0.0,1.0,0.986916015892588,True
FBgn0050047,False,0.0,0.8571428571428571,0.8799542011625858,True
FBgn0050048,False,0.0,0.8571428571428571,0.9710283209050163,True
FBgn0050049,False,0.0,1.0,0.9251952322235922,True
FBgn0050050,False,0.0,,0.9732742254320552,True
FBgn0050051,False,0.0,0.5714285714285714,0.6942242577261073,True
FBgn0050052,False,0.0,0.5714285714285714,0.8055408764409997,True
FBgn0050053,False,0.0,1.0,0.9655627972520697,True
FBgn0050054,False,0.0,0.5714285714285714,0.7223494412150393,True
FBgn0050055,False,0.0,1.0,0.981279235903157,True
FBgn0050056,False,0.0,1.0,0.9397128765192884,True
FBgn0050058,False,0.0,,0.9732742254320552,True
FBgn0050060,False,0.0,1.0,0.9624606110426086,True
FBgn0050062,False,0.0,0.5714285714285714,0.7302272326933239,True
FBgn0050065,False,0.0,1.0,0.9590354843129196,True
FBgn0050066,False,0.0,0.5714285714285714,0.844763470534124,True
FBgn0050067,False,0.0,,0.9732742254320552,True
FBgn0050069,False,0.0,1.0,0.9988452429882763,True
FBgn0050072,False,0.0,,0.9732742254320552,True
FBgn0050073,False,0.0,,0.9732742254320552,True
FBgn0050074,False,0.0,0.8571428571428571,0.9598428356134892,True
FBgn0050075,False,0.0,,0.9732742254320552,True
FBgn0050076,False,0.0,0.8571428571428571,0.8725706065410135,True
FBgn0050077,False,0.0,1.0,0.9501399408920987,True
FBgn0050080,False,0.0,,0.9732742254320552,True
FBgn0050081,False,0.0,1.0,0.9860939854774626,True
FBgn0050082,False,0.0,1.0,0.9520629048989099,True
FBgn0050083,False,0.0,1.0,0.9652838940755094,True
FBgn0050085,False,0.0,1.0,0.9929638110895818,True
FBgn0050087,False,0.0,1.0,0.9585853247998748,True
FBgn0050088,False,0.0,1.0,0.9978764214275928,True
FBgn0050089,False,0.0,0.8571428571428571,0.8705595678468675,True
FBgn0050090,False,0.0,1.0,0.9547981132444757,True
FBgn0050091,False,0.0,0.42857142857142855,0.8661558334801245,True
FBgn0050093,False,0.0,0.8571428571428571,0.8804043606756308,True
FBgn0050094,False,0.0,1.0,0.9470377546826375,True
FBgn0050095,False,0.0,0.7142857142857143,0.8186542187775233,True
FBgn0050096,False,0.0,0.7142857142857143,0.8209343745718591,True
FBgn0050098,False,0.0,,0.9732742254320552,True
FBgn0050099,False,0.0,1.0,0.9450022507975653,True
FBgn0050100,False,0.0,,0.9732742254320552,True
FBgn0050101,False,0.0,0.8571428571428571,0.9465533439022958,True
FBgn0050103,False,0.0,0.8571428571428571,0.9801636231969154,True
FBgn0050104,False,0.0,1.0,0.9944219364687922,True
FBgn0050105,False,0.0,0.7142857142857143,0.792877693617521,True
FBgn0050106,False,0.0,,0.9732742254320552,True
FBgn0050108,False,0.0,,0.9732742254320552,True
FBgn0050109,False,0.0,0.7142857142857143,0.8240463468576908,True
FBgn0050110,False,0.0,0.8571428571428571,0.9801636231969154,True
FBgn0050114,False,0.0,,0.9732742254320552,True
FBgn0050115,False,0.0,1.0,0.972236901336778,True
FBgn0050118,False,0.0,0.7142857142857143,0.8878026344117589,True
FBgn0050120,False,0.0,,0.9732742254320552,True
FBgn0050121,False,0.0,,0.9732742254320552,True
FBgn0050122,False,0.0,0.8571428571428571,0.9283463488149062,True
FBgn0050125,False,0.0,,0.9732742254320552,True
FBgn0050126,False,0.0,0.8571428571428571,0.9546806803280293,True
FBgn0050127,False,0.0,1.0,0.9644863288513104,True
FBgn0050145,False,0.0,0.8571428571428571,0.9585461804943926,True
FBgn0050147,False,0.0,1.0,0.9994128354177676,True
FBgn0050148,False,0.0,1.0,0.9957234846260741,True
FBgn0050151,False,0.0,,0.9732742254320552,True
FBgn0050154,False,0.0,0.8571428571428571,0.9585461804943926,True
FBgn0050155,False,0.0,,0.9732742254320552,True
FBgn0050156,False,0.0,0.5714285714285714,0.8307791674006224,True
FBgn0050157,False,0.0,0.7142857142857143,0.8442839527919676,True
FBgn0050158,False,0.0,0.8571428571428571,0.9480310414342473,True
FBgn0050159,False,0.0,1.0,0.9538195056074218,True
FBgn0050160,False,0.0,,0.9732742254320552,True
FBgn0050161,False,0.0,1.0,0.945922141976396,True
FBgn0050163,False,0.0,1.0,0.9541815904331318,True
FBgn0050169,False,0.0,1.0,0.9307145792965769,True
FBgn0050172,False,0.0,0.42857142857142855,0.8242714266142133,True
FBgn0050177,False,0.0,0.5714285714285714,0.9194752705850117,True
FBgn0050178,False,0.0,0.5714285714285714,0.8252891785567494,True
FBgn0050181,False,0.0,0.42857142857142855,0.7741667155970484,True
FBgn0050183,False,0.0,1.0,0.9643395377057522,True
FBgn0050184,False,0.0,1.0,0.9552091284520384,True
FBgn0050185,False,0.0,1.0,0.9963302213610475,True
FBgn0050187,False,0.0,0.8571428571428571,0.8803162859882958,True
FBgn0050192,False,0.0,,0.9732742254320552,True
FBgn0050194,False,0.0,0.8571428571428571,0.8842209304601413,True
FBgn0050195,False,0.0,0.5714285714285714,0.9194752705850117,True
FBgn0050196,False,0.0,1.0,0.9226019219853991,True
FBgn0050197,False,0.0,1.0,0.9564911044565791,True
FBgn0050198,False,0.0,,0.9732742254320552,True
FBgn0050199,False,0.0,,0.9732742254320552,True
FBgn0050200,False,0.0,,0.9732742254320552,True
FBgn0050201,False,0.0,,0.9732742254320552,True
FBgn0050202,False,0.0,,0.9732742254320552,True
FBgn0050203,False,0.0,1.0,0.9215548118137514,True
FBgn0050206,False,0.0,,0.9732742254320552,True
FBgn0050208,False,0.0,,0.9732742254320552,True
FBgn0050209,False,0.0,,0.9732742254320552,True
FBgn0050211,False,0.0,,0.9732742254320552,True
FBgn0050212,False,0.0,,0.9732742254320552,True
FBgn0050215,False,0.0,,0.9732742254320552,True
FBgn0050217,False,0.0,1.0,0.9545436752588418,True
FBgn0050218,False,0.0,,0.9732742254320552,True
FBgn0050220,False,0.0,,0.9732742254320552,True
FBgn0050222,False,0.0,,0.9732742254320552,True
FBgn0050223,False,0.0,,0.9732742254320552,True
FBgn0050225,False,0.0,0.8571428571428571,0.9458878907090991,True
FBgn0050227,False,0.0,,0.9732742254320552,True
FBgn0050229,False,0.0,,0.9732742254320552,True
FBgn0050231,False,0.0,,0.9732742254320552,True
FBgn0050232,False,0.0,0.8571428571428571,0.9801636231969154,True
FBgn0050234,False,0.0,,0.9732742254320552,True
FBgn0050235,False,0.0,,0.9732742254320552,True
FBgn0050237,False,0.0,1.0,0.9596862583915605,True
FBgn0050238,False,0.0,0.8571428571428571,0.9480310414342473,True
FBgn0050239,False,0.0,0.5714285714285714,0.8043567612001644,True
FBgn0050240,False,0.0,0.7142857142857143,0.8980731215626407,True
FBgn0050241,False,0.0,,0.9732742254320552,True
FBgn0050249,False,0.0,,0.9732742254320552,True
FBgn0050250,False,0.0,,0.9732742254320552,True
FBgn0050251,False,0.0,,0.9732742254320552,True
FBgn0050254,False,0.0,0.8571428571428571,0.9585461804943926,True
FBgn0050257,False,0.0,,0.9732742254320552,True
FBgn0050259,False,0.0,0.8571428571428571,0.8958467891883428,True
FBgn0050260,False,0.0,0.8571428571428571,0.9480310414342473,True
FBgn0050263,False,0.0,1.0,0.9674515099915839,True
FBgn0050265,False,0.0,,0.9732742254320552,True
FBgn0050268,False,0.0,1.0,0.9596862583915605,True
FBgn0050269,False,0.0,1.0,0.9973088289981015,True
FBgn0050271,False,0.0,1.0,0.935592938367291,True
FBgn0050272,False,0.0,0.8571428571428571,0.9650881725480985,True
FBgn0050273,False,0.0,1.0,0.996085569451784,True
FBgn0050274,False,0.0,,0.9732742254320552,True
FBgn0050275,False,0.0,0.8571428571428571,0.9650881725480985,True
FBgn0050277,False,0.0,0.8571428571428571,0.9650881725480985,True
FBgn0050278,False,0.0,,0.9732742254320552,True
FBgn0050279,False,0.0,1.0,0.9728925684536042,True
FBgn0050280,False,0.0,1.0,0.9688802771416828,True
FBgn0050281,False,0.0,1.0,0.9636838705889261,True
FBgn0050284,False,0.0,0.7142857142857143,0.840447810854716,True
FBgn0050285,False,0.0,1.0,0.9660129567651146,True
FBgn0050286,False,0.0,1.0,0.9650637073571722,True
FBgn0050287,False,0.0,0.7142857142857143,0.8284794394535455,True
FBgn0050288,False,0.0,0.8571428571428571,0.9020951989509326,True
FBgn0050289,False,0.0,0.8571428571428571,0.9101784980329987,True
FBgn0050290,False,0.0,,0.9732742254320552,True
FBgn0050291,False,0.0,0.8571428571428571,0.8864717280253656,True
FBgn0050293,False,0.0,0.8571428571428571,0.8981807684027167,True
FBgn0050295,False,0.0,0.7142857142857143,0.8745327148533066,True
FBgn0050296,False,0.0,0.7142857142857143,0.8771358111678703,True
FBgn0050297,False,0.0,0.8571428571428571,0.9346436889593487,True
FBgn0050298,False,0.0,,0.9732742254320552,True
FBgn0050299,False,0.0,,0.9732742254320552,True
FBgn0050316,False,0.0,,0.9732742254320552,True
FBgn0050321,False,0.0,1.0,0.9233554498659308,True
FBgn0050323,False,0.0,1.0,0.9727359912316755,True
FBgn0050324,False,0.0,1.0,0.9747763881549332,True
FBgn0050325,False,0.0,,0.9732742254320552,True
FBgn0050326,False,0.0,0.8571428571428571,0.871910046386002,True
FBgn0050333,False,0.0,,0.9732742254320552,True
FBgn0050334,False,0.0,1.0,0.9424089405593722,True
FBgn0050338,False,0.0,0.5714285714285714,0.8129000058716458,True
FBgn0050339,False,0.0,1.0,0.9832462372536355,True
FBgn0050340,False,0.0,0.8571428571428571,0.8895543420820856,True
FBgn0050342,False,0.0,1.0,0.9620104515295638,True
FBgn0050343,False,0.0,1.0,0.9780987610827315,True
FBgn0050344,False,0.0,1.0,0.9925234376529074,True
FBgn0050345,False,0.0,1.0,0.9844988550290646,True
FBgn0050349,False,0.0,1.0,0.9821012663182823,True
FBgn0050350,False,0.0,,0.9732742254320552,True
FBgn0050354,False,0.0,0.7142857142857143,0.876803084571272,True
FBgn0050355,False,0.0,0.8571428571428571,0.8993306323762551,True
FBgn0050356,False,0.0,0.7142857142857143,0.8237331924138336,True
FBgn0050357,False,0.0,0.7142857142857143,0.8314544066701897,True
FBgn0050359,False,0.0,1.0,0.9985223024680485,True
FBgn0050360,False,0.0,1.0,0.967725520129959,True
FBgn0050361,False,0.0,1.0,0.9563638854637622,True
FBgn0050362,False,0.0,1.0,0.9585853247998747,True
FBgn0050363,False,0.0,,0.9732742254320552,True
FBgn0050364,False,0.0,1.0,0.9463820875658114,True
FBgn0050365,False,0.0,0.8571428571428571,0.9013563501849569,True
FBgn0050366,False,0.0,,0.9732742254320552,True
FBgn0050369,False,0.0,,0.9732742254320552,True
FBgn0050371,False,0.0,,0.9732742254320552,True
FBgn0050372,False,0.0,1.0,0.9755641673027616,True
FBgn0050373,False,0.0,0.42857142857142855,0.8116767463253283,True
FBgn0050374,False,0.0,0.8571428571428571,0.8708629362143543,True
FBgn0050375,False,0.0,,0.9732742254320552,True
FBgn0050376,False,0.0,,0.9732742254320552,True
FBgn0050377,False,0.0,0.8571428571428571,0.8468870491065312,True
FBgn0050378,False,0.0,0.5714285714285714,0.8780752744994422,True
FBgn0050379,False,0.0,0.8571428571428571,0.9445863425518173,True
FBgn0050380,False,0.0,0.8571428571428571,0.9585461804943926,True
FBgn0050381,False,0.0,1.0,0.9399819936194782,True
FBgn0050382,False,0.0,0.8571428571428571,0.9473460160883096,True
FBgn0050383,False,0.0,1.0,0.967451509991584,True
FBgn0050384,False,0.0,0.8571428571428571,0.9801636231969154,True
FBgn0050385,False,0.0,,0.9732742254320552,True
FBgn0050389,False,0.0,1.0,0.9739690368543636,True
FBgn0050390,False,0.0,0.7142857142857143,0.8181257706535142,True
FBgn0050391,False,0.0,1.0,0.9514708472784922,True
FBgn0050392,False,0.0,0.7142857142857143,0.8438533654316638,True
FBgn0050393,False,0.0,0.42857142857142855,0.8493237821227957,True
FBgn0050394,False,0.0,0.8571428571428571,0.8953281271407042,True
FBgn0050395,False,0.0,,0.9732742254320552,True
FBgn0050398,False,0.0,0.7142857142857143,0.7995811559313409,True
FBgn0050401,False,0.0,0.8571428571428571,0.9710283209050163,True
FBgn0050403,False,0.0,1.0,0.9871704538782221,True
FBgn0050404,False,0.0,0.7142857142857143,0.8677118196230403,True
FBgn0050406,False,0.0,,0.9732742254320552,True
FBgn0050407,False,0.0,,0.9732742254320552,True
FBgn0050409,False,0.0,1.0,0.9269762981230305,True
FBgn0050410,False,0.0,1.0,0.9622355312860862,True
FBgn0050411,False,0.0,,0.9732742254320552,True
FBgn0050412,False,0.0,,0.9732742254320552,True
FBgn0050413,False,0.0,0.42857142857142855,0.7776799170140724,True
FBgn0050414,False,0.0,1.0,0.9874346779402267,True
FBgn0050416,False,0.0,0.8571428571428571,0.9801636231969154,True
FBgn0050417,False,0.0,0.8571428571428571,0.9801636231969154,True
FBgn0050418,False,0.0,0.5714285714285714,0.775370402990625,True
FBgn0050419,False,0.0,0.8571428571428571,0.9351868161979136,True
FBgn0050420,False,0.0,1.0,0.9741158279999217,True
FBgn0050421,False,0.0,1.0,0.9730491456755328,True
FBgn0050423,False,0.0,1.0,0.9398352024739202,True
FBgn0050424,False,0.0,1.0,0.9822284853110994,True
FBgn0050428,False,0.0,0.8571428571428571,0.8441175894936683,True
FBgn0050429,False,0.0,,0.9732742254320552,True
FBgn0050430,False,0.0,,0.9732742254320552,True
FBgn0050431,False,0.0,0.7142857142857143,0.8843334703384026,True
FBgn0050432,False,0.0,1.0,0.9609535552815455,True
FBgn0050438,False,0.0,0.8571428571428571,0.9062591744465974,True
FBgn0050440,False,0.0,0.7142857142857143,0.8028692775918422,True
FBgn0050441,False,0.0,0.42857142857142855,0.8666255651459104,True
FBgn0050443,False,0.0,1.0,0.9540543714403148,True
FBgn0050446,False,0.0,1.0,0.98006576243321,True
FBgn0050447,False,0.0,,0.9732742254320552,True
FBgn0050449,False,0.0,0.8571428571428571,0.9801636231969154,True
FBgn0050452,False,0.0,0.8571428571428571,0.9801636231969154,True
FBgn0050454,False,0.0,,0.9732742254320552,True
FBgn0050456,False,0.0,1.0,0.9658368073904449,True
FBgn0050457,False,0.0,,0.9732742254320552,True
FBgn0050458,False,0.0,0.8571428571428571,0.9480310414342473,True
FBgn0050459,False,0.0,0.8571428571428571,0.868465347503572,True
FBgn0050460,False,0.0,1.0,0.9381128530327051,True
FBgn0050461,False,0.0,,0.9732742254320552,True
FBgn0050462,False,0.0,,0.9732742254320552,True
FBgn0050463,False,0.0,1.0,0.999872781007183,True
FBgn0050464,False,0.0,,0.9732742254320552,True
FBgn0050466,False,0.0,0.42857142857142855,0.6662262932299924,True
FBgn0050467,False,0.0,1.0,0.9500812244338754,True
FBgn0050468,False,0.0,1.0,0.9641291370637857,True
FBgn0050469,False,0.0,0.8571428571428571,0.9445863425518173,True
FBgn0050470,False,0.0,0.8571428571428571,0.9473460160883096,True
FBgn0050471,False,0.0,,0.9732742254320552,True
FBgn0050472,False,0.0,1.0,0.9700594993443329,True
FBgn0050476,False,0.0,0.7142857142857143,0.790176736539252,True
FBgn0050479,False,0.0,0.8571428571428571,0.9650881725480985,True
FBgn0050480,False,0.0,,0.9732742254320552,True
FBgn0050481,False,0.0,,0.9732742254320552,True
FBgn0050482,False,0.0,0.7142857142857143,0.8420037969976317,True
FBgn0050484,False,0.0,1.0,0.9781183332354726,True
FBgn0050485,False,0.0,1.0,0.9586244691053569,True
FBgn0050486,False,0.0,1.0,0.9508396453525924,True
FBgn0050487,False,0.0,0.5714285714285714,0.8472393478558706,True
FBgn0050488,False,0.0,0.8571428571428571,0.9051190965494295,True
FBgn0050489,False,0.0,0.7142857142857143,0.7707415888673594,True
FBgn0050490,False,0.0,1.0,0.955708218346936,True
FBgn0050491,False,0.0,1.0,0.9577535083083788,True
FBgn0050492,False,0.0,0.8571428571428571,0.9183743369933259,True
FBgn0050493,False,0.0,1.0,0.9382302859491516,True
FBgn0050495,False,0.0,1.0,0.9788033585814103,True
FBgn0050496,False,0.0,1.0,0.9824829232967334,True
FBgn0050497,False,0.0,0.8571428571428571,0.8609300686982562,True
FBgn0050499,False,0.0,1.0,0.9819740473254653,True
FBgn0050502,False,0.0,1.0,0.9816021764233848,True
FBgn0050503,False,0.0,,0.9732742254320552,True
FBgn0050505,False,0.0,0.42857142857142855,0.8650597929266239,True
FBgn0050506,False,0.0,,0.9732742254320552,True
FBgn0050509,False,0.0,0.5714285714285714,0.8749828743663516,True
FBgn0051002,False,0.0,0.42857142857142855,0.8052424011116983,True
FBgn0051004,False,0.0,0.8571428571428571,0.8626915624449534,True
FBgn0051005,False,0.0,1.0,0.996212788444601,True
FBgn0051007,False,0.0,0.8571428571428571,0.9650881725480985,True
FBgn0051008,False,0.0,,0.9732742254320552,True
FBgn0051010,False,0.0,0.8571428571428571,0.9598428356134892,True
FBgn0051013,False,0.0,0.8571428571428571,0.9689585657526472,True
FBgn0051014,False,0.0,,0.9732742254320552,True
FBgn0051015,False,0.0,1.0,0.9577045779265261,True
FBgn0051016,False,0.0,1.0,0.9473411230501243,True
FBgn0051017,False,0.0,1.0,0.9030297692443192,True
FBgn0051019,False,0.0,1.0,0.9944317225451628,True
FBgn0051021,False,0.0,1.0,0.9483784471454015,True
FBgn0051023,False,0.0,,0.9732742254320552,True
FBgn0051025,False,0.0,0.8571428571428571,0.8715675337130331,True
FBgn0051028,False,0.0,0.7142857142857143,0.8477286516743977,True
FBgn0051029,False,0.0,1.0,0.9562758107764273,True
FBgn0051030,False,0.0,1.0,0.9747861742313038,True
FBgn0051031,False,0.0,0.7142857142857143,0.8577104495723484,True
FBgn0051032,False,0.0,1.0,0.9438083494803593,True
FBgn0051036,False,0.0,0.7142857142857143,0.8329027459730296,True
FBgn0051038,False,0.0,1.0,0.9988550290646468,True
FBgn0051040,False,0.0,1.0,0.9707200594993444,True
FBgn0051041,False,0.0,1.0,0.9709353531794962,True
FBgn0051044,False,0.0,0.7142857142857143,0.713248390190437,True
FBgn0051048,False,0.0,0.5714285714285714,0.8709607969780596,True
FBgn0051050,False,0.0,,0.9732742254320552,True
FBgn0051051,False,0.0,1.0,0.9911631730374024,True
FBgn0051052,False,0.0,0.8571428571428571,0.9400211379249603,True
FBgn0051053,False,0.0,1.0,0.9439062102440647,True
FBgn0051054,False,0.0,,0.9732742254320552,True
FBgn0051055,False,0.0,1.0,0.9597939052316364,True
FBgn0051057,False,0.0,0.5714285714285714,0.849382498581019,True
FBgn0051058,False,0.0,0.8571428571428571,0.9465533439022958,True
FBgn0051063,False,0.0,1.0,0.9780987610827315,True
FBgn0051064,False,0.0,0.7142857142857143,0.8553422190906779,True
FBgn0051065,False,0.0,0.8571428571428571,0.8531012076018241,True
FBgn0051068,False,0.0,0.7142857142857143,0.882674730393596,True
FBgn0051070,False,0.0,,0.9732742254320552,True
FBgn0051071,False,0.0,,0.9732742254320552,True
FBgn0051072,False,0.0,0.8571428571428571,0.9534965650871939,True
FBgn0051075,False,0.0,1.0,0.9499833636701701,True
FBgn0051076,False,0.0,0.8571428571428571,0.9710283209050163,True
FBgn0051077,False,0.0,0.8571428571428571,0.9445863425518173,True
FBgn0051080,False,0.0,0.8571428571428571,0.9473460160883096,True
FBgn0051081,False,0.0,0.8571428571428571,0.9650881725480985,True
FBgn0051082,False,0.0,1.0,0.9973284011508425,True
FBgn0051084,False,0.0,,0.9732742254320552,True
FBgn0051086,False,0.0,,0.9732742254320552,True
FBgn0051087,False,0.0,1.0,0.96049360969213,True
FBgn0051088,False,0.0,0.8571428571428571,0.8854539760828294,True
FBgn0051089,False,0.0,0.8571428571428571,0.9801636231969154,True
FBgn0051091,False,0.0,1.0,0.9707053803847885,True
FBgn0051092,True,0.5714285714285714,1.0,0.9999217113890356,False
FBgn0051093,False,0.0,0.8571428571428571,0.9577094709647114,True
FBgn0051097,False,0.0,0.8571428571428571,0.9141271798485116,True
FBgn0051098,False,0.0,1.0,0.9975926252128472,True
FBgn0051099,False,0.0,,0.9732742254320552,True
FBgn0051100,False,0.0,1.0,0.960836122365099,True
FBgn0051102,False,0.0,0.8571428571428571,0.9064597890121935,True
FBgn0051103,False,0.0,0.8571428571428571,0.9445863425518173,True
FBgn0051104,False,0.0,0.8571428571428571,0.8607734914763274,True
FBgn0051105,False,0.0,0.7142857142857143,0.8914724130507115,True
FBgn0051106,False,0.0,1.0,0.9670600669367624,True
FBgn0051108,False,0.0,1.0,0.948133795236138,True
FBgn0051109,False,0.0,0.7142857142857143,0.8368367486739867,True
FBgn0051111,False,0.0,0.5714285714285714,0.7601628403108058,True
FBgn0051115,False,0.0,0.5714285714285714,0.8138492552795882,True
FBgn0051116,False,0.0,1.0,0.9974947644491418,True
FBgn0051118,False,0.0,1.0,0.9628814123265418,True
FBgn0051119,False,0.0,1.0,0.9851447360695204,True
FBgn0051120,False,0.0,1.0,0.9421936468792202,True
FBgn0051121,False,0.0,0.7142857142857143,0.855273716556084,True
FBgn0051122,False,0.0,1.0,0.9697610240150314,True
FBgn0051125,False,0.0,1.0,0.9989528898283522,True
FBgn0051126,False,0.0,0.5714285714285714,0.7079932671794571,True
FBgn0051128,False,0.0,0.8571428571428571,0.9480310414342473,True
FBgn0051130,False,0.0,0.8571428571428571,0.9470426477208228,True
FBgn0051131,False,0.0,,0.9732742254320552,True
FBgn0051133,False,0.0,1.0,0.9636251541307028,True
FBgn0051139,False,0.0,1.0,0.9612862818781438,True
FBgn0051140,False,0.0,1.0,0.956089875325387,True
FBgn0051141,False,0.0,0.7142857142857143,0.8968596480926937,True
FBgn0051143,False,0.0,,0.9732742254320552,True
FBgn0051145,False,0.0,0.8571428571428571,0.9045759693108645,True
FBgn0051146,False,0.0,0.8571428571428571,0.9473460160883096,True
FBgn0051148,False,0.0,1.0,0.9652838940755094,True
FBgn0051150,False,0.0,1.0,0.9902432818585716,True
FBgn0051151,False,0.0,0.7142857142857143,0.8650500068502535,True
FBgn0051155,False,0.0,1.0,0.9795373143092009,True
FBgn0051156,False,0.0,0.5714285714285714,0.8395866361341084,True
FBgn0051157,False,0.0,0.8571428571428571,0.9494598085843462,True
FBgn0051158,False,0.0,1.0,0.9421055721918854,True
FBgn0051159,False,0.0,0.7142857142857143,0.8445873211594543,True
FBgn0051161,False,0.0,1.0,0.9166519875521109,True
FBgn0051162,False,0.0,,0.9732742254320552,True
FBgn0051163,False,0.0,1.0,0.99891374552287,True
FBgn0051164,False,0.0,0.8571428571428571,0.9473460160883096,True
FBgn0051165,False,0.0,,0.9732742254320552,True
FBgn0051166,False,0.0,,0.9732742254320552,True
FBgn0051167,False,0.0,,0.9732742254320552,True
FBgn0051169,False,0.0,1.0,0.9088524846847905,True
FBgn0051174,False,0.0,0.7142857142857143,0.8192022390542736,True
FBgn0051176,False,0.0,0.8571428571428571,0.9094151840760966,True
FBgn0051183,False,0.0,1.0,0.920948075078778,True
FBgn0051184,False,0.0,1.0,0.9826003562131799,True
FBgn0051189,False,0.0,,0.9732742254320552,True
FBgn0051191,False,0.0,1.0,0.9838676531031648,True
FBgn0051195,False,0.0,1.0,0.9990898948975397,True
FBgn0051198,False,0.0,0.42857142857142855,0.8431291957802438,True
FBgn0051199,False,0.0,,0.9732742254320552,True
FBgn0051200,False,0.0,0.8571428571428571,0.9650881725480985,True
FBgn0051201,False,0.0,0.7142857142857143,0.7876715009883937,True
FBgn0051202,False,0.0,0.8571428571428571,0.8767443681130488,True
FBgn0051204,False,0.0,0.8571428571428571,0.9094151840760966,True
FBgn0051205,False,0.0,0.8571428571428571,0.9585461804943926,True
FBgn0051206,False,0.0,,0.9732742254320552,True
FBgn0051207,False,0.0,0.8571428571428571,0.9650881725480985,True
FBgn0051210,False,0.0,,0.9732742254320552,True
FBgn0051211,False,0.0,0.7142857142857143,0.8424539565106766,True
FBgn0051213,False,0.0,0.5714285714285714,0.8232438885953066,True
FBgn0051215,False,0.0,,0.9732742254320552,True
FBgn0051216,False,0.0,1.0,0.9873955336347445,True
FBgn0051217,False,0.0,1.0,0.9805942105572192,True
FBgn0051219,False,0.0,1.0,0.9462744407257354,True
FBgn0051220,False,0.0,1.0,0.967270467578729,True
FBgn0051221,False,0.0,1.0,0.9762394065723289,True
FBgn0051223,False,0.0,1.0,0.9477521382576869,True
FBgn0051224,False,0.0,0.8571428571428571,0.9227780713600688,True
FBgn0051225,False,0.0,0.8571428571428571,0.9650881725480985,True
FBgn0051226,False,0.0,0.8571428571428571,0.9801636231969154,True
FBgn0051228,False,0.0,,0.9732742254320552,True
FBgn0051229,False,0.0,1.0,0.9694380834948035,True
FBgn0051230,False,0.0,1.0,0.9505705282524025,True
FBgn0051231,False,0.0,1.0,0.922817215665551,True
FBgn0051232,False,0.0,1.0,0.9656117276339224,True
FBgn0051233,False,0.0,0.8571428571428571,0.9801636231969154,True
FBgn0051235,False,0.0,1.0,0.9534965650871939,True
FBgn0051242,False,0.0,,0.9732742254320552,True
FBgn0051244,False,0.0,1.0,0.9769929344528605,True
FBgn0051245,False,0.0,1.0,0.9500959035484313,True
FBgn0051246,False,0.0,1.0,0.9747861742313038,True
FBgn0051248,False,0.0,0.8571428571428571,0.8995263539036659,True
FBgn0051249,False,0.0,1.0,0.9693597948838393,True
FBgn0051251,False,0.0,1.0,0.9465973812459633,True
FBgn0051253,False,0.0,,0.9732742254320552,True
FBgn0051259,False,0.0,1.0,0.9773452332021999,True
FBgn0051262,False,0.0,1.0,0.9833538840937115,True
FBgn0051265,False,0.0,0.8571428571428571,0.9378339498561447,True
FBgn0051266,False,0.0,0.8571428571428571,0.9506830681306637,True
FBgn0051267,False,0.0,0.8571428571428571,0.911308789853796,True
FBgn0051268,False,0.0,0.8571428571428571,0.9650881725480985,True
FBgn0051269,False,0.0,0.8571428571428571,0.9577094709647114,True
FBgn0051272,False,0.0,0.8571428571428571,0.9113772923883898,True
FBgn0051274,False,0.0,1.0,0.9549449043900339,True
FBgn0051278,False,0.0,1.0,0.948857964887558,True
FBgn0051279,False,0.0,1.0,0.9304209970054607,True
FBgn0051281,False,0.0,1.0,0.9747861742313038,True
FBgn0051282,False,0.0,,0.9732742254320552,True
FBgn0051286,False,0.0,,0.9732742254320552,True
FBgn0051287,False,0.0,0.7142857142857143,0.8846906621259272,True
FBgn0051288,False,0.0,1.0,0.962088740140528,True
FBgn0051291,False,0.0,1.0,0.9177822793729082,True
FBgn0051292,False,0.0,,0.9732742254320552,True
FBgn0051294,False,0.0,0.42857142857142855,0.8972755563384417,True
FBgn0051296,False,0.0,1.0,0.953751003072828,True
FBgn0051300,False,0.0,1.0,0.961163955923512,True
FBgn0051301,False,0.0,0.5714285714285714,0.8583074002309514,True
FBgn0051302,False,0.0,0.8571428571428571,0.8629166422014758,True
FBgn0051304,False,0.0,1.0,0.9812303055213043,True
FBgn0051313,False,0.0,0.7142857142857143,0.85610553304758,True
FBgn0051314,False,0.0,1.0,0.9943338617814573,True
FBgn0051315,False,0.0,,0.9732742254320552,True
FBgn0051320,False,0.0,0.7142857142857143,0.8218249075215783,True
FBgn0051321,False,0.0,0.8571428571428571,0.8819114164366939,True
FBgn0051323,False,0.0,0.7142857142857143,0.9339341984224845,True
FBgn0051324,False,0.0,1.0,0.9873955336347445,True
FBgn0051326,False,0.0,1.0,0.9965650871939404,True
FBgn0051327,False,0.0,,0.9732742254320552,True
FBgn0051331,False,0.0,,0.9732742254320552,True
FBgn0051333,False,0.0,,0.9732742254320552,True
FBgn0051334,False,0.0,,0.9732742254320552,True
FBgn0051337,False,0.0,1.0,0.998297222711526,True
FBgn0051339,False,0.0,,0.9732742254320552,True
FBgn0051342,False,0.0,0.5714285714285714,0.8817450531383947,True
FBgn0051343,False,0.0,1.0,0.9741647583817744,True
FBgn0051344,False,0.0,0.8571428571428571,0.8904644471845459,True
FBgn0051345,False,0.0,,0.9732742254320552,True
FBgn0051347,False,0.0,0.7142857142857143,0.866292838549312,True
FBgn0051352,False,0.0,1.0,0.9898616248801205,True
FBgn0051353,False,0.0,0.8571428571428571,0.9358669485056661,True
FBgn0051354,False,0.0,1.0,0.891736637112716,True
FBgn0051356,False,0.0,,0.9732742254320552,True
FBgn0051357,False,0.0,1.0,0.9406474468126749,True
FBgn0051358,False,0.0,,0.9732742254320552,True
FBgn0051360,False,0.0,1.0,0.9588299767091383,True
FBgn0051361,False,0.0,1.0,0.9970152467069853,True
FBgn0051363,False,0.0,1.0,0.9982678644824144,True
FBgn0051365,False,0.0,0.7142857142857143,0.8950051866204763,True
FBgn0051367,False,0.0,1.0,0.9760143268158065,True
FBgn0051368,False,0.0,1.0,0.9730785039046445,True
FBgn0051370,False,0.0,1.0,0.9779421838608029,True
FBgn0051371,False,0.0,1.0,0.9428639931106022,True
FBgn0051373,False,0.0,0.8571428571428571,0.9650881725480985,True
FBgn0051374,False,0.0,1.0,0.9691347151273169,True
FBgn0051380,False,0.0,1.0,0.9759409312430274,True
FBgn0051382,False,0.0,,0.9732742254320552,True
FBgn0051383,False,0.0,,0.9732742254320552,True
FBgn0051386,False,0.0,,0.9732742254320552,True
FBgn0051388,False,0.0,0.42857142857142855,0.7590178693754526,True
FBgn0051389,False,0.0,1.0,0.9542892372732077,True
FBgn0051390,False,0.0,1.0,0.9598868729571566,True
FBgn0051391,False,0.0,1.0,0.9339146262697434,True
FBgn0051392,False,0.0,1.0,0.9736069520286537,True
FBgn0051404,False,0.0,0.5714285714285714,0.8767345820366782,True
FBgn0051406,False,0.0,0.7142857142857143,0.8835407981523887,True
FBgn0051407,False,0.0,0.8571428571428571,0.9494598085843462,True
FBgn0051410,False,0.0,0.5714285714285714,0.8680347601432682,True
FBgn0051413,False,0.0,,0.9732742254320552,True
FBgn0051414,False,0.0,1.0,0.9434169064255378,True
FBgn0051415,False,0.0,1.0,0.9885600767228387,True
FBgn0051416,False,0.0,0.8571428571428571,0.9453692286614604,True
FBgn0051418,False,0.0,,0.9732742254320552,True
FBgn0051419,False,0.0,,0.9732742254320552,True
FBgn0051423,False,0.0,,0.9732742254320552,True
FBgn0051424,False,0.0,,0.9732742254320552,True
FBgn0051427,False,0.0,1.0,0.9730980760573855,True
FBgn0051431,False,0.0,1.0,0.9986005910790128,True
FBgn0051432,False,0.0,,0.9732742254320552,True
FBgn0051436,False,0.0,1.0,0.9837061828430509,True
FBgn0051437,False,0.0,0.8571428571428571,0.9080304542696651,True
FBgn0051438,False,0.0,,0.9732742254320552,True
FBgn0051439,False,0.0,1.0,0.9327402971052786,True
FBgn0051441,False,0.0,1.0,0.9577632943847494,True
FBgn0051445,False,0.0,0.8571428571428571,0.8699626171882645,True
FBgn0051446,False,0.0,0.42857142857142855,0.7763587967040495,True
FBgn0051450,False,0.0,0.5714285714285714,0.8601276104358718,True
FBgn0051453,False,0.0,1.0,0.994147926330417,True
FBgn0051454,False,0.0,0.7142857142857143,0.8093965905309926,True
FBgn0051457,False,0.0,1.0,0.9503063041903979,True
FBgn0051459,False,0.0,,0.9732742254320552,True
FBgn0051460,False,0.0,1.0,0.9930714579296577,True
FBgn0051461,False,0.0,0.8571428571428571,0.9480310414342473,True
FBgn0051462,False,0.0,1.0,0.9990116062865755,True
FBgn0051463,False,0.0,0.5714285714285714,0.9041111306832639,True
FBgn0051464,False,0.0,1.0,0.9596177558569667,True
FBgn0051465,False,0.0,1.0,0.9835593916974928,True
FBgn0051467,False,0.0,1.0,0.969027068287241,True
FBgn0051469,False,0.0,0.8571428571428571,0.8804728632102246,True
FBgn0051471,False,0.0,,0.9732742254320552,True
FBgn0051472,False,0.0,1.0,0.9877576184604545,True
FBgn0051473,False,0.0,0.8571428571428571,0.861634666196935,True
FBgn0051475,False,0.0,1.0,0.9597254026970427,True
FBgn0051477,False,0.0,1.0,0.9966923061867574,True
FBgn0051480,False,0.0,,0.9732742254320552,True
FBgn0051481,False,0.0,0.8571428571428571,0.9271377683831444,True
FBgn0051482,False,0.0,,0.9732742254320552,True
FBgn0051485,False,0.0,,0.9732742254320552,True
FBgn0051491,False,0.0,,0.9732742254320552,True
FBgn0051493,False,0.0,1.0,0.9574012095590394,True
FBgn0051494,False,0.0,0.8571428571428571,0.9650881725480985,True
FBgn0051495,False,0.0,1.0,0.9859961247137573,True
FBgn0051496,False,0.0,,0.9732742254320552,True
FBgn0051497,False,0.0,,0.9732742254320552,True
FBgn0051498,False,0.0,,0.9732742254320552,True
FBgn0051501,False,0.0,,0.9732742254320552,True
FBgn0051506,False,0.0,0.8571428571428571,0.9351868161979136,True
FBgn0051510,False,0.0,0.7142857142857143,0.8097293171275908,True
FBgn0051515,False,0.0,,0.9732742254320552,True
FBgn0051516,False,0.0,1.0,0.9563345272346505,True
FBgn0051518,False,0.0,,0.9732742254320552,True
FBgn0051522,False,0.0,1.0,0.9734601608830955,True
FBgn0051523,False,0.0,1.0,0.9975045505255123,True
FBgn0051524,False,0.0,0.8571428571428571,0.9473460160883096,True
FBgn0051525,False,0.0,0.7142857142857143,0.7801460082594485,True
FBgn0051526,False,0.0,0.5714285714285714,0.7297183567220559,True
FBgn0051528,False,0.0,1.0,0.9810541561466346,True
FBgn0051530,False,0.0,1.0,0.9429912121034193,True
FBgn0051531,False,0.0,0.7142857142857143,0.8671344411171785,True
FBgn0051533,False,0.0,0.8571428571428571,0.9650881725480985,True
FBgn0051534,False,0.0,1.0,0.9430058912179751,True
FBgn0051536,False,0.0,0.42857142857142855,0.8693167361478089,True
FBgn0051538,False,0.0,1.0,0.972471767169671,True
FBgn0051542,False,0.0,,0.9732742254320552,True
FBgn0051544,False,0.0,,0.9732742254320552,True
FBgn0051546,False,0.0,1.0,0.9902824261640538,True
FBgn0051547,False,0.0,0.7142857142857143,0.8527978392343374,True
FBgn0051548,False,0.0,1.0,0.9629890591666177,True
FBgn0051549,False,0.0,1.0,0.9776681737224278,True
FBgn0051550,False,0.0,1.0,0.9215450257373808,True
FBgn0051551,False,0.0,0.5714285714285714,0.755328518583759,True
FBgn0051555,False,0.0,1.0,0.9975926252128472,True
FBgn0051556,False,0.0,1.0,0.9669377409821306,True
FBgn0051559,False,0.0,0.7142857142857143,0.8745082496623804,True
FBgn0051560,False,0.0,0.8571428571428571,0.9801636231969154,True
FBgn0051561,False,0.0,,0.9732742254320552,True
FBgn0051562,False,0.0,0.8571428571428571,0.9480310414342473,True
FBgn0051568,False,0.0,1.0,0.9441508621533282,True
FBgn0051569,False,0.0,,0.9732742254320552,True
FBgn0051570,False,0.0,,0.9732742254320552,True
FBgn0051573,False,0.0,,0.9732742254320552,True
FBgn0051575,False,0.0,,0.9732742254320552,True
FBgn0051576,False,0.0,,0.9732742254320552,True
FBgn0051577,False,0.0,,0.9732742254320552,True
FBgn0051578,False,0.0,0.8571428571428571,0.9445863425518173,True
FBgn0051579,False,0.0,,0.9732742254320552,True
FBgn0051580,False,0.0,0.8571428571428571,0.9689585657526472,True
FBgn0051583,False,0.0,0.8571428571428571,0.9465533439022958,True
FBgn0051588,False,0.0,,0.9732742254320552,True
FBgn0051591,False,0.0,,0.9732742254320552,True
FBgn0051600,False,0.0,0.7142857142857143,0.7899516567827295,True
FBgn0051601,False,0.0,0.5714285714285714,0.7777582056250367,True
FBgn0051602,False,0.0,,0.9732742254320552,True
FBgn0051603,False,0.0,0.8571428571428571,0.9650881725480985,True
FBgn0051604,False,0.0,,0.9732742254320552,True
FBgn0051606,False,0.0,0.5714285714285714,0.8067837081400584,True
FBgn0051607,False,0.0,1.0,0.9854676765897481,True
FBgn0051609,False,0.0,1.0,0.9345702933865696,True
FBgn0051611,False,0.0,,0.9732742254320552,True
FBgn0051612,False,0.0,0.8571428571428571,0.8595110876245278,True
FBgn0051613,False,0.0,,0.9732742254320552,True
FBgn0051614,False,0.0,1.0,0.998404869551602,True
FBgn0051615,False,0.0,,0.9732742254320552,True
FBgn0051616,False,0.0,,0.9732742254320552,True
FBgn0051617,False,0.0,,0.9732742254320552,True
FBgn0051618,False,0.0,,0.9732742254320552,True
FBgn0051619,False,0.0,1.0,0.9797330358366116,True
FBgn0051624,False,0.0,1.0,0.9830700878789658,True
FBgn0051626,False,0.0,,0.9732742254320552,True
FBgn0051627,False,0.0,0.8571428571428571,0.8679760436850449,True
FBgn0051630,False,0.0,1.0,0.9954886187931811,True
FBgn0051631,False,0.0,,0.9732742254320552,True
FBgn0051632,False,0.0,0.8571428571428571,0.9480310414342473,True
FBgn0051633,False,0.0,0.7142857142857143,0.8323155813907972,True
FBgn0051634,False,0.0,0.5714285714285714,0.7882586655706261,True
FBgn0051635,False,0.0,0.5714285714285714,0.8600982522067602,True
FBgn0051636,False,0.0,0.8571428571428571,0.8885170179868084,True
FBgn0051637,False,0.0,1.0,0.991574188244965,True
FBgn0051638,False,0.0,1.0,0.980555066251737,True
FBgn0051639,False,0.0,,0.9732742254320552,True
FBgn0051641,False,0.0,1.0,0.9566183234493962,True
FBgn0051642,True,0.0,1.0,0.9998825670835536,False
FBgn0051643,False,0.0,0.8571428571428571,0.9445863425518173,True
FBgn0051644,False,0.0,0.8571428571428571,0.9585461804943926,True
FBgn0051646,False,0.0,,0.9732742254320552,True
FBgn0051647,False,0.0,0.8571428571428571,0.9627150490282426,True
FBgn0051648,False,0.0,1.0,0.9708374924157908,True
FBgn0051658,False,0.0,1.0,0.9809073650010764,True
FBgn0051659,False,0.0,0.8571428571428571,0.9801636231969154,True
FBgn0051660,False,0.0,1.0,0.9907521578298397,True
FBgn0051661,False,0.0,1.0,0.9546464290607324,True
FBgn0051663,False,0.0,1.0,0.9946665883780557,True
FBgn0051664,False,0.0,1.0,0.9428639931106022,True
FBgn0051665,False,0.0,0.8571428571428571,0.9710283209050163,True
FBgn0051668,False,0.0,1.0,0.9397862720920674,True
FBgn0051669,False,0.0,,0.9732742254320552,True
FBgn0051673,False,0.0,1.0,0.9697023075568082,True
FBgn0051674,False,0.0,1.0,0.9669328479439453,True
FBgn0051675,False,0.0,1.0,0.9946274440725735,True
FBgn0051676,False,0.0,1.0,0.9174838040436067,True
FBgn0051677,False,0.0,,0.9732742254320552,True
FBgn0051678,False,0.0,0.7142857142857143,0.9142935431468107,True
FBgn0051679,False,0.0,1.0,0.9655627972520697,True
FBgn0051680,False,0.0,1.0,0.9642025326365646,True
FBgn0051681,False,0.0,0.8571428571428571,0.9351868161979136,True
FBgn0051682,False,0.0,1.0,0.9561877360890925,True
FBgn0051683,False,0.0,0.8571428571428571,0.8245845810580706,True
FBgn0051686,False,0.0,1.0,0.919264869943045,True
FBgn0051687,False,0.0,0.5714285714285714,0.697443876852015,True
FBgn0051688,False,0.0,1.0,0.9592801362221831,True
FBgn0051690,False,0.0,1.0,0.9590403773511048,True
FBgn0051693,False,0.0,1.0,0.9616483667038538,True
FBgn0051694,False,0.0,0.8571428571428571,0.9504824535650677,True
FBgn0051697,False,0.0,0.7142857142857143,0.8717338970113323,True
FBgn0051698,False,0.0,0.5714285714285714,0.8662977315874973,True
FBgn0051700,False,0.0,,0.9732742254320552,True
FBgn0051702,False,0.0,,0.9732742254320552,True
FBgn0051703,False,0.0,,0.9732742254320552,True
FBgn0051704,False,0.0,,0.9732742254320552,True
FBgn0051706,False,0.0,1.0,0.9610269508543244,True
FBgn0051708,False,0.0,0.8571428571428571,0.9801636231969154,True
FBgn0051709,False,0.0,,0.9732742254320552,True
FBgn0051710,False,0.0,0.7142857142857143,0.8400661538762648,True
FBgn0051712,False,0.0,0.42857142857142855,0.8187814377703404,True
FBgn0051713,False,0.0,1.0,0.9125516215528546,True
FBgn0051715,False,0.0,0.5714285714285714,0.7102440647446813,True
FBgn0051716,False,0.0,0.5714285714285714,0.8560272444366155,True
FBgn0051717,False,0.0,0.8571428571428571,0.9012389172685104,True
FBgn0051718,False,0.0,,0.9732742254320552,True
FBgn0051719,False,0.0,0.5714285714285714,0.782602313428454,True
FBgn0051720,False,0.0,0.42857142857142855,0.684232673751786,True
FBgn0051721,False,0.0,1.0,0.9682637543303387,True
FBgn0051728,False,0.0,1.0,0.9314583211007379,True
FBgn0051729,False,0.0,0.7142857142857143,0.8873426888223436,True
FBgn0051730,False,0.0,,0.9732742254320552,True
FBgn0051735,False,0.0,,0.9732742254320552,True
FBgn0051739,False,0.0,0.7142857142857143,0.8914234826688587,True
FBgn0051740,False,0.0,,0.9732742254320552,True
FBgn0051741,False,0.0,,0.9732742254320552,True
FBgn0051742,False,0.0,,0.9732742254320552,True
FBgn0051752,False,0.0,0.8571428571428571,0.9598428356134892,True
FBgn0051754,False,0.0,1.0,0.9577975456520462,True
FBgn0051755,False,0.0,0.7142857142857143,0.8392734816902511,True
FBgn0051759,False,0.0,0.5714285714285714,0.7584404908695908,True
FBgn0051760,False,0.0,0.8571428571428571,0.9801636231969154,True
FBgn0051763,False,0.0,0.8571428571428571,0.9045563971581234,True
FBgn0051769,False,0.0,0.8571428571428571,0.9265163525336152,True
FBgn0051772,False,0.0,1.0,0.9601706691719022,True
FBgn0051773,False,0.0,1.0,0.955943084179829,True
FBgn0051774,False,0.0,1.0,0.9547393967862525,True
FBgn0051776,False,0.0,1.0,0.9831973068717829,True
FBgn0051777,False,0.0,0.8571428571428571,0.8324623725363552,True
FBgn0051778,False,0.0,1.0,0.9928757364022469,True
FBgn0051779,False,0.0,,0.9732742254320552,True
FBgn0051780,False,0.0,,0.9732742254320552,True
FBgn0051781,False,0.0,0.8571428571428571,0.9318301920028184,True
FBgn0051782,False,0.0,0.7142857142857143,0.8594817293954162,True
FBgn0051784,False,0.0,,0.9732742254320552,True
FBgn0051785,False,0.0,0.8571428571428571,0.9801636231969154,True
FBgn0051786,False,0.0,,0.9732742254320552,True
FBgn0051787,False,0.0,,0.9732742254320552,True
FBgn0051788,False,0.0,,0.9732742254320552,True
FBgn0051789,False,0.0,1.0,0.9828645802751844,True
FBgn0051790,False,0.0,1.0,0.9572935627189635,True
FBgn0051792,False,0.0,0.42857142857142855,0.7769068169807998,True
FBgn0051793,False,0.0,0.8571428571428571,0.9298436184995987,True
FBgn0051797,False,0.0,0.8571428571428571,0.9710283209050163,True
FBgn0051798,False,0.0,1.0,0.9951754643493238,True
FBgn0051800,False,0.0,0.5714285714285714,0.7493198676922475,True
FBgn0051802,False,0.0,0.8571428571428571,0.9650881725480985,True
FBgn0051803,False,0.0,1.0,0.9783336269156244,True
FBgn0051804,False,0.0,0.8571428571428571,0.9801636231969154,True
FBgn0051805,False,0.0,1.0,0.9415281936860236,True
FBgn0051806,False,0.0,,0.9732742254320552,True
FBgn0051807,False,0.0,0.8571428571428571,0.9040573072632259,True
FBgn0051809,False,0.0,,0.9732742254320552,True
FBgn0051810,False,0.0,,0.9732742254320552,True
FBgn0051812,False,0.0,0.5714285714285714,0.7610044428786722,True
FBgn0051813,False,0.0,,0.9732742254320552,True
FBgn0051814,False,0.0,0.5714285714285714,0.8448124009159768,True
FBgn0051815,False,0.0,0.5714285714285714,0.6757383594621573,True
FBgn0051816,False,0.0,0.8571428571428571,0.853169710136418,True
FBgn0051820,False,0.0,,0.9732742254320552,True
FBgn0051821,False,0.0,0.8571428571428571,0.9161969350008807,True
FBgn0051822,False,0.0,0.8571428571428571,0.9801636231969154,True
FBgn0051823,False,0.0,,0.9732742254320552,True
FBgn0051824,False,0.0,,0.9732742254320552,True
FBgn0051826,False,0.0,,0.9732742254320552,True
FBgn0051827,False,0.0,,0.9732742254320552,True
FBgn0051828,False,0.0,,0.9732742254320552,True
FBgn0051832,False,0.0,1.0,0.9779911142426555,True
FBgn0051835,False,0.0,,0.9732742254320552,True
FBgn0051845,False,0.0,1.0,0.9860010177519425,True
FBgn0051846,False,0.0,1.0,0.9676570175953654,True
FBgn0051847,False,0.0,1.0,0.979449239621866,True
FBgn0051848,False,0.0,1.0,0.9548519366645137,True
FBgn0051849,False,0.0,1.0,0.9934335427553677,True
FBgn0051851,False,0.0,,0.9732742254320552,True
FBgn0051852,False,0.0,1.0,0.9601608830955317,True
FBgn0051855,False,0.0,1.0,0.94092145695105,True
FBgn0051856,False,0.0,1.0,0.9993443328831738,True
FBgn0051858,False,0.0,1.0,0.9218483941048676,True
FBgn0051860,False,0.0,,0.9732742254320552,True
FBgn0051862,False,0.0,,0.9732742254320552,True
FBgn0051864,False,0.0,1.0,0.973088289981015,True
FBgn0051865,False,0.0,0.7142857142857143,0.7636956138805707,True
FBgn0051866,False,0.0,0.8571428571428571,0.8362397980153837,True
FBgn0051867,False,0.0,,0.9732742254320552,True
FBgn0051869,False,0.0,1.0,0.9455502710743154,True
FBgn0051870,False,0.0,0.8571428571428571,0.9473460160883096,True
FBgn0051871,False,0.0,,0.9732742254320552,True
FBgn0051872,False,0.0,,0.9732742254320552,True
FBgn0051874,False,0.0,1.0,0.9738809621670288,True
FBgn0051875,False,0.0,0.5714285714285714,0.8664592018476112,True
FBgn0051876,False,0.0,0.7142857142857143,0.8439707983481103,True
FBgn0051882,False,0.0,0.42857142857142855,0.8590560350732978,True
FBgn0051885,False,0.0,0.8571428571428571,0.9039349813085942,True
FBgn0051888,False,0.0,,0.9732742254320552,True
FBgn0051889,False,0.0,,0.9732742254320552,True
FBgn0051890,False,0.0,,0.9732742254320552,True
FBgn0051892,False,0.0,0.8571428571428571,0.9801636231969154,True
FBgn0051895,False,0.0,1.0,0.9556103575832305,True
FBgn0051896,False,0.0,,0.9732742254320552,True
FBgn0051897,False,0.0,0.8571428571428571,0.8451842718180572,True
FBgn0051898,False,0.0,0.5714285714285714,0.7569823654903802,True
FBgn0051900,False,0.0,1.0,0.9492102636368974,True
FBgn0051901,False,0.0,0.42857142857142855,0.825553402618754,True
FBgn0051902,False,0.0,1.0,0.9708081341866792,True
FBgn0051907,False,0.0,0.7142857142857143,0.8445188186248606,True
FBgn0051908,False,0.0,1.0,0.9705439101246747,True
FBgn0051909,False,0.0,1.0,0.9867398665179183,True
FBgn0051910,False,0.0,,0.9732742254320552,True
FBgn0051913,False,0.0,0.7142857142857143,0.8224120721038107,True
FBgn0051914,False,0.0,,0.9732742254320552,True
FBgn0051915,False,0.0,1.0,0.9644276123930872,True
FBgn0051920,False,0.0,0.7142857142857143,0.8917219579981602,True
FBgn0051921,False,0.0,0.7142857142857143,0.8962920556632024,True
FBgn0051922,False,0.0,0.8571428571428571,0.8774489656117277,True
FBgn0051924,False,0.0,,0.9732742254320552,True
FBgn0051926,False,0.0,0.8571428571428571,0.9458829976709138,True
FBgn0051928,False,0.0,0.5714285714285714,0.884323684262032,True
FBgn0051933,False,0.0,,0.9732742254320552,True
FBgn0051935,False,0.0,1.0,0.9741060419235512,True
FBgn0051939,False,0.0,,0.9732742254320552,True
FBgn0051940,False,0.0,0.8571428571428571,0.9650881725480985,True
FBgn0051942,False,0.0,,0.9732742254320552,True
FBgn0051943,False,0.0,,0.9732742254320552,True
FBgn0051944,False,0.0,,0.9732742254320552,True
FBgn0051946,False,0.0,0.8571428571428571,0.9480310414342473,True
FBgn0051948,False,0.0,,0.9732742254320552,True
FBgn0051949,False,0.0,0.8571428571428571,0.9801636231969154,True
FBgn0051950,False,0.0,1.0,0.9477717104104281,True
FBgn0051952,False,0.0,0.8571428571428571,0.9064597890121935,True
FBgn0051953,False,0.0,0.8571428571428571,0.8501849568434032,True
FBgn0051954,False,0.0,0.5714285714285714,0.9194752705850117,True
FBgn0051955,False,0.0,1.0,0.9908500185935452,True
FBgn0051956,False,0.0,1.0,0.970132894917112,True
FBgn0051957,False,0.0,0.8571428571428571,0.8387743917953536,True
FBgn0051958,False,0.0,,0.9732742254320552,True
FBgn0051959,False,0.0,0.8571428571428571,0.9650881725480985,True
FBgn0051960,False,0.0,0.8571428571428571,0.9445863425518173,True
FBgn0051961,False,0.0,0.5714285714285714,0.8467500440373437,True
FBgn0051963,False,0.0,,0.9732742254320552,True
FBgn0051971,False,0.0,0.8571428571428571,0.9577094709647114,True
FBgn0051973,False,0.0,0.7142857142857143,0.87241892235727,True
FBgn0051974,False,0.0,1.0,0.9661206036051905,True
FBgn0051975,False,0.0,,0.9732742254320552,True
FBgn0051976,False,0.0,,0.9732742254320552,True
FBgn0051988,False,0.0,1.0,0.9749525375296029,True
FBgn0051989,False,0.0,1.0,0.9820327637836885,True
FBgn0051992,False,0.0,0.7142857142857143,0.8276084786565674,True
FBgn0051997,False,0.0,0.7142857142857143,0.8058736030375981,True
FBgn0051998,False,0.0,0.42857142857142855,0.6877556612451804,True
FBgn0051999,False,0.0,1.0,0.9293445286047013,True
FBgn0052000,False,0.0,1.0,0.9331610983892118,True
FBgn0052006,False,0.0,0.8571428571428571,0.8664592018476112,True
FBgn0052009,False,0.0,0.8571428571428571,0.8871371812185622,True
FBgn0052010,False,0.0,0.5714285714285714,0.8767345820366782,True
FBgn0052011,False,0.0,0.5714285714285714,0.6254281408412111,True
FBgn0052016,False,0.0,1.0,0.9029025502515021,True
FBgn0052017,False,0.0,0.42857142857142855,0.6323762550642946,True
FBgn0052021,False,0.0,1.0,0.99546904664044,True
FBgn0052022,False,0.0,1.0,0.9756228837609848,True
FBgn0052023,False,0.0,,0.9732742254320552,True
FBgn0052024,False,0.0,1.0,0.9909968097391032,True
FBgn0052026,False,0.0,0.8571428571428571,0.8158064705536963,True
FBgn0052027,False,0.0,1.0,0.9625486857299435,True
FBgn0052029,False,0.0,1.0,0.9674564030297692,True
FBgn0052034,False,0.0,,0.9732742254320552,True
FBgn0052036,False,0.0,1.0,0.9196660990742372,True
FBgn0052037,False,0.0,0.2857142857142857,0.7793337639206936,True
FBgn0052038,False,0.0,0.5714285714285714,0.7985731900651754,True
FBgn0052039,False,0.0,0.7142857142857143,0.7966159747910673,True
FBgn0052040,False,0.0,1.0,0.965367075724659,True
FBgn0052043,False,0.0,1.0,0.9633119996868456,True
FBgn0052050,False,0.0,0.8571428571428571,0.9458829976709138,True
FBgn0052053,False,0.0,0.8571428571428571,0.9801636231969154,True
FBgn0052054,False,0.0,0.8571428571428571,0.9236930695007144,True
FBgn0052055,False,0.0,0.8571428571428571,0.8825572974771495,True
FBgn0052056,False,0.0,1.0,0.9889906640831425,True
FBgn0052057,False,0.0,,0.9732742254320552,True
FBgn0052058,False,0.0,1.0,0.9912806059538488,True
FBgn0052060,False,0.0,0.5714285714285714,0.785391345194058,True
FBgn0052061,False,0.0,0.8571428571428571,0.9627150490282426,True
FBgn0052062,False,0.0,0.42857142857142855,0.7973205722897461,True
FBgn0052064,False,0.0,0.5714285714285714,0.8596480926937153,True
FBgn0052065,False,0.0,0.5714285714285714,0.7722486446284227,True
FBgn0052066,False,0.0,0.8571428571428571,0.9333666059929931,True
FBgn0052068,False,0.0,1.0,0.9893136046033704,True
FBgn0052069,False,0.0,1.0,0.9805257080226254,True
FBgn0052071,False,0.0,0.8571428571428571,0.8998590805002642,True
FBgn0052072,False,0.0,1.0,0.9485937408255534,True
FBgn0052073,False,0.0,0.8571428571428571,0.9801636231969154,True
FBgn0052074,False,0.0,,0.9732742254320552,True
FBgn0052075,False,0.0,0.5714285714285714,0.775497621983442,True
FBgn0052076,False,0.0,0.8571428571428571,0.9004266729297555,True
FBgn0052079,False,0.0,,0.9732742254320552,True
FBgn0052081,False,0.0,,0.9732742254320552,True
FBgn0052082,False,0.0,0.7142857142857143,0.831043391462627,True
FBgn0052085,False,0.0,1.0,0.964496114927681,True
FBgn0052086,False,0.0,,0.9732742254320552,True
FBgn0052087,False,0.0,,0.9732742254320552,True
FBgn0052088,False,0.0,1.0,0.8972755563384417,True
FBgn0052091,False,0.0,1.0,0.9347562288376098,True
FBgn0052093,False,0.0,,0.9732742254320552,True
FBgn0052095,False,0.0,0.5714285714285714,0.8545593329810346,True
FBgn0052099,False,0.0,1.0,0.9385923707748616,True
FBgn0052100,False,0.0,0.8571428571428571,0.9012780615739925,True
FBgn0052102,False,0.0,,0.9732742254320552,True
FBgn0052103,False,0.0,0.5714285714285714,0.8771162390151293,True
FBgn0052104,False,0.0,0.7142857142857143,0.8361321511753077,True
FBgn0052105,False,0.0,0.8571428571428571,0.9480310414342473,True
FBgn0052106,False,0.0,1.0,0.9742087957254418,True
FBgn0052107,False,0.0,,0.9732742254320552,True
FBgn0052109,False,0.0,0.8571428571428571,0.8324917307654669,True
FBgn0052110,False,0.0,0.7142857142857143,0.8445971072358249,True
FBgn0052111,False,0.0,,0.9732742254320552,True
FBgn0052112,False,0.0,1.0,0.979214373788973,True
FBgn0052113,False,0.0,0.8571428571428571,0.8920595776329439,True
FBgn0052115,False,0.0,0.8571428571428571,0.7588612921535239,True
FBgn0052117,False,0.0,0.5714285714285714,0.8571281780283013,True
FBgn0052118,False,0.0,,0.9732742254320552,True
FBgn0052119,False,0.0,1.0,0.9543870980369131,True
FBgn0052121,False,0.0,1.0,0.9257187873094161,True
FBgn0052123,False,0.0,,0.9732742254320552,True
FBgn0052126,False,0.0,,0.9732742254320552,True
FBgn0052127,False,0.0,0.8571428571428571,0.9650881725480985,True
FBgn0052128,False,0.0,,0.9732742254320552,True
FBgn0052129,False,0.0,,0.9732742254320552,True
FBgn0052132,False,0.0,0.7142857142857143,0.7665922924862505,True
FBgn0052133,False,0.0,1.0,0.9868083690525121,True
FBgn0052135,False,0.0,1.0,0.9989822480574638,True
FBgn0052137,False,0.0,1.0,0.9644569706221987,True
FBgn0052138,False,0.0,1.0,0.9228270017419216,True
FBgn0052141,False,0.0,,0.9732742254320552,True
FBgn0052150,False,0.0,0.8571428571428571,0.9650881725480985,True
FBgn0052152,False,0.0,0.8571428571428571,0.8633668017145206,True
FBgn0052153,False,0.0,,0.9732742254320552,True
FBgn0052154,False,0.0,0.5714285714285714,0.82982991799268,True
FBgn0052155,False,0.0,0.8571428571428571,0.8912081889887069,True
FBgn0052159,False,0.0,1.0,0.9558256512633825,True
FBgn0052160,False,0.0,0.8571428571428571,0.9465533439022958,True
FBgn0052161,False,0.0,1.0,0.9598624077662302,True
FBgn0052163,False,0.0,0.8571428571428571,0.8400465817235239,True
FBgn0052170,False,0.0,1.0,0.9859471943319046,True
FBgn0052173,False,0.0,0.8571428571428571,0.9689585657526472,True
FBgn0052174,False,0.0,0.42857142857142855,0.8739700154620007,True
FBgn0052176,False,0.0,0.5714285714285714,0.7559939717769557,True
FBgn0052177,False,0.0,1.0,0.956814044976807,True
FBgn0052179,False,0.0,1.0,0.9681561074902628,True
FBgn0052181,False,0.0,0.7142857142857143,0.790431174524886,True
FBgn0052182,False,0.0,0.42857142857142855,0.8049830700878791,True
FBgn0052183,False,0.0,1.0,0.9583064216233144,True
FBgn0052185,False,0.0,1.0,0.9990605366684282,True
FBgn0052186,False,0.0,1.0,0.9387587340731607,True
FBgn0052187,False,0.0,1.0,0.9646233339204979,True
FBgn0052188,False,0.0,0.8571428571428571,0.9337531560096295,True
FBgn0052189,False,0.0,,0.9732742254320552,True
FBgn0052190,False,0.0,0.7142857142857143,0.8458301528585129,True
FBgn0052191,False,0.0,0.42857142857142855,0.8441029103791126,True
FBgn0052192,False,0.0,0.8571428571428571,0.8592762217916349,True
FBgn0052193,False,0.0,0.8571428571428571,0.8833499696631633,True
FBgn0052195,False,0.0,0.7142857142857143,0.8048264928659503,True
FBgn0052196,False,0.0,1.0,0.9679310277337404,True
FBgn0052198,False,0.0,,0.9732742254320552,True
FBgn0052199,False,0.0,0.8571428571428571,0.9585461804943926,True
FBgn0052200,False,0.0,0.8571428571428571,0.9710283209050163,True
FBgn0052201,False,0.0,0.8571428571428571,0.9650881725480985,True
FBgn0052202,False,0.0,1.0,0.9520580118607246,True
FBgn0052203,False,0.0,,0.9732742254320552,True
FBgn0052204,False,0.0,0.8571428571428571,0.9445863425518173,True
FBgn0052205,False,0.0,0.42857142857142855,0.8188059029612667,True
FBgn0052206,False,0.0,0.5714285714285714,0.7287201769322608,True
FBgn0052207,False,0.0,1.0,0.939071888517018,True
FBgn0052208,False,0.0,,0.9732742254320552,True
FBgn0052210,False,0.0,1.0,0.945070753332159,True
FBgn0052212,False,0.0,0.8571428571428571,0.9473460160883096,True
FBgn0052213,False,0.0,,0.9732742254320552,True
FBgn0052214,False,0.0,0.42857142857142855,0.8972755563384417,True
FBgn0052219,False,0.0,0.5714285714285714,0.8430019767874268,True
FBgn0052220,False,0.0,,0.9732742254320552,True
FBgn0052221,False,0.0,1.0,0.9425850899340419,True
FBgn0052225,False,0.0,1.0,0.9858493335681991,True
FBgn0052226,False,0.0,1.0,0.934795373143092,True
FBgn0052227,False,0.0,1.0,0.9549351183136633,True
FBgn0052228,False,0.0,0.8571428571428571,0.9710283209050163,True
FBgn0052230,False,0.0,0.42857142857142855,0.7232008298592763,True
FBgn0052232,False,0.0,,0.9732742254320552,True
FBgn0052237,False,0.0,0.42857142857142855,0.8590560350732978,True
FBgn0052238,False,0.0,0.8571428571428571,0.9710283209050163,True
FBgn0052240,False,0.0,0.42857142857142855,0.8666255651459104,True
FBgn0052241,False,0.0,1.0,0.964642906073239,True
FBgn0052243,False,0.0,0.5714285714285714,0.6857593016655902,True
FBgn0052246,False,0.0,1.0,0.9351672440451726,True
FBgn0052248,False,0.0,,0.9732742254320552,True
FBgn0052249,False,0.0,,0.9732742254320552,True
FBgn0052250,False,0.0,0.8571428571428571,0.886716379934629,True
FBgn0052251,False,0.0,1.0,0.9853796019024132,True
FBgn0052252,False,0.0,0.7142857142857143,0.8728592957939444,True
FBgn0052255,False,0.0,0.8571428571428571,0.9033918540700292,True
FBgn0052259,False,0.0,0.5714285714285714,0.8893537275164896,True
FBgn0052260,False,0.0,1.0,0.9639578807273012,True
FBgn0052262,False,0.0,1.0,0.9446597381245964,True
FBgn0052263,False,0.0,1.0,0.9603027812029045,True
FBgn0052264,False,0.0,0.8571428571428571,0.8817450531383947,True
FBgn0052266,False,0.0,1.0,0.9700594993443329,True
FBgn0052267,False,0.0,0.7142857142857143,0.7272620515530503,True
FBgn0052268,False,0.0,1.0,0.9613645704891081,True
FBgn0052269,False,0.0,,0.9732742254320552,True
FBgn0052270,False,0.0,,0.9732742254320552,True
FBgn0052271,False,0.0,1.0,0.9226508523672519,True
FBgn0052272,False,0.0,,0.9732742254320552,True
FBgn0052273,False,0.0,1.0,0.9692766132346897,True
FBgn0052274,False,0.0,1.0,0.9759409312430274,True
FBgn0052277,False,0.0,0.42857142857142855,0.830754702209696,True
FBgn0052278,False,0.0,1.0,0.9203804826492866,True
FBgn0052279,False,0.0,0.8571428571428571,0.9465533439022958,True
FBgn0052280,False,0.0,1.0,0.9904683616150941,True
FBgn0052281,False,0.0,0.5714285714285714,0.8110112931321316,True
FBgn0052282,False,0.0,0.8571428571428571,0.9445863425518173,True
FBgn0052283,False,0.0,0.8571428571428571,0.9650881725480985,True
FBgn0052284,False,0.0,1.0,0.9453545495469047,True
FBgn0052285,False,0.0,,0.9732742254320552,True
FBgn0052286,False,0.0,,0.9732742254320552,True
FBgn0052287,False,0.0,,0.9732742254320552,True
FBgn0052288,False,0.0,,0.9732742254320552,True
FBgn0052289,False,0.0,,0.9732742254320552,True
FBgn0052296,False,0.0,1.0,0.9409703873329027,True
FBgn0052298,False,0.0,,0.9732742254320552,True
FBgn0052299,False,0.0,0.42857142857142855,0.8806343334703384,True
FBgn0052301,False,0.0,0.7142857142857143,0.871166304581841,True
FBgn0052302,False,0.0,1.0,0.9460004305873603,True
FBgn0052303,False,0.0,0.8571428571428571,0.9445863425518173,True
FBgn0052304,False,0.0,0.8571428571428571,0.9801636231969154,True
FBgn0052305,False,0.0,0.7142857142857143,0.8917415301509013,True
FBgn0052311,False,0.0,1.0,0.9943338617814573,True
FBgn0052312,False,0.0,0.8571428571428571,0.9801636231969154,True
FBgn0052313,False,0.0,1.0,0.9984635860098252,True
FBgn0052318,False,0.0,0.42857142857142855,0.6515667508269234,True
FBgn0052319,False,0.0,0.5714285714285714,0.8521764233848081,True
FBgn0052320,False,0.0,0.8571428571428571,0.9650881725480985,True
FBgn0052324,False,0.0,,0.9732742254320552,True
FBgn0052328,False,0.0,,0.9732742254320552,True
FBgn0052329,False,0.0,,0.9732742254320552,True
FBgn0052330,False,0.0,0.8571428571428571,0.9473460160883096,True
FBgn0052333,False,0.0,0.5714285714285714,0.869879435539115,True
FBgn0052334,False,0.0,1.0,0.9488775370402991,True
FBgn0052343,False,0.0,1.0,0.959749867887969,True
FBgn0052344,False,0.0,1.0,0.9682931125594504,True
FBgn0052350,False,0.0,0.5714285714285714,0.7258528565556925,True
FBgn0052351,False,0.0,1.0,0.9356565478636996,True
FBgn0052352,False,0.0,0.8571428571428571,0.8958076448828607,True
FBgn0052353,False,0.0,1.0,0.9740571115416985,True
FBgn0052354,False,0.0,0.7142857142857143,0.8198187618656176,True
FBgn0052355,False,0.0,1.0,0.9385727986221205,True
FBgn0052357,False,0.0,,0.9732742254320552,True
FBgn0052358,False,0.0,,0.9732742254320552,True
FBgn0052359,False,0.0,,0.9732742254320552,True
FBgn0052360,False,0.0,,0.9732742254320552,True
FBgn0052361,False,0.0,,0.9732742254320552,True
FBgn0052362,False,0.0,0.8571428571428571,0.9480310414342473,True
FBgn0052363,False,0.0,,0.9732742254320552,True
FBgn0052364,False,0.0,0.8571428571428571,0.9088035543029378,True
FBgn0052365,False,0.0,0.7142857142857143,0.8921867966257608,True
FBgn0052368,False,0.0,0.8571428571428571,0.891609418119899,True
FBgn0052369,False,0.0,0.8571428571428571,0.8834869747323508,True
FBgn0052370,False,0.0,0.8571428571428571,0.9465533439022958,True
FBgn0052371,False,0.0,,0.9732742254320552,True
FBgn0052372,False,0.0,1.0,0.955111267688333,True
FBgn0052373,False,0.0,0.8571428571428571,0.9445863425518173,True
FBgn0052374,False,0.0,1.0,0.9669377409821306,True
FBgn0052376,False,0.0,,0.9732742254320552,True
FBgn0052377,False,0.0,1.0,0.9674417239152134,True
FBgn0052379,False,0.0,0.8571428571428571,0.9445863425518173,True
FBgn0052380,False,0.0,1.0,0.9720118215802556,True
FBgn0052382,False,0.0,1.0,0.9807312156264067,True
FBgn0052383,False,0.0,1.0,0.97100385571409,True
FBgn0052391,False,0.0,0.8571428571428571,0.9801636231969154,True
FBgn0052392,False,0.0,0.8571428571428571,0.9585461804943926,True
FBgn0052393,False,0.0,1.0,0.9318008337737067,True
FBgn0052394,False,0.0,1.0,0.9445031609026677,True
FBgn0052396,False,0.0,0.8571428571428571,0.8970309044291782,True
FBgn0052397,False,0.0,1.0,0.9807116434736657,True
FBgn0052398,False,0.0,,0.9732742254320552,True
FBgn0052404,False,0.0,1.0,0.9606306147613176,True
FBgn0052405,False,0.0,0.8571428571428571,0.9323684262031982,True
FBgn0052406,False,0.0,0.8571428571428571,0.9801636231969154,True
FBgn0052407,False,0.0,1.0,0.9999608556945179,True
FBgn0052409,False,0.0,1.0,0.943113538058051,True
FBgn0052412,False,0.0,1.0,0.9981406454895974,True
FBgn0052413,False,0.0,,0.9732742254320552,True
FBgn0052418,False,0.0,1.0,0.9713952987689116,True
FBgn0052420,False,0.0,,0.9732742254320552,True
FBgn0052421,False,0.0,,0.9732742254320552,True
FBgn0052423,False,0.0,1.0,0.9329164464799483,True
FBgn0052425,False,0.0,0.7142857142857143,0.9048695516019807,True
FBgn0052428,False,0.0,1.0,0.9852230246804846,True
FBgn0052432,False,0.0,1.0,0.9618734464603762,True
FBgn0052436,False,0.0,1.0,0.990106276789384,True
FBgn0052437,False,0.0,1.0,0.9320161274538586,True
FBgn0052438,False,0.0,0.42857142857142855,0.7417160863523379,True
FBgn0052440,False,0.0,0.7142857142857143,0.8561544634294326,True
FBgn0052441,False,0.0,1.0,0.96991760123696,True
FBgn0052442,False,0.0,0.5714285714285714,0.777474409410291,True
FBgn0052445,False,0.0,1.0,0.9346387959211634,True
FBgn0052446,False,0.0,1.0,0.9853013132914489,True
FBgn0052447,False,0.0,1.0,0.9568727614350302,True
FBgn0052448,False,0.0,1.0,0.9682050378721155,True
FBgn0052449,False,0.0,,0.9732742254320552,True
FBgn0052450,False,0.0,1.0,0.9269175816648073,True
FBgn0052451,False,0.0,0.8571428571428571,0.9421838608028497,True
FBgn0052452,False,0.0,0.8571428571428571,0.8503023897598497,True
FBgn0052453,False,0.0,,0.9732742254320552,True
FBgn0052456,False,0.0,,0.9732742254320552,True
FBgn0052457,False,0.0,1.0,0.957195701955258,True
FBgn0052458,False,0.0,1.0,0.9333763920693637,True
FBgn0052459,False,0.0,1.0,0.9718601373965122,True
FBgn0052460,False,0.0,,0.9732742254320552,True
FBgn0052461,False,0.0,1.0,0.9584874640361694,True
FBgn0052462,False,0.0,0.7142857142857143,0.8456637895602137,True
FBgn0052463,False,0.0,0.8571428571428571,0.9141271798485116,True
FBgn0052468,False,0.0,,0.9732742254320552,True
FBgn0052473,False,0.0,1.0,0.9491417611023036,True
FBgn0052475,False,0.0,,0.9732742254320552,True
FBgn0052476,False,0.0,1.0,0.9693597948838393,True
FBgn0052477,False,0.0,0.5714285714285714,0.8048656371714324,True
FBgn0052479,False,0.0,0.5714285714285714,0.8678488246922279,True
FBgn0052480,False,0.0,0.5714285714285714,0.8182236314172195,True
FBgn0052481,False,0.0,1.0,0.9608752666705811,True
FBgn0052482,False,0.0,0.7142857142857143,0.8254653279314192,True
FBgn0052483,False,0.0,1.0,0.9037930832012213,True
FBgn0052484,False,0.0,0.8571428571428571,0.8920595776329439,True
FBgn0052485,False,0.0,1.0,0.986172274088427,True
FBgn0052486,False,0.0,1.0,0.9775703129587223,True
FBgn0052487,False,0.0,,0.9732742254320552,True
FBgn0052488,False,0.0,,0.9732742254320552,True
FBgn0052493,False,0.0,0.5714285714285714,0.9041111306832639,True
FBgn0052494,False,0.0,1.0,0.9641291370637857,True
FBgn0052495,False,0.0,0.5714285714285714,0.5720940246217681,True
FBgn0052496,False,0.0,0.42857142857142855,0.8666255651459104,True
FBgn0052499,False,0.0,0.8571428571428571,0.8730550173213552,True
FBgn0052500,False,0.0,,0.9732742254320552,True
FBgn0052506,False,0.0,1.0,0.963537079443368,True
FBgn0052511,False,0.0,0.8571428571428571,0.8848472393478559,True
FBgn0052512,False,0.0,0.7142857142857143,0.8472393478558706,True
FBgn0052518,False,0.0,1.0,0.9649169162116141,True
FBgn0052520,False,0.0,,0.9732742254320552,True
FBgn0052521,False,0.0,1.0,0.998297222711526,True
FBgn0052523,False,0.0,0.8571428571428571,0.9055350047951775,True
FBgn0052525,False,0.0,,0.9732742254320552,True
FBgn0052528,False,0.0,1.0,0.9665120466600121,True
FBgn0052529,False,0.0,1.0,0.9879533399878653,True
FBgn0052532,False,0.0,1.0,0.9643101794766407,True
FBgn0052533,False,0.0,1.0,0.9629107705556534,True
FBgn0052536,False,0.0,1.0,0.9776975319515393,True
FBgn0052537,False,0.0,0.5714285714285714,0.7779343549997064,True
FBgn0052541,False,0.0,,0.9732742254320552,True
FBgn0052544,False,0.0,0.8571428571428571,0.9102616796821482,True
FBgn0052546,False,0.0,,0.9732742254320552,True
FBgn0052547,False,0.0,0.42857142857142855,0.8400172234944122,True
FBgn0052548,False,0.0,1.0,0.9580568766758656,True
FBgn0052549,False,0.0,0.7142857142857143,0.8892607597909694,True
FBgn0052551,False,0.0,,0.9732742254320552,True
FBgn0052554,False,0.0,1.0,0.9738516039379171,True
FBgn0052556,False,0.0,1.0,0.9731274342864972,True
FBgn0052557,False,0.0,0.5714285714285714,0.7192472550055781,True
FBgn0052563,False,0.0,0.8571428571428571,0.9801636231969154,True
FBgn0052564,False,0.0,0.8571428571428571,0.9480310414342473,True
FBgn0052568,False,0.0,,0.9732742254320552,True
FBgn0052569,False,0.0,0.8571428571428571,0.9465533439022958,True
FBgn0052570,False,0.0,0.8571428571428571,0.9480310414342473,True
FBgn0052571,False,0.0,0.8571428571428571,0.9390523163642769,True
FBgn0052572,False,0.0,1.0,0.9386706593858258,True
FBgn0052573,False,0.0,,0.9732742254320552,True
FBgn0052574,False,0.0,,0.9732742254320552,True
FBgn0052576,False,0.0,0.8571428571428571,0.8367976043685045,True
FBgn0052579,False,0.0,0.8571428571428571,0.9111522126318674,True
FBgn0052580,False,0.0,0.7142857142857143,0.7553970211183527,True
FBgn0052581,False,0.0,0.42857142857142855,0.5206877654473216,True
FBgn0052582,False,0.0,0.7142857142857143,0.7817704969369581,True
FBgn0052588,False,0.0,,0.9732742254320552,True
FBgn0052590,False,0.0,1.0,0.9196758851506077,True
FBgn0052591,False,0.0,0.8571428571428571,0.9304552482727575,True
FBgn0052594,False,0.0,0.8571428571428571,0.9092830720450943,True
FBgn0052595,False,0.0,0.5714285714285714,0.775135537157732,True
FBgn0052598,False,0.0,1.0,0.9759409312430274,True
FBgn0052600,False,0.0,1.0,0.9336601882841093,True
FBgn0052601,False,0.0,0.8571428571428571,0.9445863425518173,True
FBgn0052602,False,0.0,1.0,0.9694625486857299,True
FBgn0052603,False,0.0,1.0,0.931370246413403,True
FBgn0052606,False,0.0,1.0,0.9611884211144384,True
FBgn0052613,False,0.0,1.0,0.8876166989607187,True
FBgn0052614,False,0.0,,0.9732742254320552,True
FBgn0052625,False,0.0,1.0,0.9993639050359149,True
FBgn0052626,False,0.0,1.0,0.9373593251521735,True
FBgn0052627,False,0.0,0.5714285714285714,0.8425028868925293,True
FBgn0052628,False,0.0,1.0,0.9603957489284246,True
FBgn0052631,False,0.0,0.8571428571428571,0.9585461804943926,True
FBgn0052633,False,0.0,0.8571428571428571,0.9627150490282426,True
FBgn0052635,False,0.0,1.0,0.9521999099680974,True
FBgn0052638,False,0.0,1.0,0.9705732683537862,True
FBgn0052639,False,0.0,0.42857142857142855,0.6681639363513594,True
FBgn0052640,False,0.0,1.0,0.9285322842659465,True
FBgn0052641,False,0.0,1.0,0.9291781653064021,True
FBgn0052642,False,0.0,,0.9732742254320552,True
FBgn0052643,False,0.0,0.8571428571428571,0.9465533439022958,True
FBgn0052644,False,0.0,0.8571428571428571,0.9650881725480985,True
FBgn0052645,False,0.0,0.8571428571428571,0.8993795627581078,True
FBgn0052647,False,0.0,1.0,0.9909870236627327,True
FBgn0052649,False,0.0,1.0,0.9549742626191455,True
FBgn0052650,False,0.0,0.8571428571428571,0.8375707044017772,True
FBgn0052651,False,0.0,,0.9732742254320552,True
FBgn0052652,False,0.0,,0.9732742254320552,True
FBgn0052654,False,0.0,1.0,0.954621963869806,True
FBgn0052655,False,0.0,0.8571428571428571,0.8154639578807273,True
FBgn0052656,False,0.0,0.7142857142857143,0.842189732448672,True
FBgn0052657,False,0.0,,0.9732742254320552,True
FBgn0052660,False,0.0,0.5714285714285714,0.9076732624821404,True
FBgn0052662,False,0.0,0.7142857142857143,0.7957645861468303,True
FBgn0052663,False,0.0,0.7142857142857143,0.8077231714716302,True
FBgn0052666,False,0.0,1.0,0.9644178263167166,True
FBgn0052667,False,0.0,1.0,0.9756522419900965,True
FBgn0052668,False,0.0,1.0,0.9668643454093516,True
FBgn0052669,False,0.0,1.0,0.9505215978705498,True
FBgn0052670,False,0.0,,0.9732742254320552,True
FBgn0052671,False,0.0,,0.9732742254320552,True
FBgn0052672,False,0.0,0.7142857142857143,0.8611747206075197,True
FBgn0052673,False,0.0,,0.9732742254320552,True
FBgn0052675,False,0.0,1.0,0.939091460669759,True
FBgn0052676,False,0.0,1.0,0.9637817313526315,True
FBgn0052677,True,0.0,1.0,0.999403049341397,False
FBgn0052679,False,0.0,1.0,0.9518035738750905,True
FBgn0052681,False,0.0,1.0,0.999510696181473,True
FBgn0052683,False,0.0,0.42857142857142855,0.865040220773883,True
FBgn0052685,False,0.0,1.0,0.9430058912179751,True
FBgn0052686,False,0.0,1.0,0.9680288884974458,True
FBgn0052687,False,0.0,1.0,0.9977589885111463,True
FBgn0052690,False,0.0,0.5714285714285714,0.8553568982052335,True
FBgn0052691,False,0.0,,0.9732742254320552,True
FBgn0052693,False,0.0,0.8571428571428571,0.9710283209050163,True
FBgn0052694,False,0.0,1.0,0.9747861742313038,True
FBgn0052695,False,0.0,0.8571428571428571,0.9218092497993855,True
FBgn0052698,False,0.0,0.5714285714285714,0.848423463096706,True
FBgn0052699,False,0.0,1.0,0.9577143640028967,True
FBgn0052700,False,0.0,1.0,0.9687334859961247,True
FBgn0052702,False,0.0,1.0,0.9763470534124048,True
FBgn0052703,False,0.0,0.8571428571428571,0.9137455228700605,True
FBgn0052704,False,0.0,0.5714285714285714,0.8189673732213807,True
FBgn0052706,False,0.0,1.0,0.9708962088740141,True
FBgn0052707,False,0.0,1.0,0.9671774998532089,True
FBgn0052708,False,0.0,1.0,0.9506977472452195,True
FBgn0052710,False,0.0,0.8571428571428571,0.9094151840760966,True
FBgn0052711,False,0.0,0.8571428571428571,0.853463292427534,True
FBgn0052712,False,0.0,1.0,0.9545632474115828,True
FBgn0052713,False,0.0,1.0,0.9540690505548706,True
FBgn0052718,False,0.0,,0.9732742254320552,True
FBgn0052719,False,0.0,1.0,0.9920243477580099,True
FBgn0052720,False,0.0,1.0,0.954494744876989,True
FBgn0052726,False,0.0,0.8571428571428571,0.930009981797898,True
FBgn0052727,False,0.0,0.5714285714285714,0.9194752705850117,True
FBgn0052732,False,0.0,1.0,0.9775800990350928,True
FBgn0052733,False,0.0,0.8571428571428571,0.9445863425518173,True
FBgn0052736,False,0.0,,0.9732742254320552,True
FBgn0052740,False,0.0,,0.9732742254320552,True
FBgn0052743,False,0.0,0.5714285714285714,0.8178909048206212,True
FBgn0052745,False,0.0,0.7142857142857143,0.8004423306519484,True
FBgn0052748,False,0.0,,0.9732742254320552,True
FBgn0052750,False,0.0,0.8571428571428571,0.9650881725480985,True
FBgn0052751,False,0.0,,0.9732742254320552,True
FBgn0052755,False,0.0,1.0,0.9403832227506703,True
FBgn0052756,False,0.0,0.8571428571428571,0.8578670267942771,True
FBgn0052758,False,0.0,0.42857142857142855,0.8584639774528801,True
FBgn0052761,False,0.0,,0.9732742254320552,True
FBgn0052762,False,0.0,0.8571428571428571,0.9585461804943926,True
FBgn0052767,False,0.0,0.5714285714285714,0.8390679740864697,True
FBgn0052772,False,0.0,1.0,0.97027968606267,True
FBgn0052773,False,0.0,0.8571428571428571,0.901268275497622,True
FBgn0052774,False,0.0,1.0,0.955727790499677,True
FBgn0052778,False,0.0,1.0,0.9558158651870119,True
FBgn0052779,False,0.0,,0.9732742254320552,True
FBgn0052783,False,0.0,1.0,0.9245395651067662,True
FBgn0052785,False,0.0,,0.9732742254320552,True
FBgn0052786,False,0.0,,0.9732742254320552,True
FBgn0052790,False,0.0,1.0,0.9588593349382498,True
FBgn0052791,False,0.0,0.7142857142857143,0.7911064137944532,True
FBgn0052792,False,0.0,1.0,0.9775409547296107,True
FBgn0052793,False,0.0,0.5714285714285714,0.8372184056524377,True
FBgn0052797,False,0.0,0.8571428571428571,0.9473460160883096,True
FBgn0052801,False,0.0,1.0,0.9597400818115984,True
FBgn0052803,False,0.0,1.0,0.9933161098389212,True
FBgn0052806,False,0.0,0.8571428571428571,0.9446695242009668,True
FBgn0052808,False,0.0,0.8571428571428571,0.8824790088661852,True
FBgn0052813,False,0.0,1.0,0.9965161568120877,True
FBgn0052815,False,0.0,1.0,0.9738320317851761,True
FBgn0052816,False,0.0,0.8571428571428571,0.8655197385160394,True
FBgn0052817,False,0.0,1.0,0.9354608263362887,True
FBgn0052819,False,0.0,,0.9732742254320552,True
FBgn0052820,False,0.0,,0.9732742254320552,True
FBgn0052821,False,0.0,,0.9732742254320552,True
FBgn0052823,False,0.0,0.8571428571428571,0.8676433170884466,True
FBgn0052826,False,0.0,0.8571428571428571,0.9473460160883096,True
FBgn0052829,False,0.0,1.0,0.9531246941851135,True
FBgn0052830,False,0.0,1.0,0.9695799816021764,True
FBgn0052831,False,0.0,0.8571428571428571,0.9060096294991486,True
FBgn0052832,False,0.0,0.5714285714285714,0.9041111306832639,True
FBgn0052833,False,0.0,1.0,0.9658074491613333,True
FBgn0052834,False,0.0,1.0,0.9759409312430274,True
FBgn0052835,False,0.0,,0.9732742254320552,True
FBgn0052843,False,0.0,1.0,0.9696827354040671,True
FBgn0052845,False,0.0,1.0,0.9954005441058462,True
FBgn0052846,False,0.0,,0.9732742254320552,True
FBgn0052847,False,0.0,0.5714285714285714,0.8410545475896893,True
FBgn0052850,False,0.0,1.0,0.946431017947664,True
FBgn0052855,False,0.0,1.0,0.9705928405065273,True
FBgn0052856,False,0.0,1.0,0.8987043234885405,True
FBgn0052857,False,0.0,,0.9732742254320552,True
FBgn0052861,False,0.0,,0.9732742254320552,True
FBgn0052865,False,0.0,0.7142857142857143,0.8389016107881706,True
FBgn0052937,False,0.0,0.8571428571428571,0.9650881725480985,True
FBgn0052939,False,0.0,1.0,0.9786467813594817,True
FBgn0052944,False,0.0,0.42857142857142855,0.7709373103947703,True
FBgn0052945,False,0.0,0.8571428571428571,0.9446695242009668,True
FBgn0052971,False,0.0,1.0,0.9845673575636584,True
FBgn0052982,False,0.0,1.0,0.9809367232301881,True
FBgn0052983,False,0.0,0.8571428571428571,0.9801636231969154,True
FBgn0052984,False,0.0,0.8571428571428571,0.9269567259702894,True
FBgn0052985,False,0.0,1.0,0.989342962832482,True
FBgn0052986,False,0.0,0.8571428571428571,0.9465533439022958,True
FBgn0052987,False,0.0,0.8571428571428571,0.9473460160883096,True
FBgn0052988,False,0.0,0.8571428571428571,0.9650881725480985,True
FBgn0053002,False,0.0,1.0,0.9656704440921456,True
FBgn0053003,False,0.0,0.8571428571428571,0.9360773491476327,True
FBgn0053007,False,0.0,1.0,0.9985516606971601,True
FBgn0053012,False,0.0,1.0,0.9762100483432172,True
FBgn0053013,False,0.0,0.8571428571428571,0.9710283209050163,True
FBgn0053017,False,0.0,0.5714285714285714,0.8250249544947449,True
FBgn0053051,False,0.0,0.8571428571428571,0.8798465543225099,True
FBgn0053052,False,0.0,,0.9732742254320552,True
FBgn0053054,False,0.0,1.0,0.9265554968390973,True
FBgn0053056,False,0.0,1.0,0.9876499716203785,True
FBgn0053057,False,0.0,1.0,0.9513436282856751,True
FBgn0053060,False,0.0,0.8571428571428571,0.9473460160883096,True
FBgn0053061,False,0.0,1.0,0.9669377409821306,True
FBgn0053080,False,0.0,1.0,0.9318889084610417,True
FBgn0053082,False,0.0,0.5714285714285714,0.7557884641731745,True
FBgn0053087,False,0.0,0.8571428571428571,0.8908167459338853,True
FBgn0053092,False,0.0,0.7142857142857143,0.8669289335133972,True
FBgn0053093,False,0.0,,0.9732742254320552,True
FBgn0053094,False,0.0,1.0,0.980535494098996,True
FBgn0053095,False,0.0,0.7142857142857143,0.7421075294071595,True
FBgn0053096,False,0.0,1.0,0.9804767776407727,True
FBgn0053097,False,0.0,1.0,0.9705047658191924,True
FBgn0053098,False,0.0,,0.9732742254320552,True
FBgn0053099,False,0.0,1.0,0.9541424461276495,True
FBgn0053100,False,0.0,0.42857142857142855,0.7332609163681914,True
FBgn0053105,False,0.0,1.0,0.8881353610083573,True
FBgn0053107,False,0.0,0.7142857142857143,0.891354980134265,True
FBgn0053108,False,0.0,1.0,0.9957626289315562,True
FBgn0053109,False,0.0,0.5714285714285714,0.8852680406317891,True
FBgn0053110,False,0.0,0.8571428571428571,0.9446059147045583,True
FBgn0053111,False,0.0,1.0,0.9756033116082438,True
FBgn0053113,False,0.0,0.8571428571428571,0.9271426614213297,True
FBgn0053116,False,0.0,0.8571428571428571,0.8913158358287828,True
FBgn0053117,False,0.0,0.8571428571428571,0.9585461804943926,True
FBgn0053120,False,0.0,0.8571428571428571,0.8476503630634333,True
FBgn0053121,False,0.0,0.8571428571428571,0.9051582408549116,True
FBgn0053123,False,0.0,0.7142857142857143,0.896991760123696,True
FBgn0053124,False,0.0,0.7142857142857143,0.8430313350165385,True
FBgn0053125,False,0.0,,0.9732742254320552,True
FBgn0053126,False,0.0,1.0,0.9926017262638718,True
FBgn0053127,False,0.0,1.0,0.9719726772747734,True
FBgn0053128,False,0.0,0.5714285714285714,0.858229111619987,True
FBgn0053129,False,0.0,0.8571428571428571,0.9101931771475544,True
FBgn0053136,False,0.0,0.8571428571428571,0.9121846436889594,True
FBgn0053137,False,0.0,1.0,0.992171138903568,True
FBgn0053138,False,0.0,1.0,0.9912708198774783,True
FBgn0053139,False,0.0,0.7142857142857143,0.8429432603292035,True
FBgn0053140,False,0.0,0.8571428571428571,0.9480310414342473,True
FBgn0053143,False,0.0,0.7142857142857143,0.8574315463957881,True
FBgn0053144,False,0.0,1.0,0.9738809621670288,True
FBgn0053145,False,0.0,0.7142857142857143,0.8321590041688686,True
FBgn0053147,False,0.0,1.0,0.939272503082614,True
FBgn0053155,False,0.0,1.0,0.9700643923825182,True
FBgn0053156,False,0.0,1.0,0.9720901101912199,True
FBgn0053158,False,0.0,1.0,0.9638698060399663,True
FBgn0053159,False,0.0,1.0,0.9018554400798544,True
FBgn0053160,False,0.0,1.0,0.9660227428414851,True
FBgn0053169,False,0.0,1.0,0.9740375393889574,True
FBgn0053170,False,0.0,0.8571428571428571,0.8576615191904957,True
FBgn0053172,False,0.0,0.8571428571428571,0.88818429139021,True
FBgn0053173,False,0.0,1.0,0.9777171041042805,True
FBgn0053177,False,0.0,0.8571428571428571,0.8329223181257707,True
FBgn0053178,False,0.0,0.8571428571428571,0.8987630399467638,True
FBgn0053179,False,0.0,,0.9732742254320552,True
FBgn0053180,False,0.0,0.5714285714285714,0.8170590883291253,True
FBgn0053181,False,0.0,1.0,0.9942066427886403,True
FBgn0053182,False,0.0,1.0,0.9378682011234416,True
FBgn0053189,False,0.0,0.8571428571428571,0.9019533008435597,True
FBgn0053191,False,0.0,0.7142857142857143,0.8581508230090228,True
FBgn0053192,False,0.0,0.7142857142857143,0.8726929324956452,True
FBgn0053193,False,0.0,1.0,0.9946861605307968,True
FBgn0053194,False,0.0,0.8571428571428571,0.9124635468655197,True
FBgn0053196,False,0.0,1.0,0.9557865069579004,True
FBgn0053197,False,0.0,1.0,0.9421545025737381,True
FBgn0053198,False,0.0,0.7142857142857143,0.8228818037695966,True
FBgn0053199,False,0.0,,0.9732742254320552,True
FBgn0053200,False,0.0,1.0,0.9463771945276261,True
FBgn0053202,False,0.0,0.8571428571428571,0.9650881725480985,True
FBgn0053203,False,0.0,0.7142857142857143,0.8370716145068796,True
FBgn0053205,False,0.0,1.0,0.9457753508308379,True
FBgn0053207,False,0.0,1.0,0.9314093907188852,True
FBgn0053208,False,0.0,0.5714285714285714,0.8385395259624606,True
FBgn0053213,False,0.0,0.8571428571428571,0.9234435245532656,True
FBgn0053214,False,0.0,0.7142857142857143,0.8900534319769832,True
FBgn0053217,False,0.0,0.8571428571428571,0.8272855381363395,True
FBgn0053218,False,0.0,1.0,0.9712680797760945,True
FBgn0053221,False,0.0,1.0,0.9456921691816883,True
FBgn0053222,False,0.0,1.0,0.9520677979370951,True
FBgn0053223,False,0.0,1.0,0.9531051220323723,True
FBgn0053225,False,0.0,1.0,0.9868279412052532,True
FBgn0053229,False,0.0,0.7142857142857143,0.8487659757696748,True
FBgn0053230,False,0.0,1.0,0.9515491358894564,True
FBgn0053233,False,0.0,0.42857142857142855,0.8005401914156538,True
FBgn0053234,False,0.0,0.8571428571428571,0.8769596617932006,True
FBgn0053236,False,0.0,,0.9732742254320552,True
FBgn0053237,False,0.0,,0.9732742254320552,True
FBgn0053238,False,0.0,,0.9732742254320552,True
FBgn0053239,False,0.0,,0.9732742254320552,True
FBgn0053240,False,0.0,,0.9732742254320552,True
FBgn0053241,False,0.0,,0.9732742254320552,True
FBgn0053242,False,0.0,,0.9732742254320552,True
FBgn0053243,False,0.0,,0.9732742254320552,True
FBgn0053244,False,0.0,,0.9732742254320552,True
FBgn0053245,False,0.0,,0.9732742254320552,True
FBgn0053246,False,0.0,,0.9732742254320552,True
FBgn0053247,False,0.0,,0.9732742254320552,True
FBgn0053251,False,0.0,,0.9732742254320552,True
FBgn0053252,False,0.0,1.0,0.9674564030297692,True
FBgn0053255,False,0.0,,0.9732742254320552,True
FBgn0053257,False,0.0,1.0,0.9421251443446265,True
FBgn0053258,False,0.0,0.5714285714285714,0.8940950815180162,True
FBgn0053260,False,0.0,0.5714285714285714,0.7342101657761337,True
FBgn0053262,False,0.0,,0.9732742254320552,True
FBgn0053263,False,0.0,,0.9732742254320552,True
FBgn0053265,False,0.0,,0.9732742254320552,True
FBgn0053267,False,0.0,0.42857142857142855,0.7394457166343726,True
FBgn0053269,False,0.0,,0.9732742254320552,True
FBgn0053270,False,0.0,0.8571428571428571,0.9650881725480985,True
FBgn0053271,False,0.0,,0.9732742254320552,True
FBgn0053272,False,0.0,0.8571428571428571,0.9650881725480985,True
FBgn0053276,False,0.0,0.5714285714285714,0.7495547335251405,True
FBgn0053278,False,0.0,1.0,0.9708472784921613,True
FBgn0053281,False,0.0,1.0,0.9323439610122717,True
FBgn0053282,False,0.0,,0.9732742254320552,True
FBgn0053283,False,0.0,0.8571428571428571,0.9710283209050163,True
FBgn0053284,False,0.0,,0.9732742254320552,True
FBgn0053285,False,0.0,0.8571428571428571,0.9689585657526472,True
FBgn0053286,False,0.0,0.8571428571428571,0.9173467989744192,True
FBgn0053287,False,0.0,1.0,0.9477814964867985,True
FBgn0053288,False,0.0,0.8571428571428571,0.8776642592918795,True
FBgn0053289,False,0.0,,0.9732742254320552,True
FBgn0053290,False,0.0,0.8571428571428571,0.8936889593486388,True
FBgn0053291,False,0.0,1.0,0.9747861742313038,True
FBgn0053292,False,0.0,,0.9732742254320552,True
FBgn0053293,False,0.0,1.0,0.9402560037578533,True
FBgn0053294,False,0.0,0.7142857142857143,0.7820347209989627,True
FBgn0053296,False,0.0,,0.9732742254320552,True
FBgn0053299,False,0.0,,0.9732742254320552,True
FBgn0053300,False,0.0,0.5714285714285714,0.7109388761669896,True
FBgn0053301,False,0.0,,0.9732742254320552,True
FBgn0053302,False,0.0,0.8571428571428571,0.8958467891883428,True
FBgn0053303,False,0.0,1.0,0.9614037147945903,True
FBgn0053306,False,0.0,0.8571428571428571,0.8787211555398978,True
FBgn0053307,False,0.0,1.0,0.99963791517429,True
FBgn0053309,False,0.0,,0.9732742254320552,True
FBgn0053310,False,0.0,,0.9732742254320552,True
FBgn0053315,False,0.0,0.42857142857142855,0.8399682931125594,True
FBgn0053317,False,0.0,1.0,0.9381617834145578,True
FBgn0053318,False,0.0,1.0,0.9923081439727556,True
FBgn0053319,False,0.0,0.8571428571428571,0.9801636231969154,True
FBgn0053322,False,0.0,0.8571428571428571,0.9506830681306637,True
FBgn0053324,False,0.0,1.0,0.9555516411250073,True
FBgn0053325,False,0.0,,0.9732742254320552,True
FBgn0053328,False,0.0,0.5714285714285714,0.7406787622570608,True
FBgn0053329,False,0.0,1.0,0.9865147867613959,True
FBgn0053330,False,0.0,1.0,0.9895484704362633,True
FBgn0053333,False,0.0,,0.9732742254320552,True
FBgn0053337,False,0.0,,0.9732742254320552,True
FBgn0053339,False,0.0,,0.9732742254320552,True
FBgn0053340,False,0.0,1.0,0.9669377409821306,True
FBgn0053341,False,0.0,,0.9732742254320552,True
FBgn0053346,False,0.0,1.0,0.9967999530268334,True
FBgn0053348,False,0.0,0.7142857142857143,0.8923923042295422,True
FBgn0053349,False,0.0,1.0,0.96647290235453,True
FBgn0053353,False,0.0,,0.9732742254320552,True
FBgn0053354,False,0.0,,0.9732742254320552,True
FBgn0053355,False,0.0,,0.9732742254320552,True
FBgn0053356,False,0.0,,0.9732742254320552,True
FBgn0053357,False,0.0,,0.9732742254320552,True
FBgn0053358,False,0.0,,0.9732742254320552,True
FBgn0053359,False,0.0,,0.9732742254320552,True
FBgn0053360,False,0.0,,0.9732742254320552,True
FBgn0053361,False,0.0,,0.9732742254320552,True
FBgn0053362,False,0.0,,0.9732742254320552,True
FBgn0053363,False,0.0,0.8571428571428571,0.9598428356134892,True
FBgn0053364,False,0.0,,0.9732742254320552,True
FBgn0053365,False,0.0,,0.9732742254320552,True
FBgn0053366,False,0.0,,0.9732742254320552,True
FBgn0053367,False,0.0,,0.9732742254320552,True
FBgn0053368,False,0.0,,0.9732742254320552,True
FBgn0053369,False,0.0,,0.9732742254320552,True
FBgn0053370,False,0.0,,0.9732742254320552,True
FBgn0053371,False,0.0,,0.9732742254320552,True
FBgn0053372,False,0.0,,0.9732742254320552,True
FBgn0053373,False,0.0,,0.9732742254320552,True
FBgn0053374,False,0.0,,0.9732742254320552,True
FBgn0053375,False,0.0,,0.9732742254320552,True
FBgn0053376,False,0.0,,0.9732742254320552,True
FBgn0053377,False,0.0,,0.9732742254320552,True
FBgn0053378,False,0.0,,0.9732742254320552,True
FBgn0053379,False,0.0,,0.9732742254320552,True
FBgn0053380,False,0.0,,0.9732742254320552,True
FBgn0053381,False,0.0,,0.9732742254320552,True
FBgn0053382,False,0.0,,0.9732742254320552,True
FBgn0053383,False,0.0,,0.9732742254320552,True
FBgn0053384,False,0.0,,0.9732742254320552,True
FBgn0053385,False,0.0,,0.9732742254320552,True
FBgn0053386,False,0.0,,0.9732742254320552,True
FBgn0053387,False,0.0,,0.9732742254320552,True
FBgn0053388,False,0.0,,0.9732742254320552,True
FBgn0053389,False,0.0,,0.9732742254320552,True
FBgn0053390,False,0.0,,0.9732742254320552,True
FBgn0053391,False,0.0,,0.9732742254320552,True
FBgn0053392,False,0.0,,0.9732742254320552,True
FBgn0053393,False,0.0,,0.9732742254320552,True
FBgn0053394,False,0.0,,0.9732742254320552,True
FBgn0053395,False,0.0,,0.9732742254320552,True
FBgn0053396,False,0.0,,0.9732742254320552,True
FBgn0053397,False,0.0,,0.9732742254320552,True
FBgn0053398,False,0.0,,0.9732742254320552,True
FBgn0053399,False,0.0,,0.9732742254320552,True
FBgn0053400,False,0.0,,0.9732742254320552,True
FBgn0053401,False,0.0,,0.9732742254320552,True
FBgn0053402,False,0.0,,0.9732742254320552,True
FBgn0053403,False,0.0,,0.9732742254320552,True
FBgn0053404,False,0.0,,0.9732742254320552,True
FBgn0053405,False,0.0,,0.9732742254320552,True
FBgn0053406,False,0.0,,0.9732742254320552,True
FBgn0053407,False,0.0,,0.9732742254320552,True
FBgn0053408,False,0.0,,0.9732742254320552,True
FBgn0053409,False,0.0,,0.9732742254320552,True
FBgn0053410,False,0.0,,0.9732742254320552,True
FBgn0053411,False,0.0,,0.9732742254320552,True
FBgn0053412,False,0.0,,0.9732742254320552,True
FBgn0053413,False,0.0,,0.9732742254320552,True
FBgn0053414,False,0.0,,0.9732742254320552,True
FBgn0053415,False,0.0,,0.9732742254320552,True
FBgn0053416,False,0.0,0.8571428571428571,0.9801636231969154,True
FBgn0053417,False,0.0,,0.9732742254320552,True
FBgn0053418,False,0.0,,0.9732742254320552,True
FBgn0053419,False,0.0,,0.9732742254320552,True
FBgn0053420,False,0.0,,0.9732742254320552,True
FBgn0053421,False,0.0,,0.9732742254320552,True
FBgn0053422,False,0.0,,0.9732742254320552,True
FBgn0053423,False,0.0,,0.9732742254320552,True
FBgn0053424,False,0.0,,0.9732742254320552,True
FBgn0053425,False,0.0,,0.9732742254320552,True
FBgn0053426,False,0.0,,0.9732742254320552,True
FBgn0053427,False,0.0,,0.9732742254320552,True
FBgn0053428,False,0.0,,0.9732742254320552,True
FBgn0053429,False,0.0,,0.9732742254320552,True
FBgn0053430,False,0.0,,0.9732742254320552,True
FBgn0053431,False,0.0,,0.9732742254320552,True
FBgn0053432,False,0.0,,0.9732742254320552,True
FBgn0053433,False,0.0,,0.9732742254320552,True
FBgn0053434,False,0.0,,0.9732742254320552,True
FBgn0053435,False,0.0,,0.9732742254320552,True
FBgn0053436,False,0.0,,0.9732742254320552,True
FBgn0053437,False,0.0,,0.9732742254320552,True
FBgn0053438,False,0.0,,0.9732742254320552,True
FBgn0053439,False,0.0,,0.9732742254320552,True
FBgn0053440,False,0.0,,0.9732742254320552,True
FBgn0053441,False,0.0,0.8571428571428571,0.9445863425518173,True
FBgn0053442,False,0.0,,0.9732742254320552,True
FBgn0053443,False,0.0,,0.9732742254320552,True
FBgn0053444,False,0.0,,0.9732742254320552,True
FBgn0053445,False,0.0,,0.9732742254320552,True
FBgn0053446,False,0.0,,0.9732742254320552,True
FBgn0053447,False,0.0,,0.9732742254320552,True
FBgn0053448,False,0.0,,0.9732742254320552,True
FBgn0053449,False,0.0,,0.9732742254320552,True
FBgn0053450,False,0.0,,0.9732742254320552,True
FBgn0053451,False,0.0,,0.9732742254320552,True
FBgn0053452,False,0.0,,0.9732742254320552,True
FBgn0053453,False,0.0,0.8571428571428571,0.9445863425518173,True
FBgn0053454,False,0.0,,0.9732742254320552,True
FBgn0053458,False,0.0,,0.9732742254320552,True
FBgn0053459,False,0.0,1.0,0.9244759556103576,True
FBgn0053460,False,0.0,1.0,0.9895876147417454,True
FBgn0053461,False,0.0,1.0,0.9604153210811657,True
FBgn0053462,False,0.0,0.8571428571428571,0.9021000919891179,True
FBgn0053463,False,0.0,1.0,0.9732937975847964,True
FBgn0053464,False,0.0,0.7142857142857143,0.8341553637484587,True
FBgn0053465,False,0.0,1.0,0.9741843305345155,True
FBgn0053467,False,0.0,,0.9732742254320552,True
FBgn0053468,False,0.0,1.0,0.9934824731372204,True
FBgn0053469,False,0.0,0.5714285714285714,0.8252353551367115,True
FBgn0053470,False,0.0,0.8571428571428571,0.9473460160883096,True
FBgn0053471,False,0.0,0.8571428571428571,0.9710283209050163,True
FBgn0053474,False,0.0,1.0,0.9580568766758656,True
FBgn0053475,False,0.0,,0.9732742254320552,True
FBgn0053476,False,0.0,,0.9732742254320552,True
FBgn0053477,False,0.0,,0.9732742254320552,True
FBgn0053481,False,0.0,0.5714285714285714,0.7825338108938602,True
FBgn0053483,False,0.0,0.8571428571428571,0.9346436889593487,True
FBgn0053487,False,0.0,,0.9732742254320552,True
FBgn0053489,False,0.0,1.0,0.9747861742313038,True
FBgn0053490,False,0.0,0.8571428571428571,0.9710283209050163,True
FBgn0053491,False,0.0,0.8571428571428571,0.8844900475603312,True
FBgn0053493,False,0.0,0.8571428571428571,0.8653925195232224,True
FBgn0053494,False,0.0,0.42857142857142855,0.6939208893586206,True
FBgn0053496,False,0.0,,0.9732742254320552,True
FBgn0053497,False,0.0,,0.9732742254320552,True
FBgn0053498,False,0.0,0.8571428571428571,0.9347709079521657,True
FBgn0053499,False,0.0,,0.9732742254320552,True
FBgn0053500,False,0.0,,0.9732742254320552,True
FBgn0053502,False,0.0,1.0,0.9270350145812538,True
FBgn0053503,False,0.0,1.0,0.9147926330417082,True
FBgn0053504,False,0.0,1.0,0.9531295872232987,True
FBgn0053505,False,0.0,1.0,0.9407257354236392,True
FBgn0053506,False,0.0,1.0,0.9553265613684849,True
FBgn0053507,False,0.0,0.8571428571428571,0.9351868161979136,True
FBgn0053508,False,0.0,1.0,0.995723484626074,True
FBgn0053509,False,0.0,1.0,0.9516959270350146,True
FBgn0053510,False,0.0,0.42857142857142855,0.6956823831053177,True
FBgn0053511,False,0.0,0.7142857142857143,0.7497895993580334,True
FBgn0053512,False,0.0,0.5714285714285714,0.9041111306832639,True
FBgn0053513,False,0.0,0.8571428571428571,0.8466326111208972,True
FBgn0053514,False,0.0,0.7142857142857143,0.8199753390875462,True
FBgn0053516,False,0.0,1.0,0.9989920341338344,True
FBgn0053517,False,0.0,1.0,0.9738711760906582,True
FBgn0053519,False,0.0,1.0,0.9714344430743937,True
FBgn0053520,False,0.0,0.42857142857142855,0.8599221028320905,True
FBgn0053522,False,0.0,0.8571428571428571,0.92315972833852,True
FBgn0053523,False,0.0,0.7142857142857143,0.8821071379641047,True
FBgn0053526,False,0.0,0.8571428571428571,0.9236392460806764,True
FBgn0053527,False,0.0,1.0,0.8999960855694518,True
FBgn0053530,False,0.0,1.0,0.9657878770085921,True
FBgn0053531,False,0.0,1.0,0.9831190182608185,True
FBgn0053532,False,0.0,1.0,0.9821404106237646,True
FBgn0053533,False,0.0,0.7142857142857143,0.8477482238271388,True
FBgn0053534,False,0.0,,0.9732742254320552,True
FBgn0053535,False,0.0,1.0,0.9575431076664123,True
FBgn0053536,False,0.0,,0.9732742254320552,True
FBgn0053537,False,0.0,0.8571428571428571,0.9650881725480985,True
FBgn0053538,False,0.0,,0.9732742254320552,True
FBgn0053539,False,0.0,,0.9732742254320552,True
FBgn0053541,False,0.0,0.8571428571428571,0.8815982619928366,True
FBgn0053542,False,0.0,0.2857142857142857,0.7767306676061301,True
FBgn0053543,False,0.0,0.8571428571428571,0.9061319554537803,True
FBgn0053544,False,0.0,0.8571428571428571,0.9689585657526472,True
FBgn0053547,False,0.0,0.5714285714285714,0.8729914078249467,True
FBgn0053548,False,0.0,1.0,0.9653768618010294,True
FBgn0053551,False,0.0,1.0,0.9581840956686826,True
FBgn0053552,False,0.0,0.7142857142857143,0.8996388937819271,True
FBgn0053554,False,0.0,0.42857142857142855,0.6665590198265907,True
FBgn0053555,False,0.0,1.0,0.9979253518094455,True
FBgn0053556,False,0.0,1.0,0.9987767404536825,True
FBgn0053557,False,0.0,,0.9732742254320552,True
FBgn0053558,False,0.0,1.0,0.9940109212612296,True
FBgn0053626,False,0.0,,0.9732742254320552,True
FBgn0053627,False,0.0,,0.9732742254320552,True
FBgn0053629,False,0.0,,0.9732742254320552,True
FBgn0053630,False,0.0,,0.9732742254320552,True
FBgn0053631,False,0.0,0.8571428571428571,0.9710283209050163,True
FBgn0053632,False,0.0,0.8571428571428571,0.9480310414342473,True
FBgn0053635,False,0.0,0.5714285714285714,0.7524807703599319,True
FBgn0053639,False,0.0,0.8571428571428571,0.9650881725480985,True
FBgn0053640,False,0.0,1.0,0.9420957861155149,True
FBgn0053641,False,0.0,1.0,0.9836866106903098,True
FBgn0053642,False,0.0,1.0,0.9796743193783884,True
FBgn0053643,False,0.0,1.0,0.9863679956158378,True
FBgn0053644,False,0.0,0.8571428571428571,0.8865500166363298,True
FBgn0053645,False,0.0,0.8571428571428571,0.8727418628774979,True
FBgn0053647,False,0.0,0.8571428571428571,0.9480310414342473,True
FBgn0053648,False,0.0,,0.9732742254320552,True
FBgn0053651,False,0.0,1.0,0.9382400720255221,True
FBgn0053653,False,0.0,0.8571428571428571,0.8326972383692481,True
FBgn0053654,False,0.0,0.7142857142857143,0.8667136398332452,True
FBgn0053658,False,0.0,0.8571428571428571,0.9585461804943926,True
FBgn0053664,False,0.0,,0.9732742254320552,True
FBgn0053665,False,0.0,0.8571428571428571,0.9473460160883096,True
FBgn0053666,False,0.0,,0.9732742254320552,True
FBgn0053667,False,0.0,,0.9732742254320552,True
FBgn0053668,False,0.0,,0.9732742254320552,True
FBgn0053669,False,0.0,,0.9732742254320552,True
FBgn0053673,False,0.0,1.0,0.9577975456520462,True
FBgn0053678,False,0.0,0.8571428571428571,0.9406816980799718,True
FBgn0053679,False,0.0,1.0,0.9728729963008631,True
FBgn0053680,False,0.0,,0.9732742254320552,True
FBgn0053681,False,0.0,,0.9732742254320552,True
FBgn0053687,False,0.0,0.8571428571428571,0.9650881725480985,True
FBgn0053688,False,0.0,,0.9732742254320552,True
FBgn0053689,False,0.0,,0.9732742254320552,True
FBgn0053690,False,0.0,0.8571428571428571,0.9480310414342473,True
FBgn0053696,False,0.0,0.7142857142857143,0.8260916368191338,True
FBgn0053700,False,0.0,0.8571428571428571,0.9801636231969154,True
FBgn0053701,False,0.0,,0.9732742254320552,True
FBgn0053702,False,0.0,,0.9732742254320552,True
FBgn0053703,False,0.0,,0.9732742254320552,True
FBgn0053704,False,0.0,,0.9732742254320552,True
FBgn0053710,False,0.0,0.8571428571428571,0.9465533439022958,True
FBgn0053721,False,0.0,,0.9732742254320552,True
FBgn0053723,False,0.0,,0.9732742254320552,True
FBgn0053724,False,0.0,0.8571428571428571,0.8719785489205958,True
FBgn0053725,False,0.0,0.8571428571428571,0.9225383124889907,True
FBgn0053727,False,0.0,,0.9732742254320552,True
FBgn0053728,False,0.0,,0.9732742254320552,True
FBgn0053729,False,0.0,,0.9732742254320552,True
FBgn0053730,False,0.0,,0.9732742254320552,True
FBgn0053731,False,0.0,,0.9732742254320552,True
FBgn0053732,False,0.0,,0.9732742254320552,True
FBgn0053733,False,0.0,,0.9732742254320552,True
FBgn0053734,False,0.0,,0.9732742254320552,True
FBgn0053735,False,0.0,,0.9732742254320552,True
FBgn0053736,False,0.0,,0.9732742254320552,True
FBgn0053737,False,0.0,,0.9732742254320552,True
FBgn0053738,False,0.0,,0.9732742254320552,True
FBgn0053739,False,0.0,,0.9732742254320552,True
FBgn0053740,False,0.0,,0.9732742254320552,True
FBgn0053741,False,0.0,,0.9732742254320552,True
FBgn0053742,False,0.0,,0.9732742254320552,True
FBgn0053743,False,0.0,,0.9732742254320552,True
FBgn0053744,False,0.0,,0.9732742254320552,True
FBgn0053745,False,0.0,,0.9732742254320552,True
FBgn0053746,False,0.0,,0.9732742254320552,True
FBgn0053752,False,0.0,,0.9732742254320552,True
FBgn0053757,False,0.0,0.8571428571428571,0.8646977081009141,True
FBgn0053758,False,0.0,0.8571428571428571,0.9139216722447302,True
FBgn0053764,False,0.0,,0.9732742254320552,True
FBgn0053766,False,0.0,,0.9732742254320552,True
FBgn0053767,False,0.0,,0.9732742254320552,True
FBgn0053768,False,0.0,,0.9732742254320552,True
FBgn0053769,False,0.0,0.8571428571428571,0.9585461804943926,True
FBgn0053770,False,0.0,,0.9732742254320552,True
FBgn0053771,False,0.0,,0.9732742254320552,True
FBgn0053772,False,0.0,,0.9732742254320552,True
FBgn0053773,False,0.0,0.8571428571428571,0.9801636231969154,True
FBgn0053774,False,0.0,0.42857142857142855,0.653426105337326,True
FBgn0053775,False,0.0,1.0,0.9476689566085373,True
FBgn0053777,False,0.0,0.5714285714285714,0.892279764351281,True
FBgn0053783,False,0.0,0.8571428571428571,0.9650881725480985,True
FBgn0053784,False,0.0,1.0,0.9759409312430274,True
FBgn0053792,False,0.0,0.8571428571428571,0.9585461804943926,True
FBgn0053795,False,0.0,0.8571428571428571,0.9650881725480985,True
FBgn0053796,False,0.0,,0.9732742254320552,True
FBgn0053797,False,0.0,,0.9732742254320552,True
FBgn0053798,False,0.0,,0.9732742254320552,True
FBgn0053800,False,0.0,1.0,0.9521999099680974,True
FBgn0053801,False,0.0,0.8571428571428571,0.9473460160883096,True
FBgn0053802,False,0.0,,0.9732742254320552,True
FBgn0053803,False,0.0,,0.9732742254320552,True
FBgn0053804,False,0.0,,0.9732742254320552,True
FBgn0053805,False,0.0,0.5714285714285714,0.747861742313037,True
FBgn0053806,False,0.0,,0.9732742254320552,True
FBgn0053807,False,0.0,,0.9732742254320552,True
FBgn0053808,False,0.0,,0.9732742254320552,True
FBgn0053809,False,0.0,,0.9732742254320552,True
FBgn0053810,False,0.0,,0.9732742254320552,True
FBgn0053811,False,0.0,,0.9732742254320552,True
FBgn0053812,False,0.0,,0.9732742254320552,True
FBgn0053813,False,0.0,,0.9732742254320552,True
FBgn0053814,False,0.0,,0.9732742254320552,True
FBgn0053815,False,0.0,,0.9732742254320552,True
FBgn0053816,False,0.0,,0.9732742254320552,True
FBgn0053817,False,0.0,,0.9732742254320552,True
FBgn0053818,False,0.0,,0.9732742254320552,True
FBgn0053819,False,0.0,,0.9732742254320552,True
FBgn0053820,False,0.0,,0.9732742254320552,True
FBgn0053821,False,0.0,,0.9732742254320552,True
FBgn0053822,False,0.0,,0.9732742254320552,True
FBgn0053823,False,0.0,,0.9732742254320552,True
FBgn0053824,False,0.0,,0.9732742254320552,True
FBgn0053825,False,0.0,,0.9732742254320552,True
FBgn0053826,False,0.0,,0.9732742254320552,True
FBgn0053827,False,0.0,,0.9732742254320552,True
FBgn0053828,False,0.0,,0.9732742254320552,True
FBgn0053829,False,0.0,,0.9732742254320552,True
FBgn0053830,False,0.0,,0.9732742254320552,True
FBgn0053831,False,0.0,,0.9732742254320552,True
FBgn0053832,False,0.0,,0.9732742254320552,True
FBgn0053833,False,0.0,,0.9732742254320552,True
FBgn0053834,False,0.0,1.0,0.9600043058736031,True
FBgn0053835,False,0.0,,0.9732742254320552,True
FBgn0053836,False,0.0,,0.9732742254320552,True
FBgn0053837,False,0.0,,0.9732742254320552,True
FBgn0053838,False,0.0,,0.9732742254320552,True
FBgn0053839,False,0.0,,0.9732742254320552,True
FBgn0053840,False,0.0,,0.9732742254320552,True
FBgn0053841,False,0.0,,0.9732742254320552,True
FBgn0053842,False,0.0,,0.9732742254320552,True
FBgn0053843,False,0.0,,0.9732742254320552,True
FBgn0053844,False,0.0,,0.9732742254320552,True
FBgn0053845,False,0.0,,0.9732742254320552,True
FBgn0053846,False,0.0,,0.9732742254320552,True
FBgn0053847,False,0.0,,0.9732742254320552,True
FBgn0053848,False,0.0,,0.9732742254320552,True
FBgn0053849,False,0.0,,0.9732742254320552,True
FBgn0053850,False,0.0,,0.9732742254320552,True
FBgn0053851,False,0.0,,0.9732742254320552,True
FBgn0053852,False,0.0,,0.9732742254320552,True
FBgn0053853,False,0.0,,0.9732742254320552,True
FBgn0053854,False,0.0,,0.9732742254320552,True
FBgn0053855,False,0.0,,0.9732742254320552,True
FBgn0053856,False,0.0,,0.9732742254320552,True
FBgn0053857,False,0.0,,0.9732742254320552,True
FBgn0053858,False,0.0,,0.9732742254320552,True
FBgn0053859,False,0.0,,0.9732742254320552,True
FBgn0053860,False,0.0,,0.9732742254320552,True
FBgn0053861,False,0.0,,0.9732742254320552,True
FBgn0053862,False,0.0,,0.9732742254320552,True
FBgn0053863,False,0.0,,0.9732742254320552,True
FBgn0053864,False,0.0,,0.9732742254320552,True
FBgn0053865,False,0.0,,0.9732742254320552,True
FBgn0053866,False,0.0,,0.9732742254320552,True
FBgn0053867,False,0.0,1.0,0.9222300510833187,True
FBgn0053868,False,0.0,1.0,0.9866420057542129,True
FBgn0053869,False,0.0,,0.9732742254320552,True
FBgn0053870,False,0.0,,0.9732742254320552,True
FBgn0053871,False,0.0,,0.9732742254320552,True
FBgn0053872,False,0.0,,0.9732742254320552,True
FBgn0053873,False,0.0,,0.9732742254320552,True
FBgn0053874,False,0.0,,0.9732742254320552,True
FBgn0053875,False,0.0,,0.9732742254320552,True
FBgn0053876,False,0.0,,0.9732742254320552,True
FBgn0053877,False,0.0,,0.9732742254320552,True
FBgn0053878,False,0.0,,0.9732742254320552,True
FBgn0053879,False,0.0,,0.9732742254320552,True
FBgn0053880,False,0.0,,0.9732742254320552,True
FBgn0053881,False,0.0,,0.9732742254320552,True
FBgn0053882,False,0.0,,0.9732742254320552,True
FBgn0053883,False,0.0,,0.9732742254320552,True
FBgn0053884,False,0.0,,0.9732742254320552,True
FBgn0053885,False,0.0,,0.9732742254320552,True
FBgn0053886,False,0.0,,0.9732742254320552,True
FBgn0053887,False,0.0,,0.9732742254320552,True
FBgn0053888,False,0.0,,0.9732742254320552,True
FBgn0053889,False,0.0,,0.9732742254320552,True
FBgn0053890,False,0.0,,0.9732742254320552,True
FBgn0053891,False,0.0,,0.9732742254320552,True
FBgn0053892,False,0.0,,0.9732742254320552,True
FBgn0053893,False,0.0,,0.9732742254320552,True
FBgn0053894,False,0.0,,0.9732742254320552,True
FBgn0053895,False,0.0,,0.9732742254320552,True
FBgn0053896,False,0.0,,0.9732742254320552,True
FBgn0053897,False,0.0,,0.9732742254320552,True
FBgn0053898,False,0.0,,0.9732742254320552,True
FBgn0053899,False,0.0,,0.9732742254320552,True
FBgn0053900,False,0.0,,0.9732742254320552,True
FBgn0053901,False,0.0,,0.9732742254320552,True
FBgn0053902,False,0.0,,0.9732742254320552,True
FBgn0053903,False,0.0,,0.9732742254320552,True
FBgn0053904,False,0.0,,0.9732742254320552,True
FBgn0053905,False,0.0,,0.9732742254320552,True
FBgn0053906,False,0.0,,0.9732742254320552,True
FBgn0053907,False,0.0,0.8571428571428571,0.9689585657526472,True
FBgn0053908,False,0.0,,0.9732742254320552,True
FBgn0053909,False,0.0,0.5714285714285714,0.6194879924842933,True
FBgn0053910,False,0.0,,0.9732742254320552,True
FBgn0053911,False,0.0,0.42857142857142855,0.8972755563384417,True
FBgn0053912,False,0.0,,0.9732742254320552,True
FBgn0053914,False,0.0,0.7142857142857143,0.8886246648268843,True
FBgn0053919,False,0.0,0.7142857142857143,0.8495586479556887,True
FBgn0053920,False,0.0,0.7142857142857143,0.8632493687980741,True
FBgn0053922,False,0.0,,0.9732742254320552,True
FBgn0053923,False,0.0,,0.9732742254320552,True
FBgn0053926,False,0.0,1.0,0.9906640831425049,True
FBgn0053927,False,0.0,1.0,0.9552238075665942,True
FBgn0053928,False,0.0,1.0,0.9295989665903353,True
FBgn0053929,False,0.0,,0.9732742254320552,True
FBgn0053936,False,0.0,0.5714285714285714,0.7666118646389917,True
FBgn0053937,False,0.0,0.42857142857142855,0.7063687785019475,True
FBgn0053958,False,0.0,,0.9732742254320552,True
FBgn0053960,False,0.0,0.8571428571428571,0.9346436889593487,True
FBgn0053963,False,0.0,1.0,0.9891570273814417,True
FBgn0053964,False,0.0,,0.9732742254320552,True
FBgn0053965,False,0.0,0.8571428571428571,0.9445863425518173,True
FBgn0053966,False,0.0,,0.9732742254320552,True
FBgn0053967,False,0.0,1.0,0.9919264869943045,True
FBgn0053969,False,0.0,1.0,0.9845282132581762,True
FBgn0053970,False,0.0,1.0,0.9479185015559861,True
FBgn0053971,False,0.0,1.0,0.986299493081244,True
FBgn0053977,False,0.0,0.5714285714285714,0.656831659914274,True
FBgn0053978,False,0.0,0.42857142857142855,0.6433268745229288,True
FBgn0053980,False,0.0,0.8571428571428571,0.9480310414342473,True
FBgn0053983,False,0.0,1.0,0.9811324447575989,True
FBgn0053984,False,0.0,1.0,0.9498806098682794,True
FBgn0053985,False,0.0,0.8571428571428571,0.8716262501712564,True
FBgn0053986,False,0.0,,0.9732742254320552,True
FBgn0053987,False,0.0,0.8571428571428571,0.8822245708805512,True
FBgn0053988,False,0.0,0.8571428571428571,0.8717926134695555,True
FBgn0053993,False,0.0,0.8571428571428571,0.9023349578220108,True
FBgn0053995,False,0.0,0.42857142857142855,0.5828880668584737,True
FBgn0053998,False,0.0,,0.9732742254320552,True
FBgn0054001,False,0.0,0.7142857142857143,0.8220597733544712,True
FBgn0054002,False,0.0,0.8571428571428571,0.8007359129430646,True
FBgn0054003,False,0.0,1.0,0.9134910848844264,True
FBgn0054005,False,0.0,,0.9732742254320552,True
FBgn0054006,False,0.0,1.0,0.9526158182138453,True
FBgn0054007,False,0.0,,0.9732742254320552,True
FBgn0054008,False,0.0,1.0,0.9822186992347288,True
FBgn0054010,False,0.0,0.8571428571428571,0.8478950149726969,True
FBgn0054011,False,0.0,,0.9732742254320552,True
FBgn0054012,False,0.0,1.0,0.9695261581821385,True
FBgn0054015,False,0.0,0.8571428571428571,0.877781692208326,True
FBgn0054016,False,0.0,0.42857142857142855,0.8972755563384417,True
FBgn0054021,False,0.0,1.0,0.9575431076664123,True
FBgn0054022,False,0.0,0.8571428571428571,0.8833548627013486,True
FBgn0054023,False,0.0,,0.9732742254320552,True
FBgn0054024,False,0.0,,0.9732742254320552,True
FBgn0054025,False,0.0,,0.9732742254320552,True
FBgn0054026,False,0.0,,0.9732742254320552,True
FBgn0054027,False,0.0,1.0,0.9478059616777249,True
FBgn0054028,False,0.0,0.5714285714285714,0.9194752705850117,True
FBgn0054029,False,0.0,,0.9732742254320552,True
FBgn0054030,False,0.0,0.42857142857142855,0.8972755563384417,True
FBgn0054031,False,0.0,0.8571428571428571,0.8664787740003523,True
FBgn0054032,False,0.0,0.8571428571428571,0.9473460160883096,True
FBgn0054033,False,0.0,1.0,0.9725696279333764,True
FBgn0054034,False,0.0,1.0,0.9668252011038694,True
FBgn0054035,False,0.0,,0.9732742254320552,True
FBgn0054038,False,0.0,,0.9732742254320552,True
FBgn0054039,False,0.0,0.5714285714285714,0.733544712582937,True
FBgn0054040,False,0.0,0.5714285714285714,0.9041111306832639,True
FBgn0054041,False,0.0,0.8571428571428571,0.9710283209050163,True
FBgn0054043,False,0.0,0.7142857142857143,0.8821267101168457,True
FBgn0054044,False,0.0,,0.9732742254320552,True
FBgn0054045,False,0.0,,0.9732742254320552,True
FBgn0054046,False,0.0,0.8571428571428571,0.9369385238682403,True
FBgn0054047,False,0.0,,0.9732742254320552,True
FBgn0054048,False,0.0,,0.9732742254320552,True
FBgn0054049,False,0.0,,0.9732742254320552,True
FBgn0054050,False,0.0,,0.9732742254320552,True
FBgn0054051,False,0.0,0.7142857142857143,0.8770917738242029,True
FBgn0054052,False,0.0,,0.9732742254320552,True
FBgn0054053,False,0.0,,0.9732742254320552,True
FBgn0054054,False,0.0,1.0,0.9386510872330848,True
FBgn0054056,False,0.0,1.0,0.9984929442389369,True
FBgn0054057,False,0.0,1.0,0.9981112872604858,True
FBgn0058005,False,0.0,1.0,0.9310375198168046,True
FBgn0058006,False,0.0,1.0,0.9580568766758656,True
FBgn0058045,False,0.0,0.5714285714285714,0.7487424891863856,True
FBgn0058053,False,0.0,1.0,0.9487894623529642,True
FBgn0058127,False,0.0,1.0,0.9442487229170337,True
FBgn0058172,False,0.0,,0.9732742254320552,True
FBgn0058174,False,0.0,,0.9732742254320552,True
FBgn0058298,False,0.0,0.42857142857142855,0.6932554361654238,True
FBgn0058439,False,0.0,0.8571428571428571,0.8300941420546846,True
FBgn0058441,False,0.0,,0.9732742254320552,True
FBgn0058463,False,0.0,0.8571428571428571,0.9801636231969154,True
FBgn0058470,False,0.0,0.7142857142857143,0.7657702620711251,True
FBgn0060291,False,0.0,0.42857142857142855,0.8806343334703384,True
FBgn0060292,False,0.0,1.0,0.946793102773374,True
FBgn0060296,False,0.0,1.0,0.9929540250132112,True
FBgn0061173,False,0.0,0.8571428571428571,0.9801636231969154,True
FBgn0061188,False,0.0,,0.9732742254320552,True
FBgn0061196,False,0.0,0.7142857142857143,0.8477677959798798,True
FBgn0061197,False,0.0,1.0,0.9669377409821306,True
FBgn0061198,False,0.0,0.8571428571428571,0.8532773569764939,True
FBgn0061200,False,0.0,1.0,0.9760926154267708,True
FBgn0061209,False,0.0,0.8571428571428571,0.9650881725480985,True
FBgn0061354,False,0.0,,0.9732742254320552,True
FBgn0061355,False,0.0,,0.9732742254320552,True
FBgn0061356,False,0.0,,0.9732742254320552,True
FBgn0061359,False,0.0,,0.9732742254320552,True
FBgn0061360,False,0.0,,0.9732742254320552,True
FBgn0061361,False,0.0,,0.9732742254320552,True
FBgn0061362,False,0.0,,0.9732742254320552,True
FBgn0061435,False,0.0,,0.9732742254320552,True
FBgn0061469,False,0.0,1.0,0.9847141487092165,True
FBgn0061476,False,0.0,1.0,0.9754858786917974,True
FBgn0061492,False,0.0,1.0,0.9740473254653279,True
FBgn0061515,False,0.0,1.0,0.9455306989215744,True
FBgn0062411,False,0.0,0.8571428571428571,0.9801636231969154,True
FBgn0062412,False,0.0,1.0,0.985937408255534,True
FBgn0062413,False,0.0,0.8571428571428571,0.928923727320768,True
FBgn0062440,False,0.0,1.0,0.9890004501595131,True
FBgn0062442,False,0.0,0.8571428571428571,0.9499344332883174,True
FBgn0062449,False,0.0,0.8571428571428571,0.906396179515785,True
FBgn0062463,False,0.0,0.5714285714285714,0.6308104828450081,True
FBgn0062517,False,0.0,0.7142857142857143,0.8635625232419314,True
FBgn0062565,False,0.0,1.0,0.9859080500264225,True
FBgn0062928,False,0.0,1.0,0.9779226117080618,True
FBgn0062961,False,0.0,,0.9732742254320552,True
FBgn0062978,False,0.0,1.0,0.9989724619810934,True
FBgn0063083,False,0.0,,0.9732742254320552,True
FBgn0063127,False,0.0,,0.9732742254320552,True
FBgn0063261,False,0.0,,0.9732742254320552,True
FBgn0063356,False,0.0,,0.9732742254320552,True
FBgn0063373,False,0.0,1.0,0.9700594993443329,True
FBgn0063374,False,0.0,0.8571428571428571,0.9650881725480985,True
FBgn0063375,False,0.0,0.8571428571428571,0.9585461804943926,True
FBgn0063376,False,0.0,0.8571428571428571,0.9801636231969154,True
FBgn0063377,False,0.0,0.8571428571428571,0.9801636231969154,True
FBgn0063378,False,0.0,1.0,0.9700594993443329,True
FBgn0063379,False,0.0,0.8571428571428571,0.9585461804943926,True
FBgn0063380,False,0.0,,0.9732742254320552,True
FBgn0063381,False,0.0,0.8571428571428571,0.9801636231969154,True
FBgn0063382,False,0.0,0.8571428571428571,0.9710283209050163,True
FBgn0063383,False,0.0,,0.9732742254320552,True
FBgn0063384,False,0.0,0.8571428571428571,0.9801636231969154,True
FBgn0063385,False,0.0,0.5714285714285714,0.8398410741197424,True
FBgn0063386,False,0.0,0.8571428571428571,0.9577094709647114,True
FBgn0063387,False,0.0,0.8571428571428571,0.9602832090501634,True
FBgn0063388,False,0.0,,0.9732742254320552,True
FBgn0063389,False,0.0,0.5714285714285714,0.9076732624821404,True
FBgn0063391,False,0.0,0.8571428571428571,0.9453692286614604,True
FBgn0063392,False,0.0,0.8571428571428571,0.9411905740512398,True
FBgn0063449,False,0.0,0.8571428571428571,0.8731920223905427,True
FBgn0063485,False,0.0,1.0,0.9681365353375218,True
FBgn0063491,False,0.0,1.0,0.9919264869943045,True
FBgn0063492,False,0.0,1.0,0.9984929442389369,True
FBgn0063493,False,0.0,1.0,0.9978177049693696,True
FBgn0063494,False,0.0,1.0,0.977726890180651,True
FBgn0063495,False,0.0,1.0,0.9488481788111874,True
FBgn0063496,False,0.0,0.7142857142857143,0.8569324565008904,True
FBgn0063497,False,0.0,1.0,0.9372614643884681,True
FBgn0063498,False,0.0,1.0,0.9997357759379955,True
FBgn0063499,False,0.0,,0.9732742254320552,True
FBgn0063649,True,0.0,1.0,0.9998434227780714,False
FBgn0063667,True,0.0,1.0,0.9996574873270311,False
FBgn0063923,False,0.0,,0.9732742254320552,True
FBgn0063924,False,0.0,,0.9732742254320552,True
FBgn0064115,False,0.0,,0.9732742254320552,True
FBgn0064116,False,0.0,,0.9732742254320552,True
FBgn0064117,False,0.0,,0.9732742254320552,True
FBgn0064119,False,0.0,,0.9732742254320552,True
FBgn0064121,False,0.0,,0.9732742254320552,True
FBgn0064122,False,0.0,,0.9732742254320552,True
FBgn0064123,False,0.0,,0.9732742254320552,True
FBgn0064126,False,0.0,0.8571428571428571,0.9650881725480985,True
FBgn0064158,False,0.0,0.8571428571428571,0.9801636231969154,True
FBgn0064159,False,0.0,,0.9732742254320552,True
FBgn0064160,False,0.0,,0.9732742254320552,True
FBgn0064191,False,0.0,1.0,0.9590354843129196,True
FBgn0064225,False,0.0,0.7142857142857143,0.832530875070949,True
FBgn0064227,False,0.0,1.0,0.9669377409821306,True
FBgn0064237,False,0.0,1.0,0.9556152506214158,True
FBgn0064766,False,0.0,1.0,0.9528311118939972,True
FBgn0064912,False,0.0,1.0,0.9851545221458908,True
FBgn0065032,False,0.0,0.7142857142857143,0.8197502593310237,True
FBgn0065035,False,0.0,0.5714285714285714,0.7386530444483589,True
FBgn0065046,False,0.0,0.5714285714285714,0.8457910085530307,True
FBgn0065047,False,0.0,0.8571428571428571,0.9465533439022958,True
FBgn0065048,False,0.0,0.8571428571428571,0.9445863425518173,True
FBgn0065051,False,0.0,0.42857142857142855,0.8972755563384417,True
FBgn0065053,False,0.0,0.7142857142857143,0.7914684986201632,True
FBgn0065055,False,0.0,0.7142857142857143,0.8520638835065468,True
FBgn0065057,False,0.0,,0.9732742254320552,True
FBgn0065058,False,0.0,0.8571428571428571,0.9143229013759223,True
FBgn0065059,False,0.0,,0.9732742254320552,True
FBgn0065064,False,0.0,0.7142857142857143,0.7765643043078307,True
FBgn0065066,False,0.0,0.8571428571428571,0.8562425381167675,True
FBgn0065070,False,0.0,0.5714285714285714,0.8495146106120213,True
FBgn0065071,False,0.0,0.7142857142857143,0.8420429413031139,True
FBgn0065073,False,0.0,1.0,0.9306656489147241,True
FBgn0065076,False,0.0,0.8571428571428571,0.9411905740512398,True
FBgn0065080,False,0.0,,0.9732742254320552,True
FBgn0065081,False,0.0,,0.9732742254320552,True
FBgn0065083,False,0.0,,0.9732742254320552,True
FBgn0065084,False,0.0,,0.9732742254320552,True
FBgn0065087,False,0.0,,0.9732742254320552,True
FBgn0065088,False,0.0,0.8571428571428571,0.8788581606090854,True
FBgn0065092,False,0.0,,0.9732742254320552,True
FBgn0065094,False,0.0,,0.9732742254320552,True
FBgn0065095,False,0.0,1.0,0.9594171412913707,True
FBgn0065096,False,0.0,,0.9732742254320552,True
FBgn0065097,False,0.0,,0.9732742254320552,True
FBgn0065098,False,0.0,1.0,0.983109232184448,True
FBgn0065099,False,0.0,0.8571428571428571,0.8383340183586793,True
FBgn0065100,False,0.0,1.0,0.970313937329967,True
FBgn0065101,False,0.0,,0.9732742254320552,True
FBgn0065102,False,0.0,,0.9732742254320552,True
FBgn0065104,False,0.0,1.0,0.9143326874522929,True
FBgn0065105,False,0.0,1.0,0.9510109016890768,True
FBgn0065107,False,0.0,,0.9732742254320552,True
FBgn0065108,False,0.0,0.5714285714285714,0.8287534495919207,True
FBgn0065109,False,0.0,1.0,0.9586733994872096,True
FBgn0065110,False,0.0,1.0,0.9721537196876284,True
FBgn0066084,False,0.0,1.0,0.9822089131583583,True
FBgn0066101,False,0.0,1.0,0.9684203315522675,True
FBgn0066114,False,0.0,0.7142857142857143,0.8776055428336563,True
FBgn0066292,False,0.0,1.0,0.9846847904801049,True
FBgn0066293,False,0.0,1.0,0.9596862583915605,True
FBgn0066303,False,0.0,,0.9732742254320552,True
FBgn0066304,False,0.0,,0.9732742254320552,True
FBgn0066365,False,0.0,1.0,0.9555712132777484,True
FBgn0067052,False,0.0,,0.9732742254320552,True
FBgn0067102,False,0.0,1.0,0.9350693832814672,True
FBgn0067311,False,0.0,0.8571428571428571,0.9546806803280293,True
FBgn0067312,False,0.0,1.0,0.9499148611355763,True
FBgn0067317,False,0.0,1.0,0.9581449513632004,True
FBgn0067337,False,0.0,,0.9732742254320552,True
FBgn0067339,False,0.0,0.8571428571428571,0.9473460160883096,True
FBgn0067340,False,0.0,,0.9732742254320552,True
FBgn0067341,False,0.0,,0.9732742254320552,True
FBgn0067407,False,0.0,,0.9732742254320552,True
FBgn0067622,False,0.0,,0.9732742254320552,True
FBgn0067628,False,0.0,1.0,0.9841367702033547,True
FBgn0067629,False,0.0,0.8571428571428571,0.8815395455346133,True
FBgn0067678,False,0.0,,0.9732742254320552,True
FBgn0067679,False,0.0,,0.9732742254320552,True
FBgn0067680,False,0.0,,0.9732742254320552,True
FBgn0067681,False,0.0,,0.9732742254320552,True
FBgn0067682,False,0.0,,0.9732742254320552,True
FBgn0067683,False,0.0,0.8571428571428571,0.9801636231969154,True
FBgn0067684,False,0.0,0.8571428571428571,0.9445863425518173,True
FBgn0067685,False,0.0,0.8571428571428571,0.9501350478539135,True
FBgn0067686,False,0.0,,0.9732742254320552,True
FBgn0067687,False,0.0,0.8571428571428571,0.9801636231969154,True
FBgn0067688,False,0.0,,0.9732742254320552,True
FBgn0067689,False,0.0,,0.9732742254320552,True
FBgn0067690,False,0.0,,0.9732742254320552,True
FBgn0067691,False,0.0,,0.9732742254320552,True
FBgn0067692,False,0.0,,0.9732742254320552,True
FBgn0067693,False,0.0,,0.9732742254320552,True
FBgn0067694,False,0.0,,0.9732742254320552,True
FBgn0067695,False,0.0,,0.9732742254320552,True
FBgn0067696,False,0.0,,0.9732742254320552,True
FBgn0067697,False,0.0,,0.9732742254320552,True
FBgn0067698,False,0.0,,0.9732742254320552,True
FBgn0067699,False,0.0,,0.9732742254320552,True
FBgn0067700,False,0.0,0.8571428571428571,0.9650881725480985,True
FBgn0067701,False,0.0,0.8571428571428571,0.9710283209050163,True
FBgn0067702,False,0.0,,0.9732742254320552,True
FBgn0067703,False,0.0,,0.9732742254320552,True
FBgn0067704,False,0.0,,0.9732742254320552,True
FBgn0067705,False,0.0,,0.9732742254320552,True
FBgn0067706,False,0.0,,0.9732742254320552,True
FBgn0067707,False,0.0,,0.9732742254320552,True
FBgn0067708,False,0.0,1.0,0.9217505333411622,True
FBgn0067709,False,0.0,1.0,0.9700594993443329,True
FBgn0067710,False,0.0,0.42857142857142855,0.8490008416025678,True
FBgn0067711,False,0.0,1.0,0.9649462744407258,True
FBgn0067713,False,0.0,,0.9732742254320552,True
FBgn0067715,False,0.0,1.0,0.9642123187129352,True
FBgn0067716,False,0.0,,0.9732742254320552,True
FBgn0067717,False,0.0,1.0,0.9585657526471336,True
FBgn0067718,False,0.0,1.0,0.9695799816021764,True
FBgn0067719,False,0.0,0.8571428571428571,0.9585461804943926,True
FBgn0067720,False,0.0,,0.9732742254320552,True
FBgn0067721,False,0.0,,0.9732742254320552,True
FBgn0067722,False,0.0,,0.9732742254320552,True
FBgn0067723,False,0.0,,0.9732742254320552,True
FBgn0067724,False,0.0,,0.9732742254320552,True
FBgn0067725,False,0.0,,0.9732742254320552,True
FBgn0067726,False,0.0,0.8571428571428571,0.9598428356134892,True
FBgn0067779,False,0.0,0.7142857142857143,0.8378349284637818,True
FBgn0067782,False,0.0,,0.9732742254320552,True
FBgn0067783,False,0.0,1.0,0.9708864227976435,True
FBgn0067861,False,0.0,1.0,0.8850918912571194,True
FBgn0067864,False,0.0,1.0,0.9566770399076194,True
FBgn0067895,False,0.0,0.5714285714285714,0.7731391775781418,True
FBgn0067903,False,0.0,,0.9732742254320552,True
FBgn0067905,False,0.0,,0.9732742254320552,True
FBgn0069056,False,0.0,0.7142857142857143,0.8184291390210009,True
FBgn0069242,False,0.0,1.0,0.964496114927681,True
FBgn0069354,False,0.0,1.0,0.9317519033918541,True
FBgn0069913,False,0.0,1.0,0.9626954768755015,True
FBgn0069921,False,0.0,0.5714285714285714,0.7854011312704284,True
FBgn0069938,False,0.0,0.8571428571428571,0.9577094709647114,True
FBgn0069972,False,0.0,1.0,0.9448212083847103,True
FBgn0069973,False,0.0,0.8571428571428571,0.8383633765877909,True
FBgn0082170,False,0.0,,0.9732742254320552,True
FBgn0082171,False,0.0,,0.9732742254320552,True
FBgn0082172,False,0.0,0.7142857142857143,0.8759614820034055,True
FBgn0082173,False,0.0,,0.9732742254320552,True
FBgn0082174,False,0.0,,0.9732742254320552,True
FBgn0082179,False,0.0,,0.9732742254320552,True
FBgn0082180,False,0.0,,0.9732742254320552,True
FBgn0082181,False,0.0,,0.9732742254320552,True
FBgn0082182,False,0.0,,0.9732742254320552,True
FBgn0082582,False,0.0,1.0,0.9398645607030317,True
FBgn0082585,False,0.0,1.0,0.9336406161313683,True
FBgn0082598,False,0.0,0.8571428571428571,0.8869708179202631,True
FBgn0082831,False,0.0,1.0,0.9462940128784765,True
FBgn0082917,False,0.0,,0.9732742254320552,True
FBgn0082918,False,0.0,,0.9732742254320552,True
FBgn0082919,False,0.0,0.5714285714285714,0.846339028829781,True
FBgn0082922,False,0.0,1.0,0.9311940970387332,True
FBgn0082923,False,0.0,0.8571428571428571,0.9024279255475309,True
FBgn0082924,False,0.0,,0.9732742254320552,True
FBgn0082925,False,0.0,0.8571428571428571,0.9198813927543891,True
FBgn0082926,False,0.0,0.8571428571428571,0.9473460160883096,True
FBgn0082927,False,0.0,0.8571428571428571,0.9446059147045583,True
FBgn0082928,False,0.0,0.8571428571428571,0.9236930695007144,True
FBgn0082929,False,0.0,0.8571428571428571,0.9160697160080638,True
FBgn0082930,False,0.0,,0.9732742254320552,True
FBgn0082931,False,0.0,0.8571428571428571,0.9119057405123989,True
FBgn0082932,False,0.0,,0.9732742254320552,True
FBgn0082933,False,0.0,,0.9732742254320552,True
FBgn0082934,False,0.0,,0.9732742254320552,True
FBgn0082935,False,0.0,,0.9732742254320552,True
FBgn0082936,False,0.0,,0.9732742254320552,True
FBgn0082937,False,0.0,0.42857142857142855,0.8972755563384417,True
FBgn0082938,False,0.0,,0.9732742254320552,True
FBgn0082939,False,0.0,,0.9732742254320552,True
FBgn0082940,False,0.0,,0.9732742254320552,True
FBgn0082941,False,0.0,,0.9732742254320552,True
FBgn0082942,False,0.0,0.42857142857142855,0.8972755563384417,True
FBgn0082943,False,0.0,0.8571428571428571,0.9585461804943926,True
FBgn0082944,False,0.0,0.8571428571428571,0.9062640674847826,True
FBgn0082945,False,0.0,0.8571428571428571,0.8912864775996712,True
FBgn0082946,False,0.0,0.5714285714285714,0.865059792926624,True
FBgn0082947,False,0.0,0.8571428571428571,0.9801636231969154,True
FBgn0082948,False,0.0,,0.9732742254320552,True
FBgn0082949,False,0.0,0.8571428571428571,0.9710283209050163,True
FBgn0082950,False,0.0,,0.9732742254320552,True
FBgn0082951,False,0.0,1.0,0.9810003327265966,True
FBgn0082952,False,0.0,0.8571428571428571,0.9480310414342473,True
FBgn0082953,False,0.0,1.0,0.9764449141761102,True
FBgn0082954,False,0.0,0.5714285714285714,0.8653093378740728,True
FBgn0082957,False,0.0,0.7142857142857143,0.8864130115671423,True
FBgn0082958,False,0.0,0.7142857142857143,0.9093466815415028,True
FBgn0082959,False,0.0,1.0,0.9736803476014326,True
FBgn0082960,False,0.0,0.8571428571428571,0.9138335975573953,True
FBgn0082961,False,0.0,1.0,0.9639578807273012,True
FBgn0082962,False,0.0,1.0,0.9629107705556534,True
FBgn0082963,False,0.0,0.8571428571428571,0.9007153621826864,True
FBgn0082966,False,0.0,0.8571428571428571,0.8767835124185309,True
FBgn0082967,False,0.0,0.8571428571428571,0.8642964789697218,True
FBgn0082968,False,0.0,0.8571428571428571,0.9465239856731842,True
FBgn0082969,False,0.0,0.8571428571428571,0.9689585657526472,True
FBgn0082970,False,0.0,0.8571428571428571,0.9801636231969154,True
FBgn0082971,False,0.0,0.5714285714285714,0.8560810678566535,True
FBgn0082972,False,0.0,0.42857142857142855,0.8527244436615583,True
FBgn0082973,False,0.0,0.5714285714285714,0.809386804454622,True
FBgn0082974,False,0.0,0.42857142857142855,0.7535572387606913,True
FBgn0082975,False,0.0,1.0,0.9630037382811736,True
FBgn0082976,False,0.0,0.5714285714285714,0.8313516528682989,True
FBgn0082978,False,0.0,1.0,0.938093280879964,True
FBgn0082979,False,0.0,0.5714285714285714,0.7998649521460865,True
FBgn0082981,False,0.0,0.42857142857142855,0.8972755563384417,True
FBgn0082983,False,0.0,,0.9732742254320552,True
FBgn0082986,False,0.0,0.42857142857142855,0.8666255651459104,True
FBgn0082987,False,0.0,1.0,0.9764840584815924,True
FBgn0082988,False,0.0,0.7142857142857143,0.8542706437281036,True
FBgn0082989,False,0.0,0.8571428571428571,0.9710283209050163,True
FBgn0082990,False,0.0,0.8571428571428571,0.9120818898870687,True
FBgn0082993,False,0.0,,0.9732742254320552,True
FBgn0082994,False,0.0,1.0,0.9513632004384162,True
FBgn0082995,False,0.0,,0.9732742254320552,True
FBgn0082997,False,0.0,1.0,0.9830309435734836,True
FBgn0082998,False,0.0,0.8571428571428571,0.915839743213356,True
FBgn0082999,False,0.0,0.42857142857142855,0.7927602607010744,True
FBgn0083000,False,0.0,0.7142857142857143,0.8750758420918717,True
FBgn0083001,False,0.0,1.0,0.9492494079423796,True
FBgn0083003,False,0.0,1.0,0.9820425498600591,True
FBgn0083004,False,0.0,0.8571428571428571,0.8637778169220833,True
FBgn0083005,False,0.0,0.7142857142857143,0.8344195878104632,True
FBgn0083006,False,0.0,0.7142857142857143,0.8593838686317108,True
FBgn0083007,False,0.0,0.8571428571428571,0.9689585657526472,True
FBgn0083008,False,0.0,0.8571428571428571,0.9801636231969154,True
FBgn0083009,False,0.0,0.42857142857142855,0.8718317577750376,True
FBgn0083010,False,0.0,0.8571428571428571,0.9416015892588026,True
FBgn0083011,False,0.0,0.5714285714285714,0.8722427729826003,True
FBgn0083012,False,0.0,0.8571428571428571,0.8883555477266945,True
FBgn0083013,False,0.0,0.8571428571428571,0.8861487875051377,True
FBgn0083014,False,0.0,0.8571428571428571,0.9650881725480985,True
FBgn0083015,False,0.0,0.8571428571428571,0.8697766817372243,True
FBgn0083016,False,0.0,,0.9732742254320552,True
FBgn0083017,False,0.0,0.8571428571428571,0.9585461804943926,True
FBgn0083018,False,0.0,0.8571428571428571,0.9801636231969154,True
FBgn0083020,False,0.0,0.42857142857142855,0.8806343334703384,True
FBgn0083021,False,0.0,0.8571428571428571,0.9801636231969154,True
FBgn0083022,False,0.0,0.8571428571428571,0.8975446734386315,True
FBgn0083023,False,0.0,0.42857142857142855,0.8666255651459104,True
FBgn0083024,False,0.0,0.42857142857142855,0.8972755563384417,True
FBgn0083025,False,0.0,,0.9732742254320552,True
FBgn0083026,False,0.0,0.8571428571428571,0.9585461804943926,True
FBgn0083027,False,0.0,0.8571428571428571,0.9279597987982698,True
FBgn0083028,False,0.0,0.5714285714285714,0.7892079149785685,True
FBgn0083029,False,0.0,1.0,0.9818468283326482,True
FBgn0083030,False,0.0,0.8571428571428571,0.9710283209050163,True
FBgn0083031,False,0.0,1.0,0.9674564030297692,True
FBgn0083032,False,0.0,1.0,0.9735041982267629,True
FBgn0083033,False,0.0,1.0,0.9560605170962754,True
FBgn0083034,False,0.0,1.0,0.9810003327265966,True
FBgn0083035,False,0.0,1.0,0.9747861742313038,True
FBgn0083036,False,0.0,0.42857142857142855,0.8718317577750376,True
FBgn0083037,False,0.0,0.8571428571428571,0.9488481788111874,True
FBgn0083038,False,0.0,0.8571428571428571,0.9378339498561447,True
FBgn0083039,False,0.0,1.0,0.9528017536648856,True
FBgn0083040,False,0.0,0.5714285714285714,0.7266553148180768,True
FBgn0083041,False,0.0,0.8571428571428571,0.8859530659777268,True
FBgn0083042,False,0.0,0.42857142857142855,0.8158896522028458,True
FBgn0083044,False,0.0,1.0,0.9553950639030787,True
FBgn0083045,False,0.0,0.8571428571428571,0.9689585657526472,True
FBgn0083046,False,0.0,1.0,0.9660912453760789,True
FBgn0083047,False,0.0,0.8571428571428571,0.8758831933924413,True
FBgn0083048,False,0.0,0.8571428571428571,0.8948681815512888,True
FBgn0083049,False,0.0,0.42857142857142855,0.7568942908030454,True
FBgn0083050,False,0.0,1.0,0.9645548313859041,True
FBgn0083053,False,0.0,0.5714285714285714,0.8569079913099642,True
FBgn0083054,False,0.0,0.7142857142857143,0.8419059362339264,True
FBgn0083055,False,0.0,1.0,0.9671481416240972,True
FBgn0083057,False,0.0,0.8571428571428571,0.8580676413598731,True
FBgn0083058,False,0.0,0.5714285714285714,0.7518153171667352,True
FBgn0083059,False,0.0,,0.9732742254320552,True
FBgn0083060,False,0.0,,0.9732742254320552,True
FBgn0083068,False,0.0,1.0,0.8791517429002016,True
FBgn0083077,False,0.0,1.0,0.9747323508112657,True
FBgn0083120,False,0.0,0.7142857142857143,0.7750866067758793,True
FBgn0083121,False,0.0,0.7142857142857143,0.7736578396257805,True
FBgn0083123,False,0.0,0.42857142857142855,0.6765408177245416,True
FBgn0083124,False,0.0,0.7142857142857143,0.7514140880355431,True
FBgn0083141,False,0.0,1.0,0.930719472334762,True
FBgn0083167,False,0.0,1.0,0.9841759145088368,True
FBgn0083228,False,0.0,0.8571428571428571,0.9275977139725599,True
FBgn0083919,False,0.0,1.0,0.9776388154933161,True
FBgn0083936,False,0.0,0.8571428571428571,0.9104818664004853,True
FBgn0083938,False,0.0,,0.9732742254320552,True
FBgn0083940,False,0.0,1.0,0.9897148337345625,True
FBgn0083941,False,0.0,,0.9732742254320552,True
FBgn0083942,False,0.0,,0.9732742254320552,True
FBgn0083943,False,0.0,,0.9732742254320552,True
FBgn0083944,False,0.0,,0.9732742254320552,True
FBgn0083945,False,0.0,0.8571428571428571,0.9598428356134892,True
FBgn0083946,False,0.0,,0.9732742254320552,True
FBgn0083947,False,0.0,1.0,0.9776486015696867,True
FBgn0083949,False,0.0,1.0,0.9218092497993854,True
FBgn0083950,False,0.0,1.0,0.9852523829095963,True
FBgn0083951,False,0.0,,0.9732742254320552,True
FBgn0083952,False,0.0,,0.9732742254320552,True
FBgn0083953,False,0.0,1.0,0.8967764664435441,True
FBgn0083954,False,0.0,0.42857142857142855,0.8399682931125594,True
FBgn0083956,False,0.0,1.0,0.9582330260505353,True
FBgn0083959,False,0.0,1.0,0.9940794237958233,True
FBgn0083960,False,0.0,0.7142857142857143,0.837785998081929,True
FBgn0083961,False,0.0,1.0,0.9747714951167479,True
FBgn0083962,False,0.0,0.7142857142857143,0.8938895739142348,True
FBgn0083963,False,0.0,0.5714285714285714,0.8825719765917053,True
FBgn0083965,False,0.0,0.8571428571428571,0.9650881725480985,True
FBgn0083966,False,0.0,0.8571428571428571,0.9650881725480985,True
FBgn0083967,False,0.0,,0.9732742254320552,True
FBgn0083968,False,0.0,0.7142857142857143,0.8051494333861782,True
FBgn0083969,False,0.0,1.0,0.9798015383712054,True
FBgn0083970,False,0.0,1.0,0.981533673888791,True
FBgn0083971,False,0.0,0.8571428571428571,0.8952498385297399,True
FBgn0083972,False,0.0,0.8571428571428571,0.8578865989470181,True
FBgn0083973,False,0.0,1.0,0.9904585755387235,True
FBgn0083974,False,0.0,0.7142857142857143,0.8005108331865421,True
FBgn0083975,False,0.0,1.0,0.9901747793239778,True
FBgn0083976,False,0.0,,0.9732742254320552,True
FBgn0083977,False,0.0,1.0,0.9277787563854148,True
FBgn0083978,False,0.0,1.0,0.9542305208149844,True
FBgn0083979,False,0.0,1.0,0.972652809582526,True
FBgn0083980,False,0.0,0.7142857142857143,0.888164719237469,True
FBgn0083981,False,0.0,1.0,0.9437349539075803,True
FBgn0083983,False,0.0,1.0,0.9902334957822011,True
FBgn0083984,False,0.0,0.8571428571428571,0.8269038811578886,True
FBgn0083985,False,0.0,1.0,0.9868670855107353,True
FBgn0083986,False,0.0,1.0,0.9378094846652183,True
FBgn0083987,False,0.0,1.0,0.9032939933063238,True
FBgn0083988,False,0.0,1.0,0.9602538508210519,True
FBgn0083989,False,0.0,0.8571428571428571,0.9585461804943926,True
FBgn0083990,False,0.0,0.5714285714285714,0.5986730080441549,True
FBgn0083991,False,0.0,1.0,0.9799776877458751,True
FBgn0083992,False,0.0,,0.9732742254320552,True
FBgn0084001,False,0.0,1.0,0.988726440021138,True
FBgn0084015,False,0.0,0.5714285714285714,0.7761924334057503,True
FBgn0084017,False,0.0,,0.9732742254320552,True
FBgn0084049,False,0.0,0.8571428571428571,0.891971502945609,True
FBgn0084245,False,0.0,,0.9732742254320552,True
FBgn0084688,False,0.0,,0.9732742254320552,True
FBgn0085056,False,0.0,,0.9732742254320552,True
FBgn0085188,False,0.0,1.0,0.9435636975710958,True
FBgn0085190,False,0.0,,0.9732742254320552,True
FBgn0085191,False,0.0,0.8571428571428571,0.9445863425518173,True
FBgn0085192,False,0.0,0.7142857142857143,0.7418726635742665,True
FBgn0085193,False,0.0,,0.9732742254320552,True
FBgn0085194,False,0.0,0.8571428571428571,0.9801636231969154,True
FBgn0085195,False,0.0,0.8571428571428571,0.9650881725480985,True
FBgn0085196,False,0.0,,0.9732742254320552,True
FBgn0085197,False,0.0,,0.9732742254320552,True
FBgn0085198,False,0.0,,0.9732742254320552,True
FBgn0085199,False,0.0,,0.9732742254320552,True
FBgn0085200,False,0.0,,0.9732742254320552,True
FBgn0085201,False,0.0,0.8571428571428571,0.9801636231969154,True
FBgn0085202,False,0.0,,0.9732742254320552,True
FBgn0085203,False,0.0,0.7142857142857143,0.7862720920674064,True
FBgn0085204,False,0.0,0.8571428571428571,0.9710283209050163,True
FBgn0085205,False,0.0,0.7142857142857143,0.8562914684986201,True
FBgn0085206,False,0.0,,0.9732742254320552,True
FBgn0085207,False,0.0,,0.9732742254320552,True
FBgn0085208,False,0.0,,0.9732742254320552,True
FBgn0085209,False,0.0,1.0,0.9616728318947801,True
FBgn0085210,False,0.0,1.0,0.9641291370637857,True
FBgn0085211,False,0.0,,0.9732742254320552,True
FBgn0085212,False,0.0,0.5714285714285714,0.7491143600884661,True
FBgn0085213,False,0.0,0.7142857142857143,0.9091460669759067,True
FBgn0085214,False,0.0,0.8571428571428571,0.9689585657526472,True
FBgn0085215,False,0.0,0.8571428571428571,0.779392480378917,True
FBgn0085216,False,0.0,0.8571428571428571,0.9017869375452606,True
FBgn0085217,False,0.0,,0.9732742254320552,True
FBgn0085218,False,0.0,1.0,0.9774479870040906,True
FBgn0085219,False,0.0,,0.9732742254320552,True
FBgn0085220,False,0.0,1.0,0.9783825572974771,True
FBgn0085221,False,0.0,1.0,0.9691053568982052,True
FBgn0085222,False,0.0,,0.9732742254320552,True
FBgn0085223,False,0.0,1.0,0.9483001585344372,True
FBgn0085224,False,0.0,1.0,0.9373006086939503,True
FBgn0085225,False,0.0,,0.9732742254320552,True
FBgn0085226,False,0.0,1.0,0.9349910946705028,True
FBgn0085227,False,0.0,1.0,0.9499980427847259,True
FBgn0085228,False,0.0,0.8571428571428571,0.9710283209050163,True
FBgn0085229,False,0.0,0.7142857142857143,0.7514630184173957,True
FBgn0085230,False,0.0,,0.9732742254320552,True
FBgn0085231,False,0.0,,0.9732742254320552,True
FBgn0085232,False,0.0,0.8571428571428571,0.9801636231969154,True
FBgn0085233,False,0.0,,0.9732742254320552,True
FBgn0085234,False,0.0,1.0,0.9679310277337404,True
FBgn0085235,False,0.0,0.8571428571428571,0.9155265887694988,True
FBgn0085236,False,0.0,1.0,0.9667860567983872,True
FBgn0085237,False,0.0,,0.9732742254320552,True
FBgn0085238,False,0.0,,0.9732742254320552,True
FBgn0085239,False,0.0,0.8571428571428571,0.8923433738476895,True
FBgn0085240,False,0.0,0.8571428571428571,0.9710283209050163,True
FBgn0085241,False,0.0,,0.9732742254320552,True
FBgn0085242,False,0.0,0.8571428571428571,0.8251913177930441,True
FBgn0085243,False,0.0,0.8571428571428571,0.9197297085706457,True
FBgn0085244,False,0.0,0.42857142857142855,0.8522840702248841,True
FBgn0085245,False,0.0,1.0,0.9588984792437321,True
FBgn0085246,False,0.0,,0.9732742254320552,True
FBgn0085248,False,0.0,0.8571428571428571,0.9158054919460592,True
FBgn0085249,False,0.0,1.0,0.9513534143620457,True
FBgn0085250,False,0.0,0.8571428571428571,0.9546806803280293,True
FBgn0085252,False,0.0,,0.9732742254320552,True
FBgn0085253,False,0.0,,0.9732742254320552,True
FBgn0085254,False,0.0,,0.9732742254320552,True
FBgn0085256,False,0.0,,0.9732742254320552,True
FBgn0085257,False,0.0,0.8571428571428571,0.8458203667821423,True
FBgn0085259,False,0.0,1.0,0.9692766132346897,True
FBgn0085260,False,0.0,0.7142857142857143,0.7718963458790832,True
FBgn0085261,False,0.0,1.0,0.9804474194116611,True
FBgn0085262,False,0.0,0.42857142857142855,0.8506302233182628,True
FBgn0085263,False,0.0,0.8571428571428571,0.9285812146477991,True
FBgn0085264,False,0.0,,0.9732742254320552,True
FBgn0085265,False,0.0,0.8571428571428571,0.9650881725480985,True
FBgn0085267,False,0.0,,0.9732742254320552,True
FBgn0085268,False,0.0,0.8571428571428571,0.9585461804943926,True
FBgn0085271,False,0.0,0.7142857142857143,0.7729336699743605,True
FBgn0085272,False,0.0,,0.9732742254320552,True
FBgn0085273,False,0.0,,0.9732742254320552,True
FBgn0085274,False,0.0,,0.9732742254320552,True
FBgn0085275,False,0.0,0.8571428571428571,0.8864717280253654,True
FBgn0085276,False,0.0,,0.9732742254320552,True
FBgn0085277,False,0.0,,0.9732742254320552,True
FBgn0085278,False,0.0,1.0,0.9606159356467618,True
FBgn0085279,False,0.0,0.5714285714285714,0.6962401894584386,True
FBgn0085280,False,0.0,,0.9732742254320552,True
FBgn0085281,False,0.0,1.0,0.9725206975515237,True
FBgn0085282,False,0.0,0.7142857142857143,0.8692286614604741,True
FBgn0085283,False,0.0,0.8571428571428571,0.8997220754310766,True
FBgn0085284,False,0.0,0.42857142857142855,0.5767424108977746,True
FBgn0085285,False,0.0,1.0,0.9579051924921222,True
FBgn0085287,False,0.0,,0.9732742254320552,True
FBgn0085288,False,0.0,0.8571428571428571,0.9801636231969154,True
FBgn0085289,False,0.0,0.8571428571428571,0.9801636231969154,True
FBgn0085290,False,0.0,1.0,0.9480750787779147,True
FBgn0085291,False,0.0,0.42857142857142855,0.7504452664748595,True
FBgn0085292,False,0.0,1.0,0.9946861605307968,True
FBgn0085293,False,0.0,1.0,0.9858199753390875,True
FBgn0085294,False,0.0,1.0,0.9396101227173976,True
FBgn0085295,False,0.0,,0.9732742254320552,True
FBgn0085296,False,0.0,1.0,0.9396541600610652,True
FBgn0085297,False,0.0,0.5714285714285714,0.8530229189908598,True
FBgn0085298,False,0.0,1.0,0.9685084062396023,True
FBgn0085300,False,0.0,0.8571428571428571,0.9710283209050163,True
FBgn0085302,False,0.0,1.0,0.9609535552815455,True
FBgn0085303,False,0.0,,0.9732742254320552,True
FBgn0085304,False,0.0,1.0,0.9561877360890925,True
FBgn0085305,False,0.0,,0.9732742254320552,True
FBgn0085306,False,0.0,,0.9732742254320552,True
FBgn0085307,False,0.0,1.0,0.9307928679075411,True
FBgn0085308,False,0.0,0.8571428571428571,0.9585461804943926,True
FBgn0085309,False,0.0,,0.9732742254320552,True
FBgn0085310,False,0.0,0.8571428571428571,0.9390523163642769,True
FBgn0085311,False,0.0,0.8571428571428571,0.9650881725480985,True
FBgn0085312,False,0.0,0.8571428571428571,0.9445863425518173,True
FBgn0085313,False,0.0,0.8571428571428571,0.9650881725480985,True
FBgn0085314,False,0.0,0.8571428571428571,0.9710283209050163,True
FBgn0085315,False,0.0,1.0,0.9430254633707161,True
FBgn0085316,False,0.0,0.8571428571428571,0.9501350478539135,True
FBgn0085317,False,0.0,0.7142857142857143,0.8525140430195918,True
FBgn0085318,False,0.0,,0.9732742254320552,True
FBgn0085319,False,0.0,0.8571428571428571,0.9473460160883096,True
FBgn0085320,False,0.0,,0.9732742254320552,True
FBgn0085321,False,0.0,0.5714285714285714,0.865059792926624,True
FBgn0085322,False,0.0,0.7142857142857143,0.7979370951010902,True
FBgn0085323,False,0.0,1.0,0.9572544184134814,True
FBgn0085324,False,0.0,,0.9732742254320552,True
FBgn0085325,False,0.0,1.0,0.9686551973851604,True
FBgn0085326,False,0.0,,0.9732742254320552,True
FBgn0085327,False,0.0,0.5714285714285714,0.8630340751179222,True
FBgn0085328,False,0.0,1.0,0.9747861742313038,True
FBgn0085329,False,0.0,0.8571428571428571,0.8576908774196074,True
FBgn0085330,False,0.0,0.42857142857142855,0.8972755563384417,True
FBgn0085331,False,0.0,,0.9732742254320552,True
FBgn0085332,False,0.0,0.8571428571428571,0.9801636231969154,True
FBgn0085333,False,0.0,,0.9732742254320552,True
FBgn0085334,False,0.0,1.0,0.9975143366018828,True
FBgn0085335,False,0.0,1.0,0.9803984890298084,True
FBgn0085336,False,0.0,0.8571428571428571,0.9585461804943926,True
FBgn0085337,False,0.0,1.0,0.9543430606932456,True
FBgn0085339,False,0.0,0.7142857142857143,0.7847454641536022,True
FBgn0085340,False,0.0,,0.9732742254320552,True
FBgn0085341,False,0.0,,0.9732742254320552,True
FBgn0085342,False,0.0,,0.9732742254320552,True
FBgn0085343,False,0.0,,0.9732742254320552,True
FBgn0085344,False,0.0,,0.9732742254320552,True
FBgn0085345,False,0.0,,0.9732742254320552,True
FBgn0085346,False,0.0,,0.9732742254320552,True
FBgn0085347,False,0.0,,0.9732742254320552,True
FBgn0085348,False,0.0,0.8571428571428571,0.8271093887616698,True
FBgn0085349,False,0.0,,0.9732742254320552,True
FBgn0085350,False,0.0,1.0,0.9840486955160198,True
FBgn0085351,False,0.0,0.7142857142857143,0.8499990213923629,True
FBgn0085352,False,0.0,0.8571428571428571,0.9003190260896796,True
FBgn0085353,False,0.0,0.42857142857142855,0.6376607363043862,True
FBgn0085354,False,0.0,1.0,0.9971718239289139,True
FBgn0085355,False,0.0,,0.9732742254320552,True
FBgn0085356,False,0.0,1.0,0.9700594993443329,True
FBgn0085357,False,0.0,0.7142857142857143,0.8268843090051474,True
FBgn0085358,False,0.0,0.8571428571428571,0.9480310414342473,True
FBgn0085359,True,0.0,1.0,0.9999608556945179,False
FBgn0085360,False,0.0,0.5714285714285714,0.7968997710058129,True
FBgn0085361,False,0.0,1.0,0.9567602215567691,True
FBgn0085362,False,0.0,1.0,0.9617560135439297,True
FBgn0085363,False,0.0,1.0,0.9519307928679075,True
FBgn0085365,False,0.0,1.0,0.95813516528683,True
FBgn0085366,False,0.0,0.8571428571428571,0.9159963204352847,True
FBgn0085367,False,0.0,,0.9732742254320552,True
FBgn0085369,False,0.0,0.8571428571428571,0.9577094709647114,True
FBgn0085370,False,0.0,1.0,0.9589474096255847,True
FBgn0085371,False,0.0,0.8571428571428571,0.9465533439022958,True
FBgn0085374,False,0.0,1.0,0.953026833421408,True
FBgn0085375,False,0.0,1.0,0.9361556377585971,True
FBgn0085376,False,0.0,1.0,0.9878359070714188,True
FBgn0085377,False,0.0,1.0,0.9297849020413755,True
FBgn0085378,False,0.0,0.5714285714285714,0.7618851897520208,True
FBgn0085379,False,0.0,1.0,0.9966629479576459,True
FBgn0085380,False,0.0,,0.9732742254320552,True
FBgn0085382,False,0.0,1.0,0.9811226586812283,True
FBgn0085383,False,0.0,1.0,0.9574012095590394,True
FBgn0085384,False,0.0,0.8571428571428571,0.8651576536903294,True
FBgn0085385,False,0.0,,0.9732742254320552,True
FBgn0085386,False,0.0,1.0,0.9815434599651616,True
FBgn0085387,False,0.0,1.0,0.9450218229503063,True
FBgn0085388,False,0.0,1.0,0.9895288982835222,True
FBgn0085390,False,0.0,1.0,0.9852523829095963,True
FBgn0085391,False,0.0,1.0,0.9750014679114556,True
FBgn0085392,False,0.0,0.7142857142857143,0.8986015696866498,True
FBgn0085394,False,0.0,0.8571428571428571,0.8972657702620711,True
FBgn0085395,False,0.0,1.0,0.9663848276671951,True
FBgn0085396,False,0.0,0.7142857142857143,0.8740434110347797,True
FBgn0085397,False,0.0,0.5714285714285714,0.8545104025991819,True
FBgn0085398,False,0.0,1.0,0.9531834106433367,True
FBgn0085399,False,0.0,0.7142857142857143,0.8416710704010335,True
FBgn0085400,False,0.0,1.0,0.9923081439727556,True
FBgn0085401,False,0.0,1.0,0.9674025796097313,True
FBgn0085402,False,0.0,1.0,0.9974849783727712,True
FBgn0085403,False,0.0,1.0,0.998385297398861,True
FBgn0085404,False,0.0,0.5714285714285714,0.8060106081067857,True
FBgn0085405,False,0.0,1.0,0.9366645137298651,True
FBgn0085406,False,0.0,,0.9732742254320552,True
FBgn0085407,False,0.0,1.0,0.9966238036521637,True
FBgn0085408,False,0.0,0.8571428571428571,0.8571134989137454,True
FBgn0085409,False,0.0,1.0,0.9605816843794649,True
FBgn0085410,False,0.0,1.0,0.9691640733564285,True
FBgn0085411,False,0.0,1.0,0.9707396316520854,True
FBgn0085412,False,0.0,0.7142857142857143,0.8329516763548823,True
FBgn0085413,False,0.0,0.5714285714285714,0.8099250386550017,True
FBgn0085414,False,0.0,1.0,0.9735041982267629,True
FBgn0085415,False,0.0,0.8571428571428571,0.9309005147476171,True
FBgn0085417,False,0.0,0.7142857142857143,0.7866733211985986,True
FBgn0085419,False,0.0,1.0,0.9305677881510187,True
FBgn0085420,False,0.0,0.8571428571428571,0.9801636231969154,True
FBgn0085421,False,0.0,1.0,0.9561485917836102,True
FBgn0085422,False,0.0,0.8571428571428571,0.9480310414342473,True
FBgn0085423,False,0.0,1.0,0.9795275282328304,True
FBgn0085424,False,0.0,1.0,0.9489362534985223,True
FBgn0085425,False,0.0,1.0,0.9370070264028341,True
FBgn0085426,False,0.0,1.0,0.9567749006713249,True
FBgn0085427,False,0.0,1.0,0.9588397627855088,True
FBgn0085428,False,0.0,0.7142857142857143,0.8055604485937409,True
FBgn0085429,False,0.0,1.0,0.996936958096021,True
FBgn0085430,False,0.0,0.7142857142857143,0.8334214080206681,True
FBgn0085431,False,0.0,1.0,0.9881784197443877,True
FBgn0085432,False,0.0,0.42857142857142855,0.70822813301235,True
FBgn0085433,False,0.0,0.8571428571428571,0.9589474096255848,True
FBgn0085434,False,0.0,1.0,0.9907815160589514,True
FBgn0085435,False,0.0,1.0,0.9170336445305619,True
FBgn0085436,False,0.0,1.0,0.962685690799131,True
FBgn0085437,False,0.0,0.5714285714285714,0.8270898166089289,True
FBgn0085438,False,0.0,1.0,0.9954299023349579,True
FBgn0085440,False,0.0,1.0,0.9909968097391032,True
FBgn0085442,False,0.0,1.0,0.983236451177265,True
FBgn0085443,False,0.0,1.0,0.9168379230031511,True
FBgn0085444,False,0.0,0.42857142857142855,0.7830720450942399,True
FBgn0085445,False,0.0,1.0,0.9390523163642769,True
FBgn0085446,False,0.0,1.0,0.996809739103204,True
FBgn0085447,False,0.0,0.42857142857142855,0.8155813907971738,True
FBgn0085448,False,0.0,,0.9732742254320552,True
FBgn0085449,False,0.0,1.0,0.9782064079228074,True
FBgn0085450,False,0.0,1.0,0.9887557982502495,True
FBgn0085451,False,0.0,0.7142857142857143,0.8547550545084454,True
FBgn0085452,False,0.0,0.8571428571428571,0.7882978098761083,True
FBgn0085453,False,0.0,1.0,0.987043234885405,True
FBgn0085454,False,0.0,0.8571428571428571,0.9128011665003034,True
FBgn0085455,False,0.0,1.0,0.9383770770947096,True
FBgn0085456,False,0.0,1.0,0.9649413814025405,True
FBgn0085457,False,0.0,,0.9732742254320552,True
FBgn0085458,False,0.0,,0.9732742254320552,True
FBgn0085459,False,0.0,1.0,0.989597400818116,True
FBgn0085460,False,0.0,1.0,0.9310570919695457,True
FBgn0085461,False,0.0,,0.9732742254320552,True
FBgn0085462,False,0.0,,0.9732742254320552,True
FBgn0085464,False,0.0,,0.9732742254320552,True
FBgn0085465,False,0.0,0.5714285714285714,0.7407864090971366,True
FBgn0085466,False,0.0,0.5714285714285714,0.6763059518916485,True
FBgn0085468,False,0.0,1.0,0.9308711565185055,True
FBgn0085470,False,0.0,,0.9732742254320552,True
FBgn0085471,False,0.0,1.0,0.9798406826766876,True
FBgn0085472,False,0.0,,0.9732742254320552,True
FBgn0085473,False,0.0,,0.9732742254320552,True
FBgn0085474,False,0.0,1.0,0.9679554929246668,True
FBgn0085475,False,0.0,0.42857142857142855,0.8441029103791126,True
FBgn0085476,False,0.0,1.0,0.9474389838138297,True
FBgn0085477,False,0.0,,0.9732742254320552,True
FBgn0085478,False,0.0,1.0,0.9231988726440021,True
FBgn0085479,False,0.0,0.7142857142857143,0.8583074002309514,True
FBgn0085480,False,0.0,,0.9732742254320552,True
FBgn0085481,False,0.0,,0.9732742254320552,True
FBgn0085482,False,0.0,0.42857142857142855,0.7721507838647172,True
FBgn0085483,False,0.0,1.0,0.9945393693852387,True
FBgn0085484,False,0.0,0.8571428571428571,0.9034701426809935,True
FBgn0085485,False,0.0,1.0,0.9416260544497289,True
FBgn0085486,False,0.0,1.0,0.9622453173624567,True
FBgn0085487,False,0.0,,0.9732742254320552,True
FBgn0085488,False,0.0,1.0,0.9760632571976592,True
FBgn0085489,False,0.0,1.0,0.9910457401209559,True
FBgn0085491,False,0.0,,0.9732742254320552,True
FBgn0085787,False,0.0,1.0,0.9977492024347758,True
FBgn0085788,False,0.0,,0.9732742254320552,True
FBgn0085789,False,0.0,1.0,0.9044291781653064,True
FBgn0085790,False,0.0,0.42857142857142855,0.8021793592077193,True
FBgn0085791,False,0.0,,0.9732742254320552,True
FBgn0085792,False,0.0,0.5714285714285714,0.6760025835241619,True
FBgn0085831,False,0.0,,0.9732742254320552,True
FBgn0086021,False,0.0,1.0,0.9655627972520697,True
FBgn0086022,False,0.0,,0.9732742254320552,True
FBgn0086023,False,0.0,0.8571428571428571,0.9522439473117648,True
FBgn0086024,False,0.0,0.8571428571428571,0.9598428356134892,True
FBgn0086025,False,0.0,,0.9732742254320552,True
FBgn0086026,False,0.0,,0.9732742254320552,True
FBgn0086027,False,0.0,0.5714285714285714,0.8000851388644237,True
FBgn0086028,False,0.0,1.0,0.9751678312097548,True
FBgn0086029,False,0.0,,0.9732742254320552,True
FBgn0086030,False,0.0,,0.9732742254320552,True
FBgn0086031,False,0.0,1.0,0.9802712700369913,True
FBgn0086032,False,0.0,0.8571428571428571,0.9650881725480985,True
FBgn0086033,False,0.0,,0.9732742254320552,True
FBgn0086034,False,0.0,,0.9732742254320552,True
FBgn0086035,False,0.0,,0.9732742254320552,True
FBgn0086036,False,0.0,0.8571428571428571,0.8626328459867301,True
FBgn0086037,False,0.0,1.0,0.9615945432838158,True
FBgn0086038,False,0.0,1.0,0.9332491730765466,True
FBgn0086039,False,0.0,1.0,0.9846065018691406,True
FBgn0086040,False,0.0,0.8571428571428571,0.9801636231969154,True
FBgn0086041,False,0.0,,0.9732742254320552,True
FBgn0086042,False,0.0,0.8571428571428571,0.9178263167165757,True
FBgn0086043,False,0.0,0.7142857142857143,0.8943397334272797,True
FBgn0086044,False,0.0,,0.9732742254320552,True
FBgn0086045,False,0.0,,0.9732742254320552,True
FBgn0086046,False,0.0,,0.9732742254320552,True
FBgn0086047,False,0.0,,0.9732742254320552,True
FBgn0086048,False,0.0,0.42857142857142855,0.7989744191963674,True
FBgn0086049,False,0.0,,0.9732742254320552,True
FBgn0086051,False,0.0,1.0,0.8995459260564069,True
FBgn0086052,False,0.0,,0.9732742254320552,True
FBgn0086053,False,0.0,1.0,0.9574207817117805,True
FBgn0086054,False,0.0,1.0,0.9300393400270096,True
FBgn0086055,False,0.0,0.5714285714285714,0.7680014874836083,True
FBgn0086056,False,0.0,,0.9732742254320552,True
FBgn0086057,False,0.0,1.0,0.964515687080422,True
FBgn0086058,False,0.0,0.8571428571428571,0.888057072397393,True
FBgn0086059,False,0.0,,0.9732742254320552,True
FBgn0086060,False,0.0,0.8571428571428571,0.9446695242009668,True
FBgn0086061,False,0.0,0.8571428571428571,0.8596089483882332,True
FBgn0086062,False,0.0,0.8571428571428571,0.920678957978588,True
FBgn0086063,False,0.0,0.8571428571428571,0.9585461804943926,True
FBgn0086064,False,0.0,0.5714285714285714,0.8823371107588124,True
FBgn0086065,False,0.0,0.8571428571428571,0.914714344430744,True
FBgn0086066,False,0.0,,0.9732742254320552,True
FBgn0086067,False,0.0,0.7142857142857143,0.877708296635547,True
FBgn0086068,False,0.0,,0.9732742254320552,True
FBgn0086069,False,0.0,0.8571428571428571,0.9689585657526472,True
FBgn0086070,False,0.0,0.8571428571428571,0.9801636231969154,True
FBgn0086071,False,0.0,0.8571428571428571,0.9585461804943926,True
FBgn0086072,False,0.0,0.8571428571428571,0.9465239856731842,True
FBgn0086073,False,0.0,,0.9732742254320552,True
FBgn0086074,False,0.0,1.0,0.9421251443446265,True
FBgn0086075,False,0.0,0.5714285714285714,0.8617863503806784,True
FBgn0086076,False,0.0,,0.9732742254320552,True
FBgn0086077,False,0.0,0.8571428571428571,0.9710283209050163,True
FBgn0086078,False,0.0,0.8571428571428571,0.9506830681306637,True
FBgn0086079,False,0.0,0.42857142857142855,0.8972755563384417,True
FBgn0086080,False,0.0,,0.9732742254320552,True
FBgn0086081,False,0.0,1.0,0.9568434032059187,True
FBgn0086082,False,0.0,0.5714285714285714,0.9076732624821404,True
FBgn0086129,False,0.0,0.42857142857142855,0.8034270839449631,True
FBgn0086130,False,0.0,1.0,0.9567259702894721,True
FBgn0086133,False,0.0,1.0,0.9609535552815455,True
FBgn0086134,False,0.0,1.0,0.9722369013367781,True
FBgn0086200,False,0.0,1.0,0.966854559332981,True
FBgn0086251,False,0.0,0.5714285714285714,0.7478715283894075,True
FBgn0086253,False,0.0,1.0,0.9936684085882607,True
FBgn0086254,False,0.0,0.5714285714285714,0.8286164445227331,True
FBgn0086265,False,0.0,0.8571428571428571,0.8709412248253185,True
FBgn0086266,False,0.0,,0.9732742254320552,True
FBgn0086346,False,0.0,0.8571428571428571,0.9158299571369855,True
FBgn0086347,False,0.0,1.0,0.9807312156264067,True
FBgn0086348,False,0.0,0.8571428571428571,0.9413226860822421,True
FBgn0086350,False,0.0,0.8571428571428571,0.8338617814573426,True
FBgn0086355,False,0.0,1.0,0.9965455150411994,True
FBgn0086356,False,0.0,1.0,0.9612569236490321,True
FBgn0086357,False,0.0,1.0,0.9912121034192551,True
FBgn0086358,False,0.0,1.0,0.9894506096725579,True
FBgn0086359,False,0.0,1.0,0.9592312058403304,True
FBgn0086361,False,0.0,0.8571428571428571,0.9101246746129606,True
FBgn0086362,False,0.0,1.0,0.9726185583152291,True
FBgn0086364,False,0.0,1.0,0.9520286536316129,True
FBgn0086365,False,0.0,1.0,0.9953711858767346,True
FBgn0086367,False,0.0,1.0,0.994725304836279,True
FBgn0086368,False,0.0,0.8571428571428571,0.9650881725480985,True
FBgn0086369,False,0.0,0.8571428571428571,0.9801636231969154,True
FBgn0086370,False,0.0,1.0,0.9889221615485487,True
FBgn0086371,False,0.0,0.8571428571428571,0.8878124204881295,True
FBgn0086372,False,0.0,0.7142857142857143,0.8138590413559588,True
FBgn0086377,False,0.0,1.0,0.9793513788581606,True
FBgn0086384,False,0.0,0.7142857142857143,0.9004560311588672,True
FBgn0086408,False,0.0,1.0,0.9084903998590805,True
FBgn0086441,False,0.0,0.7142857142857143,0.9017673653925196,True
FBgn0086442,False,0.0,1.0,0.9384162214001918,True
FBgn0086443,False,0.0,1.0,0.9226117080617697,True
FBgn0086444,False,0.0,1.0,0.940667018965416,True
FBgn0086445,False,0.0,1.0,0.9782749104574012,True
FBgn0086446,False,0.0,1.0,0.9721292544967021,True
FBgn0086447,False,0.0,0.8571428571428571,0.8243986456070304,True
FBgn0086448,False,0.0,0.8571428571428571,0.8236744759556103,True
FBgn0086450,False,0.0,1.0,0.9902237097058305,True
FBgn0086451,False,0.0,1.0,0.9492494079423796,True
FBgn0086472,False,0.0,0.8571428571428571,0.8947605347112129,True
FBgn0086475,False,0.0,0.8571428571428571,0.891247333294189,True
FBgn0086519,False,0.0,1.0,0.9510745111854852,True
FBgn0086532,False,0.0,1.0,0.9893233906797408,True
FBgn0086558,False,0.0,0.5714285714285714,0.6709627541933337,True
FBgn0086600,False,0.0,1.0,0.9857319006517526,True
FBgn0086601,False,0.0,0.7142857142857143,0.8707259311451667,True
FBgn0086602,False,0.0,0.42857142857142855,0.6979038224414302,True
FBgn0086603,False,0.0,,0.9732742254320552,True
FBgn0086604,False,0.0,0.8571428571428571,0.9229640068111091,True
FBgn0086605,False,0.0,0.7142857142857143,0.8645117726498738,True
FBgn0086606,False,0.0,1.0,0.9778736813262091,True
FBgn0086607,False,0.0,1.0,0.9836474663848277,True
FBgn0086608,False,0.0,0.7142857142857143,0.8422778071360069,True
FBgn0086610,False,0.0,,0.9732742254320552,True
FBgn0086611,False,0.0,1.0,0.9657878770085921,True
FBgn0086613,False,0.0,0.8571428571428571,0.9340320591861899,True
FBgn0086655,False,0.0,0.8571428571428571,0.8859139216722447,True
FBgn0086656,False,0.0,1.0,0.946646311627816,True
FBgn0086657,False,0.0,1.0,0.9628520540974301,True
FBgn0086658,False,0.0,0.8571428571428571,0.8889916426907796,True
FBgn0086659,False,0.0,0.8571428571428571,0.8102479791752295,True
FBgn0086660,False,0.0,0.8571428571428571,0.9420126044663653,True
FBgn0086661,False,0.0,1.0,0.9673536492278786,True
FBgn0086662,False,0.0,1.0,0.9691640733564285,True
FBgn0086663,False,0.0,1.0,0.9709059949503845,True
FBgn0086664,False,0.0,1.0,0.9927191591803183,True
FBgn0086665,False,0.0,0.8571428571428571,0.885013602646155,True
FBgn0086666,False,0.0,1.0,0.9445227330554088,True
FBgn0086667,False,0.0,0.8571428571428571,0.8580138179398352,True
FBgn0086668,False,0.0,0.7142857142857143,0.8680641183723798,True
FBgn0086669,False,0.0,1.0,0.9741305071144775,True
FBgn0086670,False,0.0,0.8571428571428571,0.8242909987669544,True
FBgn0086671,False,0.0,1.0,0.9748351046131564,True
FBgn0086672,False,0.0,0.8571428571428571,0.9072916055036894,True
FBgn0086673,False,0.0,1.0,0.9380541365744818,True
FBgn0086674,False,0.0,1.0,0.9896365451235981,True
FBgn0086675,False,0.0,0.8571428571428571,0.910511224629597,True
FBgn0086676,False,0.0,1.0,0.9437692051748772,True
FBgn0086677,False,0.0,1.0,0.9686551973851604,True
FBgn0086679,False,0.0,1.0,0.9550916955355919,True
FBgn0086680,False,0.0,0.42857142857142855,0.8806343334703384,True
FBgn0086681,False,0.0,1.0,0.9810150118411524,True
FBgn0086683,False,0.0,0.7142857142857143,0.8227545847767797,True
FBgn0086685,False,0.0,0.8571428571428571,0.9643982541639755,True
FBgn0086686,False,0.0,0.8571428571428571,0.8669974360479908,True
FBgn0086687,False,0.0,1.0,0.9914078249466659,True
FBgn0086689,False,0.0,1.0,0.988149061515276,True
FBgn0086690,False,0.0,0.7142857142857143,0.8816667645274304,True
FBgn0086691,False,0.0,1.0,0.9420762139627737,True
FBgn0086693,False,0.0,1.0,0.9294326032920361,True
FBgn0086694,False,0.0,1.0,0.9579981602176423,True
FBgn0086695,False,0.0,1.0,0.9693304366547276,True
FBgn0086697,False,0.0,0.8571428571428571,0.882821521539154,True
FBgn0086698,False,0.0,1.0,0.9133345076624978,True
FBgn0086699,False,0.0,1.0,0.9706221987356389,True
FBgn0086704,False,0.0,1.0,0.9807507877791478,True
FBgn0086706,False,0.0,1.0,0.9688215606834596,True
FBgn0086707,False,0.0,0.5714285714285714,0.8072730119585854,True
FBgn0086708,False,0.0,1.0,0.991065312273697,True
FBgn0086710,False,0.0,0.8571428571428571,0.8902393674280235,True
FBgn0086711,False,0.0,1.0,0.9768363572309319,True
FBgn0086712,False,0.0,0.7142857142857143,0.8744348540896013,True
FBgn0086736,False,0.0,0.7142857142857143,0.8800324897735502,True
FBgn0086757,False,0.0,1.0,0.9943338617814573,True
FBgn0086758,False,0.0,1.0,0.9780302585481377,True
FBgn0086768,False,0.0,1.0,0.9233456637895602,True
FBgn0086778,False,0.0,1.0,0.9685377644687139,True
FBgn0086779,False,0.0,0.7142857142857143,0.8227350126240385,True
FBgn0086782,False,0.0,1.0,0.9767776407727086,True
FBgn0086783,False,0.0,1.0,0.9842933474252833,True
FBgn0086784,False,0.0,0.8571428571428571,0.9053686414968782,True
FBgn0086785,False,0.0,1.0,0.9496114927680895,True
FBgn0086855,False,0.0,0.8571428571428571,0.8990957665433621,True
FBgn0086856,False,0.0,0.42857142857142855,0.6733016264458929,True
FBgn0086895,False,0.0,1.0,0.9683420429413031,True
FBgn0086896,False,0.0,1.0,0.9686258391560487,True
FBgn0086897,False,0.0,1.0,0.9615700780928894,True
FBgn0086898,False,0.0,1.0,0.8806294404321531,True
FBgn0086899,False,0.0,1.0,0.9595835045896698,True
FBgn0086900,False,0.0,,0.9732742254320552,True
FBgn0086901,False,0.0,1.0,0.9730980760573855,True
FBgn0086902,False,0.0,0.5714285714285714,0.7791967588515061,True
FBgn0086904,False,0.0,0.8571428571428571,0.8826649443172254,True
FBgn0086906,False,0.0,1.0,0.9982678644824144,True
FBgn0086907,False,0.0,0.5714285714285714,0.8541483177734719,True
FBgn0086908,False,0.0,1.0,0.962940128784765,True
FBgn0086909,False,0.0,0.8571428571428571,0.9030199831679486,True
FBgn0086910,True,0.14285714285714285,1.0,0.9998629949308124,False
FBgn0086911,False,0.0,1.0,0.929882762805081,True
FBgn0086912,False,0.0,1.0,0.9495625623862368,True
FBgn0086913,False,0.0,0.8571428571428571,0.9089405593721254,True
FBgn0086915,False,0.0,0.5714285714285714,0.880409253713816,True
FBgn0086916,False,0.0,0.8571428571428571,0.9306999001820211,True
FBgn0087002,False,0.0,0.8571428571428571,0.8622707611610201,True
FBgn0087005,False,0.0,1.0,0.9469007496134499,True
FBgn0087007,False,0.0,1.0,0.9991388252793925,True
FBgn0087008,False,0.0,0.8571428571428571,0.8862564343452136,True
FBgn0087012,False,0.0,1.0,0.9780009003190261,True
FBgn0087013,False,0.0,1.0,0.954240306891355,True
FBgn0087021,False,0.0,1.0,0.9179241774802811,True
FBgn0087035,False,0.0,1.0,0.8981856614409018,True
FBgn0087039,False,0.0,0.7142857142857143,0.7856751414088035,True
FBgn0087040,False,0.0,1.0,0.9869551601980702,True
FBgn0087041,False,0.0,,0.9732742254320552,True
FBgn0243486,False,0.0,1.0,0.9629107705556534,True
FBgn0243505,False,0.0,1.0,0.9428199557669348,True
FBgn0243511,False,0.0,0.5714285714285714,0.8566437672479597,True
FBgn0243512,False,0.0,1.0,0.9918188401542286,True
FBgn0243513,False,0.0,0.7142857142857143,0.795451431702973,True
FBgn0243514,False,0.0,0.8571428571428571,0.8310336053862564,True
FBgn0243516,False,0.0,1.0,0.9448554596520071,True
FBgn0243517,False,0.0,1.0,0.968664983461531,True
FBgn0243586,False,0.0,0.8571428571428571,0.9801636231969154,True
FBgn0250732,False,0.0,1.0,0.9852230246804846,True
FBgn0250746,False,0.0,1.0,0.9729708570645685,True
FBgn0250747,False,0.0,1.0,0.9916426907795588,True
FBgn0250753,False,0.0,0.42857142857142855,0.7489675689429081,True
FBgn0250754,False,0.0,0.5714285714285714,0.7739514219168966,True
FBgn0250755,False,0.0,1.0,0.9449043900338598,True
FBgn0250756,False,0.0,0.5714285714285714,0.8640224688313467,True
FBgn0250757,False,0.0,1.0,0.9969663163251326,True
FBgn0250785,False,0.0,1.0,0.9919949895288983,True
FBgn0250786,False,0.0,1.0,0.9418217759771397,True
FBgn0250788,False,0.0,1.0,0.9797134636838706,True
FBgn0250789,False,0.0,1.0,0.9643786820112344,True
FBgn0250791,False,0.0,0.8571428571428571,0.931350674260662,True
FBgn0250814,False,0.0,0.8571428571428571,0.8770183782514239,True
FBgn0250815,False,0.0,1.0,0.9317225451627424,True
FBgn0250816,False,0.0,0.42857142857142855,0.6861116004149297,True
FBgn0250817,False,0.0,,0.9732742254320552,True
FBgn0250818,False,0.0,1.0,0.9817783257980546,True
FBgn0250819,False,0.0,1.0,0.9802516978842503,True
FBgn0250820,False,0.0,0.8571428571428571,0.9044193920889358,True
FBgn0250821,False,0.0,1.0,0.9086959074628619,True
FBgn0250822,False,0.0,,0.9732742254320552,True
FBgn0250823,False,0.0,0.5714285714285714,0.8119801146928151,True
FBgn0250824,False,0.0,0.8571428571428571,0.8385493120388312,True
FBgn0250825,False,0.0,,0.9732742254320552,True
FBgn0250826,False,0.0,,0.9732742254320552,True
FBgn0250827,False,0.0,1.0,0.9707836689957529,True
FBgn0250829,False,0.0,1.0,0.9991779695848746,True
FBgn0250830,False,0.0,0.8571428571428571,0.8762844225236334,True
FBgn0250831,False,0.0,0.8571428571428571,0.9801636231969154,True
FBgn0250832,False,0.0,,0.9732742254320552,True
FBgn0250833,False,0.0,0.8571428571428571,0.9577094709647114,True
FBgn0250834,False,0.0,0.8571428571428571,0.9801636231969154,True
FBgn0250835,False,0.0,0.42857142857142855,0.8493237821227957,True
FBgn0250836,False,0.0,0.8571428571428571,0.9585461804943926,True
FBgn0250837,False,0.0,1.0,0.9924060047364609,True
FBgn0250838,False,0.0,1.0,0.9556788601178243,True
FBgn0250839,False,0.0,1.0,0.9666784099583113,True
FBgn0250840,False,0.0,,0.9732742254320552,True
FBgn0250841,False,0.0,,0.9732742254320552,True
FBgn0250842,False,0.0,1.0,0.9316687217427045,True
FBgn0250843,False,0.0,1.0,0.9634979351378858,True
FBgn0250844,False,0.0,,0.9732742254320552,True
FBgn0250845,False,0.0,0.5714285714285714,0.8823371107588124,True
FBgn0250846,False,0.0,,0.9732742254320552,True
FBgn0250847,False,0.0,1.0,0.9609535552815455,True
FBgn0250848,False,0.0,1.0,0.9318497641555594,True
FBgn0250849,False,0.0,0.8571428571428571,0.9650881725480985,True
FBgn0250850,False,0.0,1.0,0.9754760926154268,True
FBgn0250851,False,0.0,,0.9732742254320552,True
FBgn0250861,False,0.0,1.0,0.972344548176854,True
FBgn0250862,False,0.0,1.0,0.9226410662908813,True
FBgn0250867,False,0.0,1.0,0.9970935353179496,True
FBgn0250868,False,0.0,0.5714285714285714,0.6524279255475309,True
FBgn0250869,False,0.0,1.0,0.9860841994010922,True
FBgn0250870,False,0.0,1.0,0.9948035934472432,True
FBgn0250871,False,0.0,0.42857142857142855,0.7327618264732938,True
FBgn0250874,False,0.0,0.8571428571428571,0.8610964319965553,True
FBgn0250876,False,0.0,1.0,0.9927974477912825,True
FBgn0250903,False,0.0,,0.9732742254320552,True
FBgn0250904,False,0.0,1.0,0.9997944923962188,True
FBgn0250906,False,0.0,1.0,0.99474487698902,True
FBgn0250907,False,0.0,0.8571428571428571,0.8932926232556319,True
FBgn0250908,False,0.0,1.0,0.963556651596109,True
FBgn0250910,False,0.0,0.5714285714285714,0.8744593192805277,True
FBgn0250911,False,0.0,0.8571428571428571,0.9801636231969154,True
FBgn0259098,False,0.0,1.0,0.9695799816021764,True
FBgn0259099,False,0.0,1.0,0.9558060791106414,True
FBgn0259100,False,0.0,1.0,0.975916466052101,True
FBgn0259101,False,0.0,0.7142857142857143,0.8196230403382068,True
FBgn0259108,False,0.0,1.0,0.9626269743409077,True
FBgn0259109,False,0.0,1.0,0.9931986769224747,True
FBgn0259110,False,0.0,1.0,0.9942849313996046,True
FBgn0259111,False,0.0,1.0,0.9968293112559451,True
FBgn0259112,False,0.0,1.0,0.9334644667566986,True
FBgn0259113,False,0.0,1.0,0.9830700878789658,True
FBgn0259139,False,0.0,0.7142857142857143,0.9054567161842131,True
FBgn0259140,False,0.0,1.0,0.9925723680347601,True
FBgn0259141,False,0.0,1.0,0.97481063942223,True
FBgn0259142,False,0.0,1.0,0.9755152369209089,True
FBgn0259143,False,0.0,1.0,0.9816119624997554,True
FBgn0259144,False,0.0,1.0,0.9916329047031883,True
FBgn0259145,False,0.0,1.0,0.9686747695379014,True
FBgn0259146,False,0.0,0.5714285714285714,0.9194752705850117,True
FBgn0259147,False,0.0,1.0,0.976278550877811,True
FBgn0259148,False,0.0,1.0,0.9683567220558589,True
FBgn0259149,False,0.0,1.0,0.9133051494333861,True
FBgn0259150,False,0.0,1.0,0.9940304934139707,True
FBgn0259151,False,0.0,1.0,0.9917111933141526,True
FBgn0259152,False,0.0,0.7142857142857143,0.831659914273971,True
FBgn0259162,False,0.0,1.0,0.9603027812029045,True
FBgn0259163,False,0.0,1.0,0.9386902315385669,True
FBgn0259164,False,0.0,1.0,0.950325876343139,True
FBgn0259166,False,0.0,1.0,0.9793318067054195,True
FBgn0259167,False,0.0,1.0,0.9916133325504473,True
FBgn0259168,False,0.0,0.5714285714285714,0.822490360714775,True
FBgn0259170,False,0.0,0.5714285714285714,0.8110700095903549,True
FBgn0259171,False,0.0,1.0,0.9637621591998904,True
FBgn0259172,False,0.0,1.0,0.9129332785313057,True
FBgn0259173,False,0.0,1.0,0.9860841994010922,True
FBgn0259174,False,0.0,1.0,0.976513416710704,True
FBgn0259175,False,0.0,1.0,0.9616385806274832,True
FBgn0259176,False,0.0,0.7142857142857143,0.8745425009296772,True
FBgn0259178,False,0.0,1.0,0.9388272366077545,True
FBgn0259179,False,0.0,,0.9732742254320552,True
FBgn0259181,False,0.0,1.0,0.9423502241011489,True
FBgn0259182,False,0.0,1.0,0.9824144207621396,True
FBgn0259183,False,0.0,1.0,0.983960620828685,True
FBgn0259184,False,0.0,0.8571428571428571,0.8869316736147809,True
FBgn0259185,False,0.0,1.0,0.9538195056074218,True
FBgn0259186,False,0.0,0.5714285714285714,0.9194752705850117,True
FBgn0259187,False,0.0,1.0,0.9747861742313038,True
FBgn0259188,False,0.0,1.0,0.9986103771553834,True
FBgn0259189,False,0.0,1.0,0.9268099348247314,True
FBgn0259190,False,0.0,1.0,0.9810003327265966,True
FBgn0259192,False,0.0,1.0,0.9657976630849627,True
FBgn0259193,False,0.0,,0.9732742254320552,True
FBgn0259194,False,0.0,0.8571428571428571,0.9445863425518173,True
FBgn0259195,False,0.0,0.8571428571428571,0.9176942046855734,True
FBgn0259196,False,0.0,0.8571428571428571,0.9337531560096295,True
FBgn0259198,False,0.0,,0.9732742254320552,True
FBgn0259199,False,0.0,,0.9732742254320552,True
FBgn0259200,False,0.0,,0.9732742254320552,True
FBgn0259201,False,0.0,,0.9732742254320552,True
FBgn0259202,False,0.0,,0.9732742254320552,True
FBgn0259203,False,0.0,0.8571428571428571,0.9453692286614604,True
FBgn0259204,False,0.0,,0.9732742254320552,True
FBgn0259209,False,0.0,1.0,0.9224551308398411,True
FBgn0259210,False,0.0,0.8571428571428571,0.9034114262227703,True
FBgn0259211,False,0.0,1.0,0.9510206877654473,True
FBgn0259212,False,0.0,0.8571428571428571,0.9281506272874953,True
FBgn0259213,False,0.0,0.8571428571428571,0.935847376352925,True
FBgn0259214,False,0.0,0.8571428571428571,0.8767443681130488,True
FBgn0259215,False,0.0,0.5714285714285714,0.8002857534300197,True
FBgn0259216,False,0.0,0.5714285714285714,0.711545612901963,True
FBgn0259217,False,0.0,1.0,0.9922787857436439,True
FBgn0259219,False,0.0,0.8571428571428571,0.8936596011195271,True
FBgn0259220,False,0.0,1.0,0.967960385962852,True
FBgn0259221,False,0.0,0.5714285714285714,0.8426203198089758,True
FBgn0259222,False,0.0,1.0,0.9766504217798916,True
FBgn0259223,False,0.0,0.42857142857142855,0.8666842816041337,True
FBgn0259224,False,0.0,1.0,0.9993834771886559,True
FBgn0259225,False,0.0,0.5714285714285714,0.8348110308652849,True
FBgn0259226,False,0.0,1.0,0.9919460591470456,True
FBgn0259227,False,0.0,1.0,0.9354999706417708,True
FBgn0259228,False,0.0,1.0,0.9526256042902159,True
FBgn0259229,False,0.0,,0.9732742254320552,True
FBgn0259230,False,0.0,1.0,0.953550388507232,True
FBgn0259231,False,0.0,0.8571428571428571,0.9480310414342473,True
FBgn0259232,False,0.0,1.0,0.940667018965416,True
FBgn0259233,False,0.0,0.7142857142857143,0.8484821795549293,True
FBgn0259234,False,0.0,0.7142857142857143,0.9053686414968782,True
FBgn0259236,False,0.0,1.0,0.9991388252793925,True
FBgn0259237,False,0.0,0.5714285714285714,0.8090736500107647,True
FBgn0259238,False,0.0,0.8571428571428571,0.8676237449357055,True
FBgn0259239,False,0.0,0.42857142857142855,0.8018221674201945,True
FBgn0259240,False,0.0,1.0,0.9201162585872821,True
FBgn0259241,False,0.0,,0.9732742254320552,True
FBgn0259242,False,0.0,1.0,0.9783140547628834,True
FBgn0259243,False,0.0,1.0,0.9683616150940442,True
FBgn0259244,False,0.0,1.0,0.9616092223983715,True
FBgn0259245,False,0.0,0.8571428571428571,0.8993697766817372,True
FBgn0259246,False,0.0,1.0,0.9980917151077447,True
FBgn0259247,False,0.0,0.42857142857142855,0.7842268021059636,True
FBgn0259481,False,0.0,1.0,0.9461667938856595,True
FBgn0259482,False,0.0,0.7142857142857143,0.7749202434775802,True
FBgn0259483,False,0.0,1.0,0.9788425028868926,True
FBgn0259676,False,0.0,1.0,0.9691640733564285,True
FBgn0259677,False,0.0,0.5714285714285714,0.8165012819760045,True
FBgn0259678,False,0.0,0.8571428571428571,0.863484234630967,True
FBgn0259680,False,0.0,1.0,0.9737537431742117,True
FBgn0259682,False,0.0,1.0,0.9676080872135127,True
FBgn0259683,False,0.0,1.0,0.9946959466071673,True
FBgn0259685,False,0.0,0.8571428571428571,0.9119742430469927,True
FBgn0259697,False,0.0,1.0,0.9640263832618949,True
FBgn0259699,False,0.0,,0.9732742254320552,True
FBgn0259700,False,0.0,0.5714285714285714,0.7349147632748125,True
FBgn0259701,False,0.0,,0.9732742254320552,True
FBgn0259702,False,0.0,,0.9732742254320552,True
FBgn0259703,False,0.0,,0.9732742254320552,True
FBgn0259704,False,0.0,1.0,0.944092145695105,True
FBgn0259705,False,0.0,1.0,0.9535650676217877,True
FBgn0259707,False,0.0,0.8571428571428571,0.8670757246589552,True
FBgn0259708,False,0.0,,0.9732742254320552,True
FBgn0259709,False,0.0,,0.9732742254320552,True
FBgn0259710,False,0.0,0.8571428571428571,0.8467304718846026,True
FBgn0259711,False,0.0,1.0,0.9149002798817842,True
FBgn0259712,False,0.0,1.0,0.9643395377057522,True
FBgn0259713,False,0.0,,0.9732742254320552,True
FBgn0259714,False,0.0,1.0,0.9988256708355352,True
FBgn0259715,False,0.0,1.0,0.9997553480907365,True
FBgn0259716,False,0.0,1.0,0.9721977570312959,True
FBgn0259717,False,0.0,,0.9732742254320552,True
FBgn0259718,False,0.0,,0.9732742254320552,True
FBgn0259719,False,0.0,,0.9732742254320552,True
FBgn0259720,False,0.0,,0.9732742254320552,True
FBgn0259721,False,0.0,,0.9732742254320552,True
FBgn0259722,False,0.0,,0.9732742254320552,True
FBgn0259725,False,0.0,,0.9732742254320552,True
FBgn0259726,False,0.0,,0.9732742254320552,True
FBgn0259727,False,0.0,,0.9732742254320552,True
FBgn0259728,False,0.0,1.0,0.9258508993404184,True
FBgn0259729,False,0.0,,0.9732742254320552,True
FBgn0259730,False,0.0,,0.9732742254320552,True
FBgn0259731,False,0.0,,0.9732742254320552,True
FBgn0259732,False,0.0,,0.9732742254320552,True
FBgn0259733,False,0.0,,0.9732742254320552,True
FBgn0259734,False,0.0,1.0,0.9966923061867575,True
FBgn0259735,False,0.0,0.7142857142857143,0.8357700663495977,True
FBgn0259736,False,0.0,1.0,0.9778443230970975,True
FBgn0259737,False,0.0,0.7142857142857143,0.8557728064509815,True
FBgn0259738,False,0.0,0.42857142857142855,0.8972755563384417,True
FBgn0259739,False,0.0,0.8571428571428571,0.8523085354158104,True
FBgn0259740,False,0.0,0.8571428571428571,0.8569373495390757,True
FBgn0259741,False,0.0,1.0,0.9984831581625663,True
FBgn0259742,False,0.0,0.7142857142857143,0.8270408862270762,True
FBgn0259743,False,0.0,1.0,0.9354118959544361,True
FBgn0259744,False,0.0,0.5714285714285714,0.8022527547804983,True
FBgn0259745,False,0.0,0.8571428571428571,0.8733975299943241,True
FBgn0259748,False,0.0,,0.9732742254320552,True
FBgn0259749,False,0.0,1.0,0.9961442859100073,True
FBgn0259750,False,0.0,0.5714285714285714,0.7636956138805707,True
FBgn0259784,False,0.0,0.8571428571428571,0.8455855009492494,True
FBgn0259785,False,0.0,1.0,0.957430567788151,True
FBgn0259789,False,0.0,1.0,0.9211437966061887,True
FBgn0259791,False,0.0,1.0,0.9695653024876206,True
FBgn0259794,False,0.0,1.0,0.979449239621866,True
FBgn0259795,False,0.0,0.8571428571428571,0.9480310414342473,True
FBgn0259818,False,0.0,1.0,0.9315463957880727,True
FBgn0259819,False,0.0,0.8571428571428571,0.923286947331337,True
FBgn0259822,False,0.0,0.8571428571428571,0.9216086352337893,True
FBgn0259823,False,0.0,0.42857142857142855,0.7240326463507721,True
FBgn0259824,False,0.0,0.8571428571428571,0.9189223572700761,True
FBgn0259831,False,0.0,0.8571428571428571,0.9710283209050163,True
FBgn0259832,False,0.0,0.8571428571428571,0.8709020805198364,True
FBgn0259834,False,0.0,1.0,0.9849490145421095,True
FBgn0259876,False,0.0,0.8571428571428571,0.9140782494666588,True
FBgn0259878,False,0.0,0.8571428571428571,0.9170336445305619,True
FBgn0259896,False,0.0,1.0,0.9435049811128726,True
FBgn0259916,False,0.0,0.8571428571428571,0.8344880903450571,True
FBgn0259917,False,0.0,,0.9732742254320552,True
FBgn0259918,False,0.0,0.8571428571428571,0.8596872369991976,True
FBgn0259922,False,0.0,0.8571428571428571,0.9585461804943926,True
FBgn0259923,False,0.0,1.0,0.9880512007515707,True
FBgn0259926,False,0.0,1.0,0.9157908128315033,True
FBgn0259927,False,0.0,1.0,0.9556152506214158,True
FBgn0259932,False,0.0,,0.9732742254320552,True
FBgn0259933,False,0.0,,0.9732742254320552,True
FBgn0259934,False,0.0,,0.9732742254320552,True
FBgn0259935,False,0.0,1.0,0.9987278100718298,True
FBgn0259936,False,0.0,0.8571428571428571,0.8905916661773629,True
FBgn0259937,False,0.0,1.0,0.9435245532656137,True
FBgn0259938,False,0.0,1.0,0.9781672636173253,True
FBgn0259949,False,0.0,,0.9732742254320552,True
FBgn0259950,False,0.0,0.8571428571428571,0.9801636231969154,True
FBgn0259951,False,0.0,,0.9732742254320552,True
FBgn0259952,False,0.0,,0.9732742254320552,True
FBgn0259953,False,0.0,,0.9732742254320552,True
FBgn0259954,False,0.0,,0.9732742254320552,True
FBgn0259955,False,0.0,0.8571428571428571,0.9801636231969154,True
FBgn0259956,False,0.0,,0.9732742254320552,True
FBgn0259957,False,0.0,1.0,0.9641291370637857,True
FBgn0259958,False,0.0,,0.9732742254320552,True
FBgn0259959,False,0.0,,0.9732742254320552,True
FBgn0259960,False,0.0,,0.9732742254320552,True
FBgn0259961,False,0.0,0.8571428571428571,0.9650881725480985,True
FBgn0259962,False,0.0,0.8571428571428571,0.9598428356134892,True
FBgn0259963,False,0.0,,0.9732742254320552,True
FBgn0259964,False,0.0,0.8571428571428571,0.9801636231969154,True
FBgn0259965,False,0.0,,0.9732742254320552,True
FBgn0259966,False,0.0,0.8571428571428571,0.9650881725480985,True
FBgn0259967,False,0.0,1.0,0.9672900397314701,True
FBgn0259968,False,0.0,,0.9732742254320552,True
FBgn0259969,False,0.0,,0.9732742254320552,True
FBgn0259970,False,0.0,,0.9732742254320552,True
FBgn0259971,False,0.0,,0.9732742254320552,True
FBgn0259972,False,0.0,,0.9732742254320552,True
FBgn0259973,False,0.0,,0.9732742254320552,True
FBgn0259974,False,0.0,,0.9732742254320552,True
FBgn0259975,False,0.0,,0.9732742254320552,True
FBgn0259977,False,0.0,1.0,0.9793611649345312,True
FBgn0259978,False,0.0,0.42857142857142855,0.7846573894662674,True
FBgn0259979,False,0.0,1.0,0.9558745816452352,True
FBgn0259982,False,0.0,1.0,0.9400309240013309,True
FBgn0259984,False,0.0,1.0,0.9837844714540153,True
FBgn0259985,False,0.0,0.5714285714285714,0.8025463370716145,True
FBgn0259986,False,0.0,1.0,0.9529681169631847,True
FBgn0259989,False,0.0,,0.9732742254320552,True
FBgn0259990,False,0.0,0.8571428571428571,0.8840545671618422,True
FBgn0259991,False,0.0,1.0,0.95777308046112,True
FBgn0259992,False,0.0,1.0,0.9807556808173331,True
FBgn0259993,False,0.0,0.7142857142857143,0.820298279607774,True
FBgn0259994,False,0.0,0.7142857142857143,0.8025756953007261,True
FBgn0259995,False,0.0,0.8571428571428571,0.9465533439022958,True
FBgn0259996,False,0.0,1.0,0.9585657526471336,True
FBgn0259997,False,0.0,1.0,0.9676912688626622,True
FBgn0259998,False,0.0,0.8571428571428571,0.9473460160883096,True
FBgn0259999,False,0.0,,0.9732742254320552,True
FBgn0260000,False,0.0,1.0,0.9877478323840839,True
FBgn0260002,False,0.0,0.5714285714285714,0.8510705967549371,True
FBgn0260003,False,0.0,0.7142857142857143,0.8920497915565733,True
FBgn0260004,False,0.0,0.7142857142857143,0.8387058892607597,True
FBgn0260005,False,0.0,1.0,0.993022527547805,True
FBgn0260006,False,0.0,1.0,0.9688802771416828,True
FBgn0260007,False,0.0,1.0,0.9747861742313038,True
FBgn0260010,False,0.0,1.0,0.9293249564519601,True
FBgn0260011,True,0.0,1.0,0.9999217113890356,False
FBgn0260012,False,0.0,1.0,0.9383770770947096,True
FBgn0260026,False,0.0,0.8571428571428571,0.924989724619811,True
FBgn0260027,False,0.0,0.8571428571428571,0.8671540132699196,True
FBgn0260049,False,0.0,1.0,0.9663848276671951,True
FBgn0260222,False,0.0,,0.9732742254320552,True
FBgn0260223,False,0.0,,0.9732742254320552,True
FBgn0260224,False,0.0,,0.9732742254320552,True
FBgn0260225,False,0.0,,0.9732742254320552,True
FBgn0260226,False,0.0,,0.9732742254320552,True
FBgn0260228,False,0.0,,0.9732742254320552,True
FBgn0260229,False,0.0,,0.9732742254320552,True
FBgn0260230,False,0.0,,0.9732742254320552,True
FBgn0260231,False,0.0,,0.9732742254320552,True
FBgn0260232,False,0.0,,0.9732742254320552,True
FBgn0260233,False,0.0,,0.9732742254320552,True
FBgn0260234,False,0.0,,0.9732742254320552,True
FBgn0260235,False,0.0,,0.9732742254320552,True
FBgn0260236,False,0.0,,0.9732742254320552,True
FBgn0260237,False,0.0,,0.9732742254320552,True
FBgn0260238,False,0.0,,0.9732742254320552,True
FBgn0260241,False,0.0,,0.9732742254320552,True
FBgn0260243,False,0.0,0.8571428571428571,0.9104084708277064,True
FBgn0260386,False,0.0,0.7142857142857143,0.8340575029847532,True
FBgn0260387,False,0.0,0.7142857142857143,0.8802526764918873,True
FBgn0260388,False,0.0,0.8571428571428571,0.8919617168692384,True
FBgn0260390,False,0.0,,0.9732742254320552,True
FBgn0260392,False,0.0,1.0,0.9728729963008631,True
FBgn0260393,False,0.0,0.7142857142857143,0.8618254946861605,True
FBgn0260394,False,0.0,,0.9732742254320552,True
FBgn0260395,False,0.0,,0.9732742254320552,True
FBgn0260396,False,0.0,,0.9732742254320552,True
FBgn0260397,False,0.0,1.0,0.953388918247118,True
FBgn0260398,False,0.0,,0.9732742254320552,True
FBgn0260399,False,0.0,1.0,0.9597792261170806,True
FBgn0260400,False,0.0,1.0,0.9838431879122385,True
FBgn0260401,False,0.0,,0.9732742254320552,True
FBgn0260407,False,0.0,0.5714285714285714,0.7892666314367918,True
FBgn0260428,False,0.0,,0.9732742254320552,True
FBgn0260429,False,0.0,1.0,0.9982091480241911,True
FBgn0260430,False,0.0,1.0,0.925244162605445,True
FBgn0260431,False,0.0,1.0,0.9835593916974928,True
FBgn0260432,False,0.0,,0.9732742254320552,True
FBgn0260434,False,0.0,,0.9732742254320552,True
FBgn0260436,False,0.0,0.8571428571428571,0.9446059147045583,True
FBgn0260437,False,0.0,0.8571428571428571,0.9650881725480985,True
FBgn0260439,False,0.0,1.0,0.9786957117413344,True
FBgn0260440,False,0.0,1.0,0.9696925214804376,True
FBgn0260441,False,0.0,1.0,0.9357250503982933,True
FBgn0260442,False,0.0,0.5714285714285714,0.8289589571957019,True
FBgn0260444,False,0.0,1.0,0.9159571761298025,True
FBgn0260446,False,0.0,0.8571428571428571,0.9650881725480985,True
FBgn0260447,False,0.0,0.8571428571428571,0.9120672107725128,True
FBgn0260450,False,0.0,1.0,0.9895484704362633,True
FBgn0260451,False,0.0,,0.9732742254320552,True
FBgn0260452,False,0.0,,0.9732742254320552,True
FBgn0260453,False,0.0,,0.9732742254320552,True
FBgn0260454,False,0.0,,0.9732742254320552,True
FBgn0260455,False,0.0,,0.9732742254320552,True
FBgn0260456,False,0.0,1.0,0.9461667938856595,True
FBgn0260457,False,0.0,0.8571428571428571,0.8833010392813105,True
FBgn0260458,False,0.0,1.0,0.9130409253713816,True
FBgn0260459,False,0.0,,0.9732742254320552,True
FBgn0260460,False,0.0,1.0,0.9746149178948192,True
FBgn0260461,False,0.0,1.0,0.9745953457420782,True
FBgn0260462,False,0.0,1.0,0.924011116982757,True
FBgn0260463,False,0.0,1.0,0.9695750885639911,True
FBgn0260464,False,0.0,,0.9732742254320552,True
FBgn0260465,False,0.0,0.8571428571428571,0.8971091930401425,True
FBgn0260466,False,0.0,,0.9732742254320552,True
FBgn0260467,False,0.0,0.8571428571428571,0.9598428356134892,True
FBgn0260468,False,0.0,0.8571428571428571,0.9710283209050163,True
FBgn0260470,False,0.0,,0.9732742254320552,True
FBgn0260471,False,0.0,0.8571428571428571,0.9236930695007144,True
FBgn0260473,False,0.0,,0.9732742254320552,True
FBgn0260474,False,0.0,1.0,0.9572152741079991,True
FBgn0260475,False,0.0,1.0,0.9664435441254183,True
FBgn0260477,False,0.0,0.7142857142857143,0.8279216331004248,True
FBgn0260478,False,0.0,1.0,0.9033331376118059,True
FBgn0260479,False,0.0,,0.9732742254320552,True
FBgn0260480,False,0.0,0.8571428571428571,0.8855322646937936,True
FBgn0260481,False,0.0,1.0,0.9685377644687139,True
FBgn0260482,False,0.0,1.0,0.967089425165874,True
FBgn0260484,False,0.0,1.0,0.992768089562171,True
FBgn0260486,False,0.0,1.0,0.9966629479576459,True
FBgn0260487,False,0.0,0.5714285714285714,0.8734268882234357,True
FBgn0260499,False,0.0,0.42857142857142855,0.8639588593349382,True
FBgn0260632,False,0.0,1.0,0.9863679956158378,True
FBgn0260633,False,0.0,,0.9732742254320552,True
FBgn0260634,False,0.0,1.0,0.9405887303544517,True
FBgn0260635,False,0.0,1.0,0.9779519699371734,True
FBgn0260639,False,0.0,1.0,0.9828841524279256,True
FBgn0260642,False,0.0,0.42857142857142855,0.8399682931125594,True
FBgn0260643,False,0.0,,0.9732742254320552,True
FBgn0260644,False,0.0,,0.9732742254320552,True
FBgn0260645,False,0.0,0.8571428571428571,0.8746012173879005,True
FBgn0260646,False,0.0,1.0,0.9636594053979998,True
FBgn0260648,False,0.0,0.7142857142857143,0.8716164640948858,True
FBgn0260653,False,0.0,0.7142857142857143,0.8837707709470964,True
FBgn0260655,False,0.0,1.0,0.951539349813086,True
FBgn0260656,False,0.0,0.8571428571428571,0.9585461804943926,True
FBgn0260657,False,0.0,0.42857142857142855,0.7787759575675728,True
FBgn0260658,False,0.0,0.8571428571428571,0.8592957939443759,True
FBgn0260659,False,0.0,1.0,0.9467246002387802,True
FBgn0260660,False,0.0,1.0,0.9857710449572349,True
FBgn0260713,False,0.0,,0.9732742254320552,True
FBgn0260718,False,0.0,1.0,0.9354608263362887,True
FBgn0260719,False,0.0,1.0,0.9694625486857299,True
FBgn0260720,False,0.0,0.42857142857142855,0.737331924138336,True
FBgn0260721,False,0.0,,0.9732742254320552,True
FBgn0260722,False,0.0,0.5714285714285714,0.7426946939893919,True
FBgn0260723,False,0.0,0.42857142857142855,0.591646605210107,True
FBgn0260724,False,0.0,1.0,0.9414205468459476,True
FBgn0260741,False,0.0,1.0,0.9763470534124048,True
FBgn0260742,False,0.0,1.0,0.9565302487620613,True
FBgn0260743,False,0.0,0.8571428571428571,0.9070909909380933,True
FBgn0260744,False,0.0,1.0,0.9681365353375218,True
FBgn0260745,False,0.0,1.0,0.9942849313996046,True
FBgn0260746,False,0.0,1.0,0.9912218894956256,True
FBgn0260747,False,0.0,1.0,0.9433190456618323,True
FBgn0260748,False,0.0,1.0,0.9845869297163995,True
FBgn0260749,False,0.0,1.0,0.9597694400407101,True
FBgn0260750,False,0.0,1.0,0.9663163251326014,True
FBgn0260753,False,0.0,1.0,0.9945687276143502,True
FBgn0260754,False,0.0,,0.9732742254320552,True
FBgn0260755,False,0.0,1.0,0.9526353903665864,True
FBgn0260756,False,0.0,1.0,0.9589474096255848,True
FBgn0260757,False,0.0,0.8571428571428571,0.8905720940246218,True
FBgn0260758,False,0.0,0.5714285714285714,0.796175601354393,True
FBgn0260759,False,0.0,,0.9732742254320552,True
FBgn0260760,False,0.0,,0.9732742254320552,True
FBgn0260761,False,0.0,,0.9732742254320552,True
FBgn0260762,False,0.0,,0.9732742254320552,True
FBgn0260763,False,0.0,1.0,0.9497582839136477,True
FBgn0260764,False,0.0,1.0,0.9186483471317011,True
FBgn0260766,False,0.0,0.7142857142857143,0.8713228818037696,True
FBgn0260767,False,0.0,1.0,0.9813085941322686,True
FBgn0260768,False,0.0,1.0,0.9960366390699313,True
FBgn0260770,False,0.0,,0.9732742254320552,True
FBgn0260771,False,0.0,0.8571428571428571,0.9072279960072809,True
FBgn0260775,False,0.0,,0.9732742254320552,True
FBgn0260776,False,0.0,0.42857142857142855,0.865040220773883,True
FBgn0260777,False,0.0,1.0,0.9657878770085921,True
FBgn0260779,False,0.0,1.0,0.9810933004521167,True
FBgn0260780,False,0.0,1.0,0.945922141976396,True
FBgn0260789,False,0.0,1.0,0.9685181923159728,True
FBgn0260793,False,0.0,0.8571428571428571,0.9171902217524905,True
FBgn0260794,False,0.0,1.0,0.9612471375726617,True
FBgn0260795,False,0.0,1.0,0.9882664944317225,True
FBgn0260798,False,0.0,0.8571428571428571,0.8688959348638756,True
FBgn0260799,False,0.0,0.5714285714285714,0.6958096020981348,True
FBgn0260812,False,0.0,0.8571428571428571,0.9650881725480985,True
FBgn0260817,False,0.0,1.0,0.9793024484763079,True
FBgn0260855,False,0.0,1.0,0.9308907286712466,True
FBgn0260856,False,0.0,0.8571428571428571,0.886461941948995,True
FBgn0260857,False,0.0,1.0,0.9741941166108861,True
FBgn0260858,False,0.0,1.0,0.9592801362221831,True
FBgn0260859,False,0.0,1.0,0.9274656019415576,True
FBgn0260860,False,0.0,0.8571428571428571,0.8853854735482356,True
FBgn0260861,False,0.0,1.0,0.9348345174485742,True
FBgn0260862,False,0.0,0.8571428571428571,0.9183841230696964,True
FBgn0260866,False,0.0,1.0,0.9861918462411681,True
FBgn0260867,False,0.0,0.8571428571428571,0.9465533439022958,True
FBgn0260868,False,0.0,0.8571428571428571,0.9801636231969154,True
FBgn0260869,False,0.0,,0.9732742254320552,True
FBgn0260870,False,0.0,,0.9732742254320552,True
FBgn0260871,False,0.0,1.0,0.9377409821306245,True
FBgn0260872,False,0.0,,0.9732742254320552,True
FBgn0260873,False,0.0,,0.9732742254320552,True
FBgn0260874,False,0.0,1.0,0.9716888810600278,True
FBgn0260932,False,0.0,1.0,0.9232673751785959,True
FBgn0260933,False,0.0,1.0,0.997445834067289,True
FBgn0260934,False,0.0,1.0,0.9820621220128002,True
FBgn0260935,False,0.0,0.7142857142857143,0.89905662223788,True
FBgn0260936,False,0.0,1.0,0.9879729121406063,True
FBgn0260937,False,0.0,0.42857142857142855,0.7943358189967314,True
FBgn0260938,False,0.0,1.0,0.965259428884583,True
FBgn0260939,False,0.0,0.8571428571428571,0.9004266729297555,True
FBgn0260940,False,0.0,1.0,0.9693597948838393,True
FBgn0260941,False,0.0,1.0,0.9770418648347132,True
FBgn0260942,False,0.0,1.0,0.9585657526471336,True
FBgn0260943,False,0.0,1.0,0.9154385140821639,True
FBgn0260944,False,0.0,1.0,0.9391893214334645,True
FBgn0260945,False,0.0,1.0,0.9651028516626544,True
FBgn0260946,False,0.0,1.0,0.9724521950169299,True
FBgn0260952,False,0.0,1.0,0.988149061515276,True
FBgn0260953,False,0.0,,0.9732742254320552,True
FBgn0260954,False,0.0,,0.9732742254320552,True
FBgn0260955,False,0.0,,0.9732742254320552,True
FBgn0260959,False,0.0,1.0,0.967343863151508,True
FBgn0260960,False,0.0,1.0,0.9917992680014874,True
FBgn0260962,False,0.0,0.8571428571428571,0.9321237742939346,True
FBgn0260963,False,0.0,1.0,0.995615837785998,True
FBgn0260964,False,0.0,0.7142857142857143,0.8484919656312998,True
FBgn0260965,False,0.0,1.0,0.9746442761239309,True
FBgn0260966,False,0.0,1.0,0.9982385062533028,True
FBgn0260967,False,0.0,1.0,0.946827354040671,True
FBgn0260968,False,0.0,1.0,0.9735090912649482,True
FBgn0260969,False,0.0,0.8571428571428571,0.9279597987982698,True
FBgn0260970,False,0.0,1.0,0.9497582839136476,True
FBgn0260971,False,0.0,0.8571428571428571,0.8933366605992993,True
FBgn0260972,False,0.0,1.0,0.9263989196171687,True
FBgn0260985,False,0.0,1.0,0.9196563129978667,True
FBgn0260986,False,0.0,0.8571428571428571,0.9072573542363925,True
FBgn0260990,False,0.0,1.0,0.9773060888967178,True
FBgn0260991,False,0.0,1.0,0.9335427553676628,True
FBgn0260992,False,0.0,1.0,0.9936096921300374,True
FBgn0260993,False,0.0,1.0,0.9843129195780244,True
FBgn0260996,False,0.0,0.8571428571428571,0.9275977139725599,True
FBgn0261004,False,0.0,1.0,0.9710723582486838,True
FBgn0261014,False,0.0,1.0,0.9621180983696397,True
FBgn0261015,False,0.0,1.0,0.9992366860430979,True
FBgn0261016,False,0.0,0.42857142857142855,0.7711623901512927,True
FBgn0261019,False,0.0,,0.9732742254320552,True
FBgn0261020,False,0.0,1.0,0.92696651204666,True
FBgn0261041,False,0.0,1.0,0.9660618871469673,True
FBgn0261046,False,0.0,,0.9732742254320552,True
FBgn0261049,False,0.0,0.5714285714285714,0.8249858101892626,True
FBgn0261053,False,0.0,1.0,0.99438279216331,True
FBgn0261054,False,0.0,,0.9732742254320552,True
FBgn0261055,False,0.0,0.5714285714285714,0.8398263950051866,True
FBgn0261056,False,0.0,,0.9732742254320552,True
FBgn0261057,False,0.0,,0.9732742254320552,True
FBgn0261058,False,0.0,0.42857142857142855,0.83390581880101,True
FBgn0261059,False,0.0,1.0,0.9413422582349833,True
FBgn0261060,False,0.0,,0.9732742254320552,True
FBgn0261061,False,0.0,0.8571428571428571,0.9710283209050163,True
FBgn0261064,False,0.0,1.0,0.9816217485761258,True
FBgn0261065,False,0.0,1.0,0.9784902041375532,True
FBgn0261067,False,0.0,1.0,0.9886775096392852,True
FBgn0261068,False,0.0,1.0,0.9327207249525375,True
FBgn0261085,False,0.0,0.7142857142857143,0.8776153289100268,True
FBgn0261086,False,0.0,1.0,0.9548861879318106,True
FBgn0261089,False,0.0,0.7142857142857143,0.8317186307321942,True
FBgn0261090,False,0.0,0.8571428571428571,0.8736226097508465,True
FBgn0261108,False,0.0,0.7142857142857143,0.8472784921613528,True
FBgn0261109,False,0.0,1.0,0.9963791517429001,True
FBgn0261111,False,0.0,0.7142857142857143,0.844019728729963,True
FBgn0261112,False,0.0,1.0,0.9761806901141057,True
FBgn0261113,False,0.0,1.0,0.968302898635821,True
FBgn0261119,False,0.0,0.7142857142857143,0.8752568845047267,True
FBgn0261238,False,0.0,1.0,0.9987180239954593,True
FBgn0261239,False,0.0,0.8571428571428571,0.9104965455150412,True
FBgn0261241,False,0.0,0.5714285714285714,0.841935294463038,True
FBgn0261243,False,0.0,1.0,0.9645939756913863,True
FBgn0261244,False,0.0,1.0,0.982277415692952,True
FBgn0261245,False,0.0,0.8571428571428571,0.9141761102303643,True
FBgn0261258,False,0.0,1.0,0.9955766934805159,True
FBgn0261259,False,0.0,1.0,0.9683616150940442,True
FBgn0261260,False,0.0,1.0,0.9743702659855558,True
FBgn0261261,False,0.0,1.0,0.9850175170767033,True
FBgn0261262,False,0.0,0.7142857142857143,0.8500968821560684,True
FBgn0261263,False,0.0,1.0,0.9814162409723446,True
FBgn0261266,False,0.0,0.7142857142857143,0.8429921907110562,True
FBgn0261267,False,0.0,0.8571428571428571,0.9585461804943926,True
FBgn0261268,False,0.0,0.5714285714285714,0.8427671109545338,True
FBgn0261269,False,0.0,1.0,0.950218229503063,True
FBgn0261270,False,0.0,1.0,0.9381813555672989,True
FBgn0261274,False,0.0,1.0,0.9689194214471649,True
FBgn0261276,False,0.0,1.0,0.9866224336014718,True
FBgn0261277,False,0.0,1.0,0.9819544751727243,True
FBgn0261278,False,0.0,1.0,0.9976415555946998,True
FBgn0261279,False,0.0,1.0,0.951921006791537,True
FBgn0261283,False,0.0,1.0,0.9549351183136633,True
FBgn0261284,True,0.0,1.0,0.999872781007183,False
FBgn0261285,False,0.0,1.0,0.9923375022018672,True
FBgn0261286,False,0.0,1.0,0.9373886833812851,True
FBgn0261287,False,0.0,0.8571428571428571,0.8692482336132151,True
FBgn0261289,False,0.0,0.8571428571428571,0.9801636231969154,True
FBgn0261290,False,0.0,,0.9732742254320552,True
FBgn0261291,False,0.0,0.8571428571428571,0.9801636231969154,True
FBgn0261292,False,0.0,0.8571428571428571,0.9585461804943926,True
FBgn0261293,False,0.0,,0.9732742254320552,True
FBgn0261294,False,0.0,,0.9732742254320552,True
FBgn0261341,False,0.0,1.0,0.9955179770222927,True
FBgn0261342,False,0.0,0.8571428571428571,0.8634450903254849,True
FBgn0261349,False,0.0,0.7142857142857143,0.8179300491261033,True
FBgn0261350,False,0.0,1.0,0.9634294326032921,True
FBgn0261353,False,0.0,,0.9732742254320552,True
FBgn0261356,False,0.0,0.7142857142857143,0.8805854030884857,True
FBgn0261357,False,0.0,,0.9732742254320552,True
FBgn0261358,False,0.0,,0.9732742254320552,True
FBgn0261359,False,0.0,1.0,0.9284833538840938,True
FBgn0261360,False,0.0,0.42857142857142855,0.8431291957802438,True
FBgn0261361,False,0.0,0.8571428571428571,0.9465533439022958,True
FBgn0261362,False,0.0,1.0,0.9998042784725892,True
FBgn0261363,False,0.0,0.8571428571428571,0.860293973734171,True
FBgn0261373,False,0.0,1.0,0.9313311021079208,True
FBgn0261379,False,0.0,0.42857142857142855,0.8399682931125594,True
FBgn0261380,False,0.0,0.42857142857142855,0.8042882586655706,True
FBgn0261381,False,0.0,,0.9732742254320552,True
FBgn0261383,False,0.0,1.0,0.9716301646018045,True
FBgn0261385,False,0.0,1.0,0.9416945569843227,True
FBgn0261387,False,0.0,0.5714285714285714,0.7554753097293172,True
FBgn0261388,False,0.0,1.0,0.9928561642495058,True
FBgn0261393,False,0.0,0.8571428571428571,0.9134519405789443,True
FBgn0261394,False,0.0,1.0,0.9616287945511127,True
FBgn0261395,False,0.0,,0.9732742254320552,True
FBgn0261396,False,0.0,1.0,0.9846750044037345,True
FBgn0261397,False,0.0,1.0,0.95179378779872,True
FBgn0261401,False,0.0,0.8571428571428571,0.9473460160883096,True
FBgn0261402,False,0.0,1.0,0.9552238075665942,True
FBgn0261403,False,0.0,0.5714285714285714,0.7157340535885542,True
FBgn0261429,False,0.0,1.0,0.9579785880649012,True
FBgn0261430,False,0.0,1.0,0.995234180807547,True
FBgn0261434,False,0.0,0.8571428571428571,0.923286947331337,True
FBgn0261436,False,0.0,0.5714285714285714,0.8549409899594856,True
FBgn0261437,False,0.0,0.8571428571428571,0.8399487209598184,True
FBgn0261439,False,0.0,1.0,0.9269762981230305,True
FBgn0261444,False,0.0,1.0,0.9978372771221107,True
FBgn0261445,False,0.0,1.0,0.979449239621866,True
FBgn0261446,False,0.0,1.0,0.9888047286321022,True
FBgn0261451,False,0.0,1.0,0.9562855968527978,True
FBgn0261456,False,0.0,1.0,0.9700937506116297,True
FBgn0261458,False,0.0,1.0,0.9680484606501869,True
FBgn0261461,False,0.0,1.0,0.9647603389896855,True
FBgn0261477,False,0.0,1.0,0.9720901101912199,True
FBgn0261479,False,0.0,0.7142857142857143,0.8632297966453331,True
FBgn0261501,False,0.0,1.0,0.9709157810267551,True
FBgn0261502,False,0.0,,0.9732742254320552,True
FBgn0261503,False,0.0,,0.9732742254320552,True
FBgn0261504,False,0.0,,0.9732742254320552,True
FBgn0261506,False,0.0,1.0,0.9700594993443329,True
FBgn0261507,False,0.0,0.8571428571428571,0.9253224512164093,True
FBgn0261508,False,0.0,0.8571428571428571,0.8909439649267022,True
FBgn0261509,False,0.0,0.8571428571428571,0.8770673086332765,True
FBgn0261514,False,0.0,1.0,0.9693646879220246,True
FBgn0261522,False,0.0,0.8571428571428571,0.9801636231969154,True
FBgn0261523,False,0.0,0.8571428571428571,0.9465533439022958,True
FBgn0261524,False,0.0,1.0,0.9803397725715851,True
FBgn0261526,False,0.0,0.8571428571428571,0.9585461804943926,True
FBgn0261529,False,0.0,1.0,0.9530366194977785,True
FBgn0261530,False,0.0,0.5714285714285714,0.8285968723699919,True
FBgn0261531,False,0.0,0.8571428571428571,0.9585461804943926,True
FBgn0261532,False,0.0,0.42857142857142855,0.841935294463038,True
FBgn0261534,False,0.0,0.5714285714285714,0.8649423600101775,True
FBgn0261535,False,0.0,1.0,0.9632826414577339,True
FBgn0261536,False,0.0,,0.9732742254320552,True
FBgn0261537,False,0.0,,0.9732742254320552,True
FBgn0261538,False,0.0,,0.9732742254320552,True
FBgn0261545,False,0.0,1.0,0.996320435284677,True
FBgn0261546,False,0.0,1.0,0.9993443328831738,True
FBgn0261547,False,0.0,1.0,0.9959387783062259,True
FBgn0261548,False,0.0,1.0,0.9761024015031413,True
FBgn0261549,False,0.0,1.0,0.9448261014228955,True
FBgn0261550,False,0.0,1.0,0.9792437320180847,True
FBgn0261551,False,0.0,1.0,0.9213003738281174,True
FBgn0261552,False,0.0,1.0,0.999853208854442,True
FBgn0261553,False,0.0,1.0,0.9802419118078798,True
FBgn0261554,False,0.0,0.7142857142857143,0.8664298436184996,True
FBgn0261555,False,0.0,1.0,0.9954201162585873,True
FBgn0261556,False,0.0,1.0,0.9652887871136946,True
FBgn0261560,False,0.0,1.0,0.9988256708355352,True
FBgn0261561,False,0.0,1.0,0.9966335897285342,True
FBgn0261562,False,0.0,0.8571428571428571,0.9190397901865226,True
FBgn0261563,False,0.0,1.0,0.9977394163584052,True
FBgn0261564,False,0.0,0.8571428571428571,0.9221321903196132,True
FBgn0261565,False,0.0,1.0,0.9778345370207269,True
FBgn0261566,False,0.0,,0.9732742254320552,True
FBgn0261567,False,0.0,,0.9732742254320552,True
FBgn0261568,False,0.0,0.8571428571428571,0.9473460160883096,True
FBgn0261569,False,0.0,0.8571428571428571,0.9577094709647114,True
FBgn0261570,False,0.0,1.0,0.9807018573972952,True
FBgn0261571,False,0.0,0.8571428571428571,0.9801636231969154,True
FBgn0261572,False,0.0,1.0,0.9764547002524808,True
FBgn0261573,False,0.0,1.0,0.9364394339733427,True
FBgn0261574,False,0.0,0.7142857142857143,0.7971639950678175,True
FBgn0261575,False,0.0,0.7142857142857143,0.7258626426320631,True
